"ano","cve_mun","delitos"
2011,"01001",144.431833891153
2012,"01001",108.566210710128
2013,"01001",81.424658032596
2014,"01001",134.738422220605
2015,"01001",114
2016,"01001",132
2017,"01001",157
2018,"01001",190
2019,"01001",160
2020,"01001",123
2021,"01001",117
2022,"01001",103
2023,"01001",112
2024,"01001",114
2025,"01001",104
2011,"01002",9.69341167054715
2012,"01002",10.6627528376019
2013,"01002",16.4787998399302
2014,"01002",9.69341167054715
2015,"01002",10
2016,"01002",12
2017,"01002",15
2018,"01002",16
2019,"01002",15
2020,"01002",6
2021,"01002",12
2022,"01002",12
2023,"01002",15
2024,"01002",20
2025,"01002",11
2011,"01003",9.69341167054715
2012,"01003",4.84670583527357
2013,"01003",6.785388169383
2014,"01003",11.6320940046566
2015,"01003",11
2016,"01003",14
2017,"01003",12
2018,"01003",11
2019,"01003",12
2020,"01003",11
2021,"01003",13
2022,"01003",19
2023,"01003",12
2024,"01003",9
2025,"01003",7
2011,"01004",3.87736466821886
2012,"01004",3.87736466821886
2013,"01004",2.90802350116414
2014,"01004",4.84670583527357
2015,"01004",4
2016,"01004",2
2017,"01004",5
2018,"01004",4
2019,"01004",1
2020,"01004",6
2021,"01004",4
2022,"01004",7
2023,"01004",6
2024,"01004",5
2025,"01004",5
2011,"01005",16.4787998399302
2012,"01005",18.4174821740396
2013,"01005",19.3868233410943
2014,"01005",20.356164508149
2015,"01005",23
2016,"01005",20
2017,"01005",26
2018,"01005",24
2019,"01005",23
2020,"01005",28
2021,"01005",22
2022,"01005",19
2023,"01005",32
2024,"01005",35
2025,"01005",25
2011,"01006",10.6627528376019
2012,"01006",11.6320940046566
2013,"01006",10.6627528376019
2014,"01006",8.72407050349243
2015,"01006",8
2016,"01006",11
2017,"01006",12
2018,"01006",8
2019,"01006",9
2020,"01006",12
2021,"01006",9
2022,"01006",11
2023,"01006",21
2024,"01006",19
2025,"01006",19
2011,"01007",10.6627528376019
2012,"01007",8.72407050349243
2013,"01007",7.75472933643772
2014,"01007",11.6320940046566
2015,"01007",14
2016,"01007",22
2017,"01007",9
2018,"01007",10
2019,"01007",14
2020,"01007",12
2021,"01007",9
2022,"01007",20
2023,"01007",18
2024,"01007",13
2025,"01007",17
2011,"01008",0
2012,"01008",0.969341167054715
2013,"01008",0.969341167054715
2014,"01008",3.87736466821886
2015,"01008",1
2016,"01008",3
2017,"01008",1
2018,"01008",1
2019,"01008",0
2020,"01008",1
2021,"01008",1
2022,"01008",5
2023,"01008",1
2024,"01008",1
2025,"01008",2
2011,"01009",6.785388169383
2012,"01009",4.84670583527357
2013,"01009",1.93868233410943
2014,"01009",8.72407050349243
2015,"01009",4
2016,"01009",1
2017,"01009",5
2018,"01009",5
2019,"01009",4
2020,"01009",3
2021,"01009",8
2022,"01009",8
2023,"01009",2
2024,"01009",4
2025,"01009",6
2011,"01010",3.87736466821886
2012,"01010",5.81604700232829
2013,"01010",4.84670583527357
2014,"01010",8.72407050349243
2015,"01010",12
2016,"01010",6
2017,"01010",7
2018,"01010",7
2019,"01010",9
2020,"01010",7
2021,"01010",8
2022,"01010",12
2023,"01010",8
2024,"01010",5
2025,"01010",11
2011,"01011",5.81604700232829
2012,"01011",5.81604700232829
2013,"01011",11.6320940046566
2014,"01011",15.5094586728754
2015,"01011",10
2016,"01011",10
2017,"01011",9
2018,"01011",7
2019,"01011",22
2020,"01011",12
2021,"01011",17
2022,"01011",10
2023,"01011",22
2024,"01011",21
2025,"01011",13
2011,"02001",45.5590348515716
2012,"02001",133.769081053551
2013,"02001",98.8727990395809
2014,"02001",147.339857392317
2015,"02001",136
2016,"02001",150
2017,"02001",253
2018,"02001",328
2019,"02001",370
2020,"02001",446
2021,"02001",375
2022,"02001",213
2023,"02001",175
2024,"02001",167
2025,"02001",164
2011,"02002",134.738422220605
2012,"02002",188.052186408615
2013,"02002",179.328115905122
2014,"02002",180.297457072177
2015,"02002",157
2016,"02002",146
2017,"02002",194
2018,"02002",206
2019,"02002",231
2020,"02002",287
2021,"02002",415
2022,"02002",426
2023,"02002",311
2024,"02002",326
2025,"02002",304
2011,"02003",28.1108938445867
2012,"02003",45.5590348515716
2013,"02003",56.2217876891735
2014,"02003",46.5283760186263
2015,"02003",46
2016,"02003",79
2017,"02003",72
2018,"02003",112
2019,"02003",101
2020,"02003",157
2021,"02003",233
2022,"02003",97
2023,"02003",137
2024,"02003",135
2025,"02003",88
2011,"02004",405.184607828871
2012,"02004",350.901502473807
2013,"02004",492.425312863795
2014,"02004",682.416181606519
2015,"02004",813
2016,"02004",1024
2017,"02004",1765
2018,"02004",2392
2019,"02004",2188
2020,"02004",2030
2021,"02004",1969
2022,"02004",2052
2023,"02004",1844
2024,"02004",1754
2025,"02004",1241
2011,"02005",38.7736466821886
2012,"02005",46.5283760186263
2013,"02005",66.8845405267753
2014,"02005",61.068493524447
2015,"02005",67
2016,"02005",104
2017,"02005",146
2018,"02005",131
2019,"02005",175
2020,"02005",147
2021,"02005",156
2022,"02005",139
2023,"02005",89
2024,"02005",76
2025,"02005",68
2021,"02006",77
2022,"02006",48
2023,"02006",52
2024,"02006",58
2025,"02006",74
2022,"02007",18
2023,"02007",11
2024,"02007",26
2025,"02007",33
2011,"03001",2.90802350116414
2012,"03001",8.72407050349243
2013,"03001",3.87736466821886
2014,"03001",4.84670583527357
2015,"03001",4
2016,"03001",15
2017,"03001",25
2018,"03001",16
2019,"03001",14
2020,"03001",13
2021,"03001",17
2022,"03001",16
2023,"03001",14
2024,"03001",17
2025,"03001",61
2011,"03002",7.75472933643772
2012,"03002",15.5094586728754
2013,"03002",13.570776338766
2014,"03002",10.6627528376019
2015,"03002",10
2016,"03002",9
2017,"03002",24
2018,"03002",27
2019,"03002",16
2020,"03002",30
2021,"03002",18
2022,"03002",12
2023,"03002",15
2024,"03002",13
2025,"03002",25
2011,"03003",15.5094586728754
2012,"03003",21.3255056752037
2013,"03003",39.7429878492433
2014,"03003",63.0071758585565
2015,"03003",130
2016,"03003",156
2017,"03003",235
2018,"03003",92
2019,"03003",55
2020,"03003",32
2021,"03003",39
2022,"03003",37
2023,"03003",33
2024,"03003",46
2025,"03003",50
2011,"03008",14.5401175058207
2012,"03008",29.0802350116414
2013,"03008",26.1722115104773
2014,"03008",24.2335291763679
2015,"03008",55
2016,"03008",90
2017,"03008",400
2018,"03008",105
2019,"03008",75
2020,"03008",36
2021,"03008",39
2022,"03008",38
2023,"03008",47
2024,"03008",59
2025,"03008",70
2011,"03009",0
2012,"03009",2.90802350116414
2013,"03009",2.90802350116414
2014,"03009",2.90802350116414
2015,"03009",2
2016,"03009",2
2017,"03009",9
2018,"03009",4
2019,"03009",8
2020,"03009",7
2021,"03009",7
2022,"03009",9
2023,"03009",2
2024,"03009",7
2025,"03009",22
2011,"04001",5.81604700232829
2012,"04001",2.90802350116414
2013,"04001",4.84670583527357
2014,"04001",6.785388169383
2015,"04001",6
2016,"04001",8
2017,"04001",9
2018,"04001",3
2019,"04001",3
2020,"04001",5
2021,"04001",6
2022,"04001",9
2023,"04001",6
2024,"04001",6
2025,"04001",9
2011,"04002",14.5401175058207
2012,"04002",22.2948468422584
2013,"04002",31.9882585128056
2014,"04002",22.2948468422584
2015,"04002",21
2016,"04002",37
2017,"04002",22
2018,"04002",31
2019,"04002",21
2020,"04002",25
2021,"04002",30
2022,"04002",44
2023,"04002",37
2024,"04002",29
2025,"04002",35
2011,"04003",40.712329016298
2012,"04003",35.8656231810244
2013,"04003",40.712329016298
2014,"04003",39.7429878492433
2015,"04003",39
2016,"04003",53
2017,"04003",40
2018,"04003",34
2019,"04003",43
2020,"04003",39
2021,"04003",49
2022,"04003",38
2023,"04003",50
2024,"04003",53
2025,"04003",45
2011,"04004",26.1722115104773
2012,"04004",18.4174821740396
2013,"04004",20.356164508149
2014,"04004",19.3868233410943
2015,"04004",7
2016,"04004",19
2017,"04004",18
2018,"04004",22
2019,"04004",20
2020,"04004",14
2021,"04004",24
2022,"04004",21
2023,"04004",28
2024,"04004",23
2025,"04004",29
2011,"04005",5.81604700232829
2012,"04005",3.87736466821886
2013,"04005",0.969341167054715
2014,"04005",8.72407050349243
2015,"04005",4
2016,"04005",6
2017,"04005",3
2018,"04005",0
2019,"04005",5
2020,"04005",1
2021,"04005",2
2022,"04005",4
2023,"04005",9
2024,"04005",3
2025,"04005",9
2011,"04006",3.87736466821886
2012,"04006",9.69341167054715
2013,"04006",2.90802350116414
2014,"04006",2.90802350116414
2015,"04006",3
2016,"04006",4
2017,"04006",4
2018,"04006",1
2019,"04006",4
2020,"04006",4
2021,"04006",3
2022,"04006",4
2023,"04006",3
2024,"04006",6
2025,"04006",4
2011,"04007",0
2012,"04007",1.93868233410943
2013,"04007",0.969341167054715
2014,"04007",0.969341167054715
2015,"04007",1
2016,"04007",0
2017,"04007",1
2018,"04007",4
2019,"04007",1
2020,"04007",1
2021,"04007",1
2022,"04007",3
2023,"04007",0
2024,"04007",1
2025,"04007",1
2011,"04008",2.90802350116414
2012,"04008",1.93868233410943
2013,"04008",2.90802350116414
2014,"04008",2.90802350116414
2015,"04008",4
2016,"04008",2
2017,"04008",0
2018,"04008",1
2019,"04008",2
2020,"04008",0
2021,"04008",6
2022,"04008",5
2023,"04008",3
2024,"04008",5
2025,"04008",3
2011,"04009",5.81604700232829
2012,"04009",9.69341167054715
2013,"04009",11.6320940046566
2014,"04009",17.4481410069849
2015,"04009",12
2016,"04009",17
2017,"04009",25
2018,"04009",28
2019,"04009",18
2020,"04009",12
2021,"04009",19
2022,"04009",30
2023,"04009",28
2024,"04009",25
2025,"04009",7
2011,"04010",2.90802350116414
2012,"04010",2.90802350116414
2013,"04010",2.90802350116414
2014,"04010",5.81604700232829
2015,"04010",9
2016,"04010",9
2017,"04010",3
2018,"04010",12
2019,"04010",2
2020,"04010",7
2021,"04010",7
2022,"04010",11
2023,"04010",20
2024,"04010",18
2025,"04010",6
2011,"04011",7.75472933643772
2012,"04011",13.570776338766
2013,"04011",12.6014351717113
2014,"04011",15.5094586728754
2015,"04011",12
2016,"04011",12
2017,"04011",17
2018,"04011",19
2019,"04011",15
2020,"04011",14
2021,"04011",20
2022,"04011",29
2023,"04011",22
2024,"04011",15
2025,"04011",14
2021,"04012",5
2022,"04012",5
2023,"04012",10
2024,"04012",6
2025,"04012",15
2021,"04013",0
2022,"04013",0
2023,"04013",0
2024,"04013",7
2025,"04013",2
2012,"05001",0
2013,"05001",1.93868233410943
2014,"05001",0.969341167054715
2015,"05001",0
2016,"05001",0
2017,"05001",0
2018,"05001",0
2019,"05001",0
2020,"05001",0
2021,"05001",0
2022,"05001",0
2023,"05001",0
2024,"05001",0
2025,"05001",0
2011,"05002",23.2641880093132
2012,"05002",35.8656231810244
2013,"05002",24.2335291763679
2014,"05002",40.712329016298
2015,"05002",20
2016,"05002",24
2017,"05002",12
2018,"05002",17
2019,"05002",14
2020,"05002",24
2021,"05002",23
2022,"05002",14
2023,"05002",18
2024,"05002",9
2025,"05002",13
2011,"05003",5.81604700232829
2012,"05003",7.75472933643772
2013,"05003",11.6320940046566
2014,"05003",1.93868233410943
2015,"05003",5
2016,"05003",4
2017,"05003",10
2018,"05003",1
2019,"05003",1
2020,"05003",5
2021,"05003",3
2022,"05003",4
2023,"05003",4
2024,"05003",5
2025,"05003",2
2011,"05004",9.69341167054715
2012,"05004",10.6627528376019
2013,"05004",14.5401175058207
2014,"05004",14.5401175058207
2015,"05004",8
2016,"05004",8
2017,"05004",18
2018,"05004",10
2019,"05004",15
2020,"05004",5
2021,"05004",10
2022,"05004",13
2023,"05004",9
2024,"05004",18
2025,"05004",10
2012,"05005",0
2013,"05005",0
2014,"05005",0
2015,"05005",1
2016,"05005",0
2017,"05005",0
2018,"05005",1
2019,"05005",0
2020,"05005",0
2021,"05005",1
2022,"05005",0
2023,"05005",0
2024,"05005",2
2025,"05005",1
2011,"05006",4.84670583527357
2012,"05006",16.4787998399302
2013,"05006",9.69341167054715
2014,"05006",13.570776338766
2015,"05006",7
2016,"05006",2
2017,"05006",6
2018,"05006",4
2019,"05006",9
2020,"05006",6
2021,"05006",2
2022,"05006",12
2023,"05006",4
2024,"05006",5
2025,"05006",4
2011,"05007",4.84670583527357
2012,"05007",5.81604700232829
2013,"05007",4.84670583527357
2014,"05007",2.90802350116414
2015,"05007",4
2016,"05007",3
2017,"05007",2
2018,"05007",4
2019,"05007",0
2020,"05007",2
2021,"05007",1
2022,"05007",2
2023,"05007",2
2024,"05007",4
2025,"05007",2
2012,"05008",0
2013,"05008",1.93868233410943
2014,"05008",0.969341167054715
2015,"05008",0
2016,"05008",1
2017,"05008",0
2018,"05008",1
2019,"05008",0
2020,"05008",2
2021,"05008",0
2022,"05008",1
2023,"05008",2
2024,"05008",1
2025,"05008",2
2011,"05009",15.5094586728754
2012,"05009",14.5401175058207
2013,"05009",18.4174821740396
2014,"05009",8.72407050349243
2015,"05009",6
2016,"05009",12
2017,"05009",9
2018,"05009",9
2019,"05009",10
2020,"05009",4
2021,"05009",8
2022,"05009",8
2023,"05009",4
2024,"05009",5
2025,"05009",5
2011,"05010",20.356164508149
2012,"05010",8.72407050349243
2013,"05010",17.4481410069849
2014,"05010",11.6320940046566
2015,"05010",11
2016,"05010",7
2017,"05010",8
2018,"05010",1
2019,"05010",9
2020,"05010",7
2021,"05010",5
2022,"05010",7
2023,"05010",8
2024,"05010",6
2025,"05010",7
2011,"05011",7.75472933643772
2012,"05011",0.969341167054715
2013,"05011",8.72407050349243
2014,"05011",12.6014351717113
2015,"05011",7
2016,"05011",11
2017,"05011",5
2018,"05011",5
2019,"05011",15
2020,"05011",4
2021,"05011",11
2022,"05011",12
2023,"05011",11
2024,"05011",11
2025,"05011",7
2012,"05012",1.93868233410943
2013,"05012",2.90802350116414
2014,"05012",2.90802350116414
2015,"05012",1
2016,"05012",1
2017,"05012",0
2018,"05012",1
2019,"05012",2
2020,"05012",4
2021,"05012",4
2022,"05012",3
2023,"05012",2
2024,"05012",1
2025,"05012",0
2012,"05013",0
2013,"05013",0
2014,"05013",3.87736466821886
2015,"05013",0
2016,"05013",1
2017,"05013",0
2018,"05013",1
2019,"05013",1
2020,"05013",0
2021,"05013",2
2022,"05013",0
2023,"05013",3
2024,"05013",1
2025,"05013",1
2012,"05014",0.969341167054715
2013,"05014",2.90802350116414
2014,"05014",4.84670583527357
2015,"05014",5
2016,"05014",0
2017,"05014",1
2018,"05014",1
2019,"05014",0
2020,"05014",1
2021,"05014",3
2022,"05014",3
2023,"05014",1
2024,"05014",3
2025,"05014",2
2012,"05015",0.969341167054715
2013,"05015",0
2014,"05015",1.93868233410943
2015,"05015",1
2016,"05015",0
2017,"05015",0
2018,"05015",0
2019,"05015",1
2020,"05015",1
2021,"05015",0
2022,"05015",1
2023,"05015",2
2024,"05015",0
2025,"05015",0
2012,"05016",0.969341167054715
2013,"05016",0.969341167054715
2014,"05016",0.969341167054715
2015,"05016",0
2016,"05016",0
2017,"05016",0
2018,"05016",0
2019,"05016",0
2020,"05016",0
2021,"05016",1
2022,"05016",0
2023,"05016",1
2024,"05016",1
2025,"05016",0
2011,"05017",31.9882585128056
2012,"05017",42.6510113504075
2013,"05017",59.1298111903376
2014,"05017",19.3868233410943
2015,"05017",15
2016,"05017",20
2017,"05017",28
2018,"05017",28
2019,"05017",21
2020,"05017",13
2021,"05017",10
2022,"05017",24
2023,"05017",25
2024,"05017",17
2025,"05017",14
2011,"05018",35.8656231810244
2012,"05018",39.7429878492433
2013,"05018",57.1911288562282
2014,"05018",60.0991523573923
2015,"05018",36
2016,"05018",36
2017,"05018",20
2018,"05018",35
2019,"05018",24
2020,"05018",22
2021,"05018",23
2022,"05018",16
2023,"05018",24
2024,"05018",22
2025,"05018",12
2012,"05019",0
2013,"05019",0
2014,"05019",1.93868233410943
2015,"05019",2
2016,"05019",2
2017,"05019",2
2018,"05019",0
2019,"05019",3
2020,"05019",2
2021,"05019",1
2022,"05019",0
2023,"05019",1
2024,"05019",1
2025,"05019",1
2011,"05020",7.75472933643772
2012,"05020",15.5094586728754
2013,"05020",11.6320940046566
2014,"05020",14.5401175058207
2015,"05020",7
2016,"05020",10
2017,"05020",11
2018,"05020",9
2019,"05020",10
2020,"05020",12
2021,"05020",6
2022,"05020",4
2023,"05020",5
2024,"05020",6
2025,"05020",6
2012,"05021",1.93868233410943
2013,"05021",0
2014,"05021",1.93868233410943
2015,"05021",0
2016,"05021",1
2017,"05021",1
2018,"05021",0
2019,"05021",0
2020,"05021",1
2021,"05021",1
2022,"05021",0
2023,"05021",0
2024,"05021",1
2025,"05021",2
2012,"05022",3.87736466821886
2013,"05022",6.785388169383
2014,"05022",7.75472933643772
2015,"05022",9
2016,"05022",7
2017,"05022",8
2018,"05022",8
2019,"05022",1
2020,"05022",5
2021,"05022",3
2022,"05022",3
2023,"05022",3
2024,"05022",4
2025,"05022",4
2011,"05023",0
2012,"05023",0.969341167054715
2013,"05023",1.93868233410943
2014,"05023",1.93868233410943
2015,"05023",1
2016,"05023",2
2017,"05023",2
2018,"05023",0
2019,"05023",2
2020,"05023",4
2021,"05023",0
2022,"05023",4
2023,"05023",0
2024,"05023",0
2025,"05023",0
2011,"05024",9.69341167054715
2012,"05024",15.5094586728754
2013,"05024",12.6014351717113
2014,"05024",8.72407050349243
2015,"05024",17
2016,"05024",18
2017,"05024",10
2018,"05024",17
2019,"05024",15
2020,"05024",11
2021,"05024",12
2022,"05024",14
2023,"05024",23
2024,"05024",10
2025,"05024",6
2011,"05025",23.2641880093132
2012,"05025",35.8656231810244
2013,"05025",43.6203525174622
2014,"05025",35.8656231810244
2015,"05025",31
2016,"05025",32
2017,"05025",36
2018,"05025",34
2019,"05025",23
2020,"05025",29
2021,"05025",19
2022,"05025",23
2023,"05025",26
2024,"05025",24
2025,"05025",26
2012,"05026",1.93868233410943
2013,"05026",2.90802350116414
2014,"05026",0
2015,"05026",1
2016,"05026",1
2017,"05026",1
2018,"05026",0
2019,"05026",1
2020,"05026",0
2021,"05026",0
2022,"05026",1
2023,"05026",1
2024,"05026",4
2025,"05026",0
2011,"05027",20.356164508149
2012,"05027",21.3255056752037
2013,"05027",34.8962820139697
2014,"05027",27.141552677532
2015,"05027",22
2016,"05027",16
2017,"05027",19
2018,"05027",16
2019,"05027",19
2020,"05027",21
2021,"05027",27
2022,"05027",22
2023,"05027",36
2024,"05027",43
2025,"05027",34
2011,"05028",17.4481410069849
2012,"05028",17.4481410069849
2013,"05028",30.0495761786962
2014,"05028",16.4787998399302
2015,"05028",15
2016,"05028",13
2017,"05028",14
2018,"05028",13
2019,"05028",10
2020,"05028",9
2021,"05028",6
2022,"05028",10
2023,"05028",6
2024,"05028",9
2025,"05028",3
2012,"05029",0
2013,"05029",0
2014,"05029",0.969341167054715
2015,"05029",0
2016,"05029",0
2017,"05029",0
2018,"05029",0
2019,"05029",1
2020,"05029",0
2021,"05029",0
2022,"05029",0
2023,"05029",1
2024,"05029",0
2025,"05029",1
2011,"05030",141.523810389988
2012,"05030",152.18656322759
2013,"05030",142.493151557043
2014,"05030",111.474234211292
2015,"05030",97
2016,"05030",68
2017,"05030",67
2018,"05030",81
2019,"05030",75
2020,"05030",73
2021,"05030",72
2022,"05030",105
2023,"05030",96
2024,"05030",106
2025,"05030",68
2011,"05031",3.87736466821886
2012,"05031",2.90802350116414
2013,"05031",4.84670583527357
2014,"05031",6.785388169383
2015,"05031",6
2016,"05031",4
2017,"05031",2
2018,"05031",1
2019,"05031",1
2020,"05031",1
2021,"05031",1
2022,"05031",3
2023,"05031",1
2024,"05031",1
2025,"05031",0
2011,"05032",6.785388169383
2012,"05032",4.84670583527357
2013,"05032",3.87736466821886
2014,"05032",8.72407050349243
2015,"05032",4
2016,"05032",7
2017,"05032",3
2018,"05032",2
2019,"05032",8
2020,"05032",3
2021,"05032",2
2022,"05032",4
2023,"05032",2
2024,"05032",2
2025,"05032",3
2011,"05033",21.3255056752037
2012,"05033",31.9882585128056
2013,"05033",70.7619051949942
2014,"05033",13.570776338766
2015,"05033",15
2016,"05033",21
2017,"05033",18
2018,"05033",29
2019,"05033",13
2020,"05033",12
2021,"05033",21
2022,"05033",16
2023,"05033",15
2024,"05033",15
2025,"05033",11
2012,"05034",0.969341167054715
2013,"05034",1.93868233410943
2014,"05034",0
2015,"05034",1
2016,"05034",0
2017,"05034",1
2018,"05034",0
2019,"05034",3
2020,"05034",0
2021,"05034",0
2022,"05034",0
2023,"05034",0
2024,"05034",0
2025,"05034",0
2011,"05035",505.996089202561
2012,"05035",520.536206708382
2013,"05035",300.495761786962
2014,"05035",233.611221260186
2015,"05035",172
2016,"05035",139
2017,"05035",156
2018,"05035",142
2019,"05035",130
2020,"05035",93
2021,"05035",73
2022,"05035",61
2023,"05035",64
2024,"05035",58
2025,"05035",52
2012,"05036",3.87736466821886
2013,"05036",8.72407050349243
2014,"05036",1.93868233410943
2015,"05036",5
2016,"05036",4
2017,"05036",2
2018,"05036",5
2019,"05036",6
2020,"05036",5
2021,"05036",4
2022,"05036",0
2023,"05036",2
2024,"05036",3
2025,"05036",6
2012,"05037",0
2013,"05037",0
2014,"05037",1.93868233410943
2015,"05037",1
2016,"05037",0
2017,"05037",0
2018,"05037",2
2019,"05037",2
2020,"05037",3
2021,"05037",2
2022,"05037",1
2023,"05037",1
2024,"05037",0
2025,"05037",0
2011,"05038",1.93868233410943
2012,"05038",6.785388169383
2013,"05038",4.84670583527357
2014,"05038",2.90802350116414
2015,"05038",2
2016,"05038",1
2017,"05038",4
2018,"05038",1
2019,"05038",4
2020,"05038",6
2021,"05038",4
2022,"05038",1
2023,"05038",4
2024,"05038",1
2025,"05038",0
2011,"06001",34.8962820139697
2012,"06001",40.712329016298
2013,"06001",24.2335291763679
2014,"06001",12.6014351717113
2015,"06001",9
2016,"06001",41
2017,"06001",64
2018,"06001",63
2019,"06001",71
2020,"06001",56
2021,"06001",36
2022,"06001",33
2023,"06001",18
2024,"06001",18
2025,"06001",25
2011,"06002",60.0991523573923
2012,"06002",71.7312463620489
2013,"06002",45.5590348515716
2014,"06002",22.2948468422584
2015,"06002",41
2016,"06002",120
2017,"06002",139
2018,"06002",104
2019,"06002",127
2020,"06002",100
2021,"06002",120
2022,"06002",319
2023,"06002",283
2024,"06002",270
2025,"06002",164
2011,"06003",4.84670583527357
2012,"06003",7.75472933643772
2013,"06003",0
2014,"06003",5.81604700232829
2015,"06003",4
2016,"06003",8
2017,"06003",6
2018,"06003",6
2019,"06003",10
2020,"06003",6
2021,"06003",14
2022,"06003",27
2023,"06003",26
2024,"06003",15
2025,"06003",19
2011,"06004",1.93868233410943
2012,"06004",12.6014351717113
2013,"06004",6.785388169383
2014,"06004",5.81604700232829
2015,"06004",1
2016,"06004",10
2017,"06004",22
2018,"06004",30
2019,"06004",21
2020,"06004",16
2021,"06004",20
2022,"06004",25
2023,"06004",41
2024,"06004",31
2025,"06004",14
2011,"06005",9.69341167054715
2012,"06005",6.785388169383
2013,"06005",7.75472933643772
2014,"06005",11.6320940046566
2015,"06005",14
2016,"06005",23
2017,"06005",16
2018,"06005",10
2019,"06005",25
2020,"06005",14
2021,"06005",17
2022,"06005",23
2023,"06005",46
2024,"06005",39
2025,"06005",42
2011,"06006",4.84670583527357
2012,"06006",4.84670583527357
2013,"06006",4.84670583527357
2014,"06006",0
2015,"06006",1
2016,"06006",1
2017,"06006",6
2018,"06006",13
2019,"06006",7
2020,"06006",5
2021,"06006",1
2022,"06006",5
2023,"06006",2
2024,"06006",1
2025,"06006",1
2011,"06007",45.5590348515716
2012,"06007",57.1911288562282
2013,"06007",68.8232228608847
2014,"06007",31.9882585128056
2015,"06007",82
2016,"06007",183
2017,"06007",251
2018,"06007",245
2019,"06007",304
2020,"06007",310
2021,"06007",249
2022,"06007",189
2023,"06007",266
2024,"06007",308
2025,"06007",301
2011,"06008",0
2012,"06008",3.87736466821886
2013,"06008",1.93868233410943
2014,"06008",2.90802350116414
2015,"06008",3
2016,"06008",2
2017,"06008",1
2018,"06008",5
2019,"06008",9
2020,"06008",6
2021,"06008",4
2022,"06008",12
2023,"06008",6
2024,"06008",2
2025,"06008",3
2011,"06009",48.4670583527357
2012,"06009",117.29028121362
2013,"06009",63.0071758585565
2014,"06009",38.7736466821886
2015,"06009",52
2016,"06009",181
2017,"06009",242
2018,"06009",221
2019,"06009",162
2020,"06009",94
2021,"06009",71
2022,"06009",60
2023,"06009",94
2024,"06009",54
2025,"06009",33
2011,"06010",26.1722115104773
2012,"06010",44.5896936845169
2013,"06010",12.6014351717113
2014,"06010",16.4787998399302
2015,"06010",15
2016,"06010",28
2017,"06010",42
2018,"06010",29
2019,"06010",44
2020,"06010",50
2021,"06010",88
2022,"06010",208
2023,"06010",154
2024,"06010",139
2025,"06010",104
2011,"07001",3.87736466821886
2012,"07001",4.84670583527357
2013,"07001",3.87736466821886
2014,"07001",3.87736466821886
2015,"07001",7
2016,"07001",8
2017,"07001",7
2018,"07001",11
2019,"07001",13
2020,"07001",9
2021,"07001",5
2022,"07001",7
2023,"07001",10
2024,"07001",6
2025,"07001",15
2011,"07002",5.81604700232829
2012,"07002",11.6320940046566
2013,"07002",4.84670583527357
2014,"07002",6.785388169383
2015,"07002",4
2016,"07002",5
2017,"07002",5
2018,"07002",3
2019,"07002",5
2020,"07002",3
2021,"07002",2
2022,"07002",1
2023,"07002",3
2024,"07002",1
2025,"07002",0
2011,"07003",9.69341167054715
2012,"07003",10.6627528376019
2013,"07003",9.69341167054715
2014,"07003",8.72407050349243
2015,"07003",15
2016,"07003",11
2017,"07003",9
2018,"07003",6
2019,"07003",11
2020,"07003",7
2021,"07003",14
2022,"07003",12
2023,"07003",11
2024,"07003",5
2025,"07003",7
2011,"07004",6.785388169383
2012,"07004",11.6320940046566
2013,"07004",3.87736466821886
2014,"07004",9.69341167054715
2015,"07004",8
2016,"07004",5
2017,"07004",9
2018,"07004",4
2019,"07004",4
2020,"07004",4
2021,"07004",1
2022,"07004",4
2023,"07004",3
2024,"07004",10
2025,"07004",2
2011,"07005",4.84670583527357
2012,"07005",4.84670583527357
2013,"07005",1.93868233410943
2014,"07005",1.93868233410943
2015,"07005",4
2016,"07005",3
2017,"07005",1
2018,"07005",1
2019,"07005",4
2020,"07005",4
2021,"07005",3
2022,"07005",3
2023,"07005",3
2024,"07005",1
2025,"07005",2
2011,"07006",0.969341167054715
2012,"07006",0
2013,"07006",10.6627528376019
2014,"07006",1.93868233410943
2015,"07006",2
2016,"07006",0
2017,"07006",3
2018,"07006",3
2019,"07006",11
2020,"07006",6
2021,"07006",8
2022,"07006",9
2023,"07006",2
2024,"07006",2
2025,"07006",7
2011,"07007",3.87736466821886
2012,"07007",0.969341167054715
2013,"07007",1.93868233410943
2014,"07007",1.93868233410943
2015,"07007",0
2016,"07007",0
2017,"07007",3
2018,"07007",1
2019,"07007",4
2020,"07007",0
2021,"07007",0
2022,"07007",0
2023,"07007",0
2024,"07007",0
2025,"07007",0
2011,"07008",5.81604700232829
2012,"07008",6.785388169383
2013,"07008",12.6014351717113
2014,"07008",18.4174821740396
2015,"07008",10
2016,"07008",5
2017,"07008",8
2018,"07008",3
2019,"07008",12
2020,"07008",4
2021,"07008",1
2022,"07008",7
2023,"07008",4
2024,"07008",7
2025,"07008",5
2011,"07009",21.3255056752037
2012,"07009",17.4481410069849
2013,"07009",24.2335291763679
2014,"07009",32.9575996798603
2015,"07009",28
2016,"07009",29
2017,"07009",26
2018,"07009",17
2019,"07009",14
2020,"07009",21
2021,"07009",16
2022,"07009",29
2023,"07009",22
2024,"07009",18
2025,"07009",9
2011,"07010",0
2012,"07010",1.93868233410943
2013,"07010",3.87736466821886
2014,"07010",0
2015,"07010",2
2016,"07010",1
2017,"07010",1
2018,"07010",2
2019,"07010",0
2020,"07010",0
2021,"07010",2
2022,"07010",1
2023,"07010",1
2024,"07010",1
2025,"07010",0
2011,"07011",0
2012,"07011",7.75472933643772
2013,"07011",8.72407050349243
2014,"07011",4.84670583527357
2015,"07011",7
2016,"07011",0
2017,"07011",1
2018,"07011",0
2019,"07011",1
2020,"07011",1
2021,"07011",3
2022,"07011",2
2023,"07011",0
2024,"07011",1
2025,"07011",0
2011,"07012",9.69341167054715
2012,"07012",6.785388169383
2013,"07012",10.6627528376019
2014,"07012",27.141552677532
2015,"07012",27
2016,"07012",25
2017,"07012",19
2018,"07012",14
2019,"07012",11
2020,"07012",13
2021,"07012",11
2022,"07012",13
2023,"07012",11
2024,"07012",24
2025,"07012",17
2011,"07013",5.81604700232829
2012,"07013",8.72407050349243
2013,"07013",2.90802350116414
2014,"07013",6.785388169383
2015,"07013",11
2016,"07013",7
2017,"07013",3
2018,"07013",5
2019,"07013",8
2020,"07013",2
2021,"07013",2
2022,"07013",6
2023,"07013",3
2024,"07013",3
2025,"07013",3
2011,"07014",0.969341167054715
2012,"07014",1.93868233410943
2013,"07014",0.969341167054715
2014,"07014",1.93868233410943
2015,"07014",4
2016,"07014",2
2017,"07014",1
2018,"07014",3
2019,"07014",0
2020,"07014",3
2021,"07014",0
2022,"07014",0
2023,"07014",0
2024,"07014",0
2025,"07014",1
2011,"07015",2.90802350116414
2012,"07015",7.75472933643772
2013,"07015",4.84670583527357
2014,"07015",11.6320940046566
2015,"07015",10
2016,"07015",15
2017,"07015",10
2018,"07015",10
2019,"07015",8
2020,"07015",8
2021,"07015",7
2022,"07015",9
2023,"07015",9
2024,"07015",14
2025,"07015",9
2011,"07016",6.785388169383
2012,"07016",14.5401175058207
2013,"07016",6.785388169383
2014,"07016",12.6014351717113
2015,"07016",8
2016,"07016",5
2017,"07016",7
2018,"07016",7
2019,"07016",5
2020,"07016",11
2021,"07016",3
2022,"07016",5
2023,"07016",9
2024,"07016",8
2025,"07016",11
2011,"07017",44.5896936845169
2012,"07017",27.141552677532
2013,"07017",24.2335291763679
2014,"07017",28.1108938445867
2015,"07017",22
2016,"07017",23
2017,"07017",23
2018,"07017",19
2019,"07017",15
2020,"07017",27
2021,"07017",30
2022,"07017",21
2023,"07017",20
2024,"07017",22
2025,"07017",16
2011,"07018",0.969341167054715
2012,"07018",0.969341167054715
2013,"07018",2.90802350116414
2014,"07018",0
2015,"07018",2
2016,"07018",0
2017,"07018",0
2018,"07018",1
2019,"07018",0
2020,"07018",3
2021,"07018",1
2022,"07018",1
2023,"07018",3
2024,"07018",1
2025,"07018",0
2011,"07019",65.9151993597206
2012,"07019",65.9151993597206
2013,"07019",68.8232228608847
2014,"07019",79.4859756984866
2015,"07019",70
2016,"07019",51
2017,"07019",43
2018,"07019",34
2019,"07019",39
2020,"07019",32
2021,"07019",43
2022,"07019",30
2023,"07019",33
2024,"07019",27
2025,"07019",22
2011,"07020",4.84670583527357
2012,"07020",3.87736466821886
2013,"07020",11.6320940046566
2014,"07020",7.75472933643772
2015,"07020",10
2016,"07020",10
2017,"07020",12
2018,"07020",7
2019,"07020",6
2020,"07020",4
2021,"07020",1
2022,"07020",10
2023,"07020",12
2024,"07020",14
2025,"07020",9
2011,"07021",4.84670583527357
2012,"07021",3.87736466821886
2013,"07021",0.969341167054715
2014,"07021",4.84670583527357
2015,"07021",2
2016,"07021",2
2017,"07021",2
2018,"07021",0
2019,"07021",1
2020,"07021",0
2021,"07021",4
2022,"07021",3
2023,"07021",4
2024,"07021",4
2025,"07021",0
2011,"07022",2.90802350116414
2012,"07022",3.87736466821886
2013,"07022",1.93868233410943
2014,"07022",4.84670583527357
2015,"07022",2
2016,"07022",5
2017,"07022",3
2018,"07022",2
2019,"07022",5
2020,"07022",2
2021,"07022",2
2022,"07022",0
2023,"07022",2
2024,"07022",0
2025,"07022",3
2011,"07023",16.4787998399302
2012,"07023",11.6320940046566
2013,"07023",8.72407050349243
2014,"07023",5.81604700232829
2015,"07023",12
2016,"07023",7
2017,"07023",6
2018,"07023",12
2019,"07023",9
2020,"07023",12
2021,"07023",7
2022,"07023",2
2023,"07023",1
2024,"07023",3
2025,"07023",3
2011,"07024",1.93868233410943
2012,"07024",8.72407050349243
2013,"07024",4.84670583527357
2014,"07024",4.84670583527357
2015,"07024",2
2016,"07024",5
2017,"07024",1
2018,"07024",4
2019,"07024",2
2020,"07024",4
2021,"07024",4
2022,"07024",3
2023,"07024",1
2024,"07024",2
2025,"07024",1
2011,"07025",2.90802350116414
2012,"07025",1.93868233410943
2013,"07025",0
2014,"07025",3.87736466821886
2015,"07025",2
2016,"07025",2
2017,"07025",0
2018,"07025",1
2019,"07025",0
2020,"07025",2
2021,"07025",0
2022,"07025",0
2023,"07025",1
2024,"07025",0
2025,"07025",0
2011,"07026",17.4481410069849
2012,"07026",11.6320940046566
2013,"07026",11.6320940046566
2014,"07026",7.75472933643772
2015,"07026",7
2016,"07026",8
2017,"07026",7
2018,"07026",8
2019,"07026",6
2020,"07026",5
2021,"07026",1
2022,"07026",5
2023,"07026",3
2024,"07026",5
2025,"07026",6
2011,"07027",33.926940846915
2012,"07027",31.9882585128056
2013,"07027",35.8656231810244
2014,"07027",42.6510113504075
2015,"07027",49
2016,"07027",64
2017,"07027",38
2018,"07027",36
2019,"07027",32
2020,"07027",24
2021,"07027",36
2022,"07027",32
2023,"07027",38
2024,"07027",54
2025,"07027",26
2011,"07028",0
2012,"07028",0.969341167054715
2013,"07028",0
2014,"07028",0
2015,"07028",1
2016,"07028",0
2017,"07028",1
2018,"07028",0
2019,"07028",0
2020,"07028",1
2021,"07028",0
2022,"07028",0
2023,"07028",2
2024,"07028",0
2025,"07028",0
2011,"07029",0
2012,"07029",0
2013,"07029",3.87736466821886
2014,"07029",0.969341167054715
2015,"07029",2
2016,"07029",4
2017,"07029",3
2018,"07029",4
2019,"07029",1
2020,"07029",0
2021,"07029",0
2022,"07029",0
2023,"07029",0
2024,"07029",3
2025,"07029",0
2011,"07030",3.87736466821886
2012,"07030",5.81604700232829
2013,"07030",9.69341167054715
2014,"07030",5.81604700232829
2015,"07030",5
2016,"07030",5
2017,"07030",10
2018,"07030",4
2019,"07030",5
2020,"07030",5
2021,"07030",6
2022,"07030",1
2023,"07030",1
2024,"07030",7
2025,"07030",2
2011,"07031",39.7429878492433
2012,"07031",31.9882585128056
2013,"07031",33.926940846915
2014,"07031",28.1108938445867
2015,"07031",20
2016,"07031",15
2017,"07031",13
2018,"07031",13
2019,"07031",13
2020,"07031",16
2021,"07031",21
2022,"07031",22
2023,"07031",19
2024,"07031",24
2025,"07031",22
2011,"07032",23.2641880093132
2012,"07032",19.3868233410943
2013,"07032",6.785388169383
2014,"07032",9.69341167054715
2015,"07032",15
2016,"07032",19
2017,"07032",14
2018,"07032",13
2019,"07032",9
2020,"07032",11
2021,"07032",14
2022,"07032",11
2023,"07032",10
2024,"07032",10
2025,"07032",19
2011,"07033",4.84670583527357
2012,"07033",0.969341167054715
2013,"07033",0
2014,"07033",1.93868233410943
2015,"07033",0
2016,"07033",0
2017,"07033",0
2018,"07033",0
2019,"07033",0
2020,"07033",2
2021,"07033",3
2022,"07033",1
2023,"07033",0
2024,"07033",0
2025,"07033",1
2011,"07034",10.6627528376019
2012,"07034",12.6014351717113
2013,"07034",31.9882585128056
2014,"07034",27.141552677532
2015,"07034",25
2016,"07034",17
2017,"07034",17
2018,"07034",18
2019,"07034",16
2020,"07034",20
2021,"07034",14
2022,"07034",16
2023,"07034",10
2024,"07034",2
2025,"07034",21
2011,"07035",8.72407050349243
2012,"07035",4.84670583527357
2013,"07035",6.785388169383
2014,"07035",2.90802350116414
2015,"07035",8
2016,"07035",8
2017,"07035",5
2018,"07035",10
2019,"07035",3
2020,"07035",9
2021,"07035",6
2022,"07035",5
2023,"07035",10
2024,"07035",10
2025,"07035",5
2011,"07036",0
2012,"07036",0.969341167054715
2013,"07036",0.969341167054715
2014,"07036",0.969341167054715
2015,"07036",0
2016,"07036",1
2017,"07036",0
2018,"07036",0
2019,"07036",1
2020,"07036",2
2021,"07036",1
2022,"07036",0
2023,"07036",0
2024,"07036",0
2025,"07036",0
2011,"07037",14.5401175058207
2012,"07037",4.84670583527357
2013,"07037",4.84670583527357
2014,"07037",12.6014351717113
2015,"07037",6
2016,"07037",8
2017,"07037",12
2018,"07037",9
2019,"07037",18
2020,"07037",8
2021,"07037",10
2022,"07037",6
2023,"07037",12
2024,"07037",27
2025,"07037",20
2011,"07038",4.84670583527357
2012,"07038",4.84670583527357
2013,"07038",0.969341167054715
2014,"07038",2.90802350116414
2015,"07038",4
2016,"07038",5
2017,"07038",1
2018,"07038",3
2019,"07038",3
2020,"07038",1
2021,"07038",2
2022,"07038",2
2023,"07038",1
2024,"07038",2
2025,"07038",0
2011,"07039",5.81604700232829
2012,"07039",6.785388169383
2013,"07039",3.87736466821886
2014,"07039",4.84670583527357
2015,"07039",8
2016,"07039",3
2017,"07039",1
2018,"07039",1
2019,"07039",2
2020,"07039",4
2021,"07039",0
2022,"07039",3
2023,"07039",3
2024,"07039",0
2025,"07039",0
2011,"07040",34.8962820139697
2012,"07040",30.0495761786962
2013,"07040",35.8656231810244
2014,"07040",39.7429878492433
2015,"07040",41
2016,"07040",19
2017,"07040",25
2018,"07040",22
2019,"07040",16
2020,"07040",21
2021,"07040",18
2022,"07040",25
2023,"07040",31
2024,"07040",32
2025,"07040",28
2011,"07041",0
2012,"07041",3.87736466821886
2013,"07041",5.81604700232829
2014,"07041",0
2015,"07041",0
2016,"07041",3
2017,"07041",1
2018,"07041",0
2019,"07041",1
2020,"07041",2
2021,"07041",1
2022,"07041",1
2023,"07041",0
2024,"07041",0
2025,"07041",3
2011,"07042",3.87736466821886
2012,"07042",2.90802350116414
2013,"07042",0
2014,"07042",2.90802350116414
2015,"07042",3
2016,"07042",1
2017,"07042",2
2018,"07042",2
2019,"07042",2
2020,"07042",5
2021,"07042",10
2022,"07042",3
2023,"07042",1
2024,"07042",5
2025,"07042",0
2011,"07043",4.84670583527357
2012,"07043",0
2013,"07043",1.93868233410943
2014,"07043",1.93868233410943
2015,"07043",4
2016,"07043",1
2017,"07043",1
2018,"07043",2
2019,"07043",3
2020,"07043",1
2021,"07043",0
2022,"07043",5
2023,"07043",1
2024,"07043",1
2025,"07043",3
2011,"07044",5.81604700232829
2012,"07044",0.969341167054715
2013,"07044",0
2014,"07044",1.93868233410943
2015,"07044",2
2016,"07044",2
2017,"07044",1
2018,"07044",1
2019,"07044",1
2020,"07044",0
2021,"07044",0
2022,"07044",1
2023,"07044",3
2024,"07044",3
2025,"07044",4
2011,"07045",0
2012,"07045",0
2013,"07045",1.93868233410943
2014,"07045",0.969341167054715
2015,"07045",1
2016,"07045",1
2017,"07045",0
2018,"07045",1
2019,"07045",1
2020,"07045",0
2021,"07045",2
2022,"07045",0
2023,"07045",0
2024,"07045",3
2025,"07045",0
2011,"07046",19.3868233410943
2012,"07046",6.785388169383
2013,"07046",10.6627528376019
2014,"07046",14.5401175058207
2015,"07046",16
2016,"07046",8
2017,"07046",13
2018,"07046",13
2019,"07046",9
2020,"07046",6
2021,"07046",17
2022,"07046",14
2023,"07046",11
2024,"07046",14
2025,"07046",14
2011,"07047",0.969341167054715
2012,"07047",3.87736466821886
2013,"07047",1.93868233410943
2014,"07047",3.87736466821886
2015,"07047",2
2016,"07047",6
2017,"07047",1
2018,"07047",2
2019,"07047",2
2020,"07047",4
2021,"07047",1
2022,"07047",2
2023,"07047",1
2024,"07047",3
2025,"07047",2
2011,"07048",5.81604700232829
2012,"07048",6.785388169383
2013,"07048",10.6627528376019
2014,"07048",8.72407050349243
2015,"07048",8
2016,"07048",13
2017,"07048",5
2018,"07048",1
2019,"07048",6
2020,"07048",7
2021,"07048",9
2022,"07048",3
2023,"07048",6
2024,"07048",7
2025,"07048",6
2011,"07049",6.785388169383
2012,"07049",2.90802350116414
2013,"07049",5.81604700232829
2014,"07049",5.81604700232829
2015,"07049",2
2016,"07049",5
2017,"07049",3
2018,"07049",3
2019,"07049",0
2020,"07049",6
2021,"07049",1
2022,"07049",0
2023,"07049",0
2024,"07049",1
2025,"07049",0
2011,"07050",0.969341167054715
2012,"07050",0
2013,"07050",0.969341167054715
2014,"07050",0.969341167054715
2015,"07050",0
2016,"07050",0
2017,"07050",2
2018,"07050",2
2019,"07050",1
2020,"07050",1
2021,"07050",1
2022,"07050",2
2023,"07050",1
2024,"07050",0
2025,"07050",1
2011,"07051",26.1722115104773
2012,"07051",19.3868233410943
2013,"07051",20.356164508149
2014,"07051",27.141552677532
2015,"07051",24
2016,"07051",26
2017,"07051",20
2018,"07051",28
2019,"07051",19
2020,"07051",22
2021,"07051",26
2022,"07051",34
2023,"07051",20
2024,"07051",32
2025,"07051",27
2011,"07052",12.6014351717113
2012,"07052",18.4174821740396
2013,"07052",28.1108938445867
2014,"07052",17.4481410069849
2015,"07052",13
2016,"07052",21
2017,"07052",13
2018,"07052",8
2019,"07052",10
2020,"07052",9
2021,"07052",14
2022,"07052",8
2023,"07052",2
2024,"07052",10
2025,"07052",3
2011,"07053",0
2012,"07053",0
2013,"07053",1.93868233410943
2014,"07053",0.969341167054715
2015,"07053",0
2016,"07053",0
2017,"07053",0
2018,"07053",1
2019,"07053",1
2020,"07053",1
2021,"07053",1
2022,"07053",0
2023,"07053",2
2024,"07053",1
2025,"07053",1
2011,"07054",11.6320940046566
2012,"07054",5.81604700232829
2013,"07054",15.5094586728754
2014,"07054",9.69341167054715
2015,"07054",8
2016,"07054",15
2017,"07054",13
2018,"07054",4
2019,"07054",9
2020,"07054",16
2021,"07054",19
2022,"07054",13
2023,"07054",12
2024,"07054",10
2025,"07054",15
2011,"07055",2.90802350116414
2012,"07055",6.785388169383
2013,"07055",1.93868233410943
2014,"07055",1.93868233410943
2015,"07055",2
2016,"07055",2
2017,"07055",2
2018,"07055",5
2019,"07055",3
2020,"07055",2
2021,"07055",3
2022,"07055",5
2023,"07055",1
2024,"07055",7
2025,"07055",4
2011,"07056",4.84670583527357
2012,"07056",2.90802350116414
2013,"07056",0.969341167054715
2014,"07056",1.93868233410943
2015,"07056",0
2016,"07056",0
2017,"07056",0
2018,"07056",1
2019,"07056",0
2020,"07056",0
2021,"07056",1
2022,"07056",0
2023,"07056",0
2024,"07056",0
2025,"07056",0
2011,"07057",5.81604700232829
2012,"07057",7.75472933643772
2013,"07057",27.141552677532
2014,"07057",7.75472933643772
2015,"07057",20
2016,"07057",7
2017,"07057",15
2018,"07057",8
2019,"07057",11
2020,"07057",8
2021,"07057",11
2022,"07057",11
2023,"07057",8
2024,"07057",7
2025,"07057",14
2011,"07058",0.969341167054715
2012,"07058",0
2013,"07058",0.969341167054715
2014,"07058",0
2015,"07058",0
2016,"07058",0
2017,"07058",1
2018,"07058",0
2019,"07058",0
2020,"07058",0
2021,"07058",0
2022,"07058",0
2023,"07058",1
2024,"07058",0
2025,"07058",1
2011,"07059",41.6816701833527
2012,"07059",33.926940846915
2013,"07059",46.5283760186263
2014,"07059",33.926940846915
2015,"07059",32
2016,"07059",33
2017,"07059",33
2018,"07059",26
2019,"07059",35
2020,"07059",33
2021,"07059",27
2022,"07059",24
2023,"07059",41
2024,"07059",31
2025,"07059",24
2011,"07060",0.969341167054715
2012,"07060",1.93868233410943
2013,"07060",1.93868233410943
2014,"07060",1.93868233410943
2015,"07060",2
2016,"07060",3
2017,"07060",0
2018,"07060",1
2019,"07060",2
2020,"07060",1
2021,"07060",5
2022,"07060",0
2023,"07060",2
2024,"07060",1
2025,"07060",0
2011,"07061",37.8043055151339
2012,"07061",31.0189173457509
2013,"07061",38.7736466821886
2014,"07061",26.1722115104773
2015,"07061",36
2016,"07061",32
2017,"07061",26
2018,"07061",32
2019,"07061",26
2020,"07061",22
2021,"07061",28
2022,"07061",26
2023,"07061",55
2024,"07061",47
2025,"07061",32
2011,"07062",5.81604700232829
2012,"07062",2.90802350116414
2013,"07062",4.84670583527357
2014,"07062",5.81604700232829
2015,"07062",10
2016,"07062",7
2017,"07062",3
2018,"07062",7
2019,"07062",6
2020,"07062",8
2021,"07062",3
2022,"07062",4
2023,"07062",4
2024,"07062",5
2025,"07062",3
2011,"07063",0
2012,"07063",0.969341167054715
2013,"07063",0.969341167054715
2014,"07063",0.969341167054715
2015,"07063",0
2016,"07063",0
2017,"07063",0
2018,"07063",1
2019,"07063",2
2020,"07063",1
2021,"07063",0
2022,"07063",0
2023,"07063",0
2024,"07063",1
2025,"07063",1
2011,"07064",9.69341167054715
2012,"07064",15.5094586728754
2013,"07064",8.72407050349243
2014,"07064",8.72407050349243
2015,"07064",9
2016,"07064",5
2017,"07064",6
2018,"07064",8
2019,"07064",4
2020,"07064",3
2021,"07064",4
2022,"07064",4
2023,"07064",6
2024,"07064",2
2025,"07064",3
2011,"07065",58.1604700232829
2012,"07065",46.5283760186263
2013,"07065",34.8962820139697
2014,"07065",36.8349643480792
2015,"07065",45
2016,"07065",47
2017,"07065",37
2018,"07065",45
2019,"07065",48
2020,"07065",24
2021,"07065",35
2022,"07065",43
2023,"07065",40
2024,"07065",41
2025,"07065",25
2011,"07066",11.6320940046566
2012,"07066",7.75472933643772
2013,"07066",14.5401175058207
2014,"07066",4.84670583527357
2015,"07066",12
2016,"07066",10
2017,"07066",14
2018,"07066",9
2019,"07066",8
2020,"07066",5
2021,"07066",6
2022,"07066",0
2023,"07066",8
2024,"07066",15
2025,"07066",1
2011,"07067",3.87736466821886
2012,"07067",0.969341167054715
2013,"07067",1.93868233410943
2014,"07067",3.87736466821886
2015,"07067",2
2016,"07067",1
2017,"07067",1
2018,"07067",0
2019,"07067",0
2020,"07067",0
2021,"07067",0
2022,"07067",1
2023,"07067",1
2024,"07067",0
2025,"07067",1
2011,"07068",18.4174821740396
2012,"07068",11.6320940046566
2013,"07068",12.6014351717113
2014,"07068",11.6320940046566
2015,"07068",20
2016,"07068",14
2017,"07068",5
2018,"07068",6
2019,"07068",14
2020,"07068",8
2021,"07068",14
2022,"07068",9
2023,"07068",13
2024,"07068",10
2025,"07068",8
2011,"07069",19.3868233410943
2012,"07069",16.4787998399302
2013,"07069",12.6014351717113
2014,"07069",13.570776338766
2015,"07069",24
2016,"07069",21
2017,"07069",22
2018,"07069",21
2019,"07069",22
2020,"07069",21
2021,"07069",20
2022,"07069",15
2023,"07069",20
2024,"07069",28
2025,"07069",24
2011,"07070",1.93868233410943
2012,"07070",6.785388169383
2013,"07070",7.75472933643772
2014,"07070",4.84670583527357
2015,"07070",2
2016,"07070",1
2017,"07070",0
2018,"07070",2
2019,"07070",2
2020,"07070",3
2021,"07070",0
2022,"07070",0
2023,"07070",1
2024,"07070",2
2025,"07070",0
2011,"07071",10.6627528376019
2012,"07071",12.6014351717113
2013,"07071",8.72407050349243
2014,"07071",10.6627528376019
2015,"07071",9
2016,"07071",6
2017,"07071",8
2018,"07071",11
2019,"07071",10
2020,"07071",13
2021,"07071",15
2022,"07071",8
2023,"07071",13
2024,"07071",9
2025,"07071",16
2011,"07072",10.6627528376019
2012,"07072",15.5094586728754
2013,"07072",11.6320940046566
2014,"07072",17.4481410069849
2015,"07072",29
2016,"07072",11
2017,"07072",11
2018,"07072",5
2019,"07072",11
2020,"07072",4
2021,"07072",6
2022,"07072",10
2023,"07072",6
2024,"07072",11
2025,"07072",9
2011,"07073",5.81604700232829
2012,"07073",1.93868233410943
2013,"07073",0.969341167054715
2014,"07073",2.90802350116414
2015,"07073",6
2016,"07073",0
2017,"07073",0
2018,"07073",3
2019,"07073",0
2020,"07073",1
2021,"07073",2
2022,"07073",2
2023,"07073",1
2024,"07073",1
2025,"07073",2
2011,"07074",13.570776338766
2012,"07074",19.3868233410943
2013,"07074",13.570776338766
2014,"07074",20.356164508149
2015,"07074",20
2016,"07074",22
2017,"07074",15
2018,"07074",8
2019,"07074",13
2020,"07074",13
2021,"07074",18
2022,"07074",9
2023,"07074",25
2024,"07074",16
2025,"07074",13
2011,"07075",10.6627528376019
2012,"07075",24.2335291763679
2013,"07075",6.785388169383
2014,"07075",5.81604700232829
2015,"07075",1
2016,"07075",2
2017,"07075",2
2018,"07075",1
2019,"07075",2
2020,"07075",2
2021,"07075",4
2022,"07075",2
2023,"07075",3
2024,"07075",1
2025,"07075",3
2011,"07076",9.69341167054715
2012,"07076",10.6627528376019
2013,"07076",5.81604700232829
2014,"07076",3.87736466821886
2015,"07076",14
2016,"07076",4
2017,"07076",7
2018,"07076",3
2019,"07076",2
2020,"07076",5
2021,"07076",3
2022,"07076",5
2023,"07076",2
2024,"07076",1
2025,"07076",4
2011,"07077",7.75472933643772
2012,"07077",4.84670583527357
2013,"07077",4.84670583527357
2014,"07077",1.93868233410943
2015,"07077",4
2016,"07077",0
2017,"07077",0
2018,"07077",6
2019,"07077",4
2020,"07077",4
2021,"07077",5
2022,"07077",5
2023,"07077",4
2024,"07077",5
2025,"07077",1
2011,"07078",72.7005875291036
2012,"07078",90.1487285360885
2013,"07078",68.8232228608847
2014,"07078",77.5472933643772
2015,"07078",60
2016,"07078",42
2017,"07078",46
2018,"07078",42
2019,"07078",34
2020,"07078",32
2021,"07078",31
2022,"07078",35
2023,"07078",42
2024,"07078",36
2025,"07078",28
2011,"07079",5.81604700232829
2012,"07079",7.75472933643772
2013,"07079",12.6014351717113
2014,"07079",5.81604700232829
2015,"07079",10
2016,"07079",6
2017,"07079",4
2018,"07079",4
2019,"07079",4
2020,"07079",2
2021,"07079",9
2022,"07079",5
2023,"07079",10
2024,"07079",13
2025,"07079",4
2011,"07080",6.785388169383
2012,"07080",9.69341167054715
2013,"07080",8.72407050349243
2014,"07080",14.5401175058207
2015,"07080",6
2016,"07080",3
2017,"07080",2
2018,"07080",4
2019,"07080",2
2020,"07080",13
2021,"07080",4
2022,"07080",3
2023,"07080",1
2024,"07080",3
2025,"07080",3
2011,"07081",5.81604700232829
2012,"07081",10.6627528376019
2013,"07081",7.75472933643772
2014,"07081",6.785388169383
2015,"07081",8
2016,"07081",6
2017,"07081",6
2018,"07081",5
2019,"07081",4
2020,"07081",7
2021,"07081",3
2022,"07081",1
2023,"07081",7
2024,"07081",4
2025,"07081",4
2011,"07082",9.69341167054715
2012,"07082",11.6320940046566
2013,"07082",4.84670583527357
2014,"07082",2.90802350116414
2015,"07082",4
2016,"07082",1
2017,"07082",4
2018,"07082",0
2019,"07082",3
2020,"07082",3
2021,"07082",5
2022,"07082",0
2023,"07082",5
2024,"07082",3
2025,"07082",1
2011,"07083",1.93868233410943
2012,"07083",2.90802350116414
2013,"07083",4.84670583527357
2014,"07083",2.90802350116414
2015,"07083",1
2016,"07083",2
2017,"07083",3
2018,"07083",0
2019,"07083",1
2020,"07083",4
2021,"07083",6
2022,"07083",5
2023,"07083",2
2024,"07083",1
2025,"07083",0
2011,"07084",1.93868233410943
2012,"07084",4.84670583527357
2013,"07084",0.969341167054715
2014,"07084",3.87736466821886
2015,"07084",2
2016,"07084",1
2017,"07084",0
2018,"07084",2
2019,"07084",2
2020,"07084",0
2021,"07084",2
2022,"07084",3
2023,"07084",2
2024,"07084",3
2025,"07084",4
2011,"07085",0.969341167054715
2012,"07085",0
2013,"07085",1.93868233410943
2014,"07085",1.93868233410943
2015,"07085",1
2016,"07085",1
2017,"07085",0
2018,"07085",2
2019,"07085",1
2020,"07085",0
2021,"07085",1
2022,"07085",1
2023,"07085",2
2024,"07085",3
2025,"07085",1
2011,"07086",1.93868233410943
2012,"07086",3.87736466821886
2013,"07086",8.72407050349243
2014,"07086",0.969341167054715
2015,"07086",4
2016,"07086",4
2017,"07086",2
2018,"07086",2
2019,"07086",12
2020,"07086",5
2021,"07086",4
2022,"07086",6
2023,"07086",4
2024,"07086",10
2025,"07086",3
2011,"07087",37.8043055151339
2012,"07087",28.1108938445867
2013,"07087",22.2948468422584
2014,"07087",22.2948468422584
2015,"07087",36
2016,"07087",46
2017,"07087",44
2018,"07087",40
2019,"07087",38
2020,"07087",36
2021,"07087",41
2022,"07087",51
2023,"07087",66
2024,"07087",80
2025,"07087",42
2011,"07088",1.93868233410943
2012,"07088",0.969341167054715
2013,"07088",0
2014,"07088",5.81604700232829
2015,"07088",1
2016,"07088",0
2017,"07088",0
2018,"07088",0
2019,"07088",0
2020,"07088",0
2021,"07088",0
2022,"07088",1
2023,"07088",0
2024,"07088",0
2025,"07088",1
2011,"07089",167.696021900466
2012,"07089",173.512068902794
2013,"07089",153.155904394645
2014,"07089",143.462492724098
2015,"07089",182
2016,"07089",181
2017,"07089",190
2018,"07089",232
2019,"07089",161
2020,"07089",134
2021,"07089",147
2022,"07089",142
2023,"07089",167
2024,"07089",212
2025,"07089",141
2011,"07090",0
2012,"07090",3.87736466821886
2013,"07090",1.93868233410943
2014,"07090",0
2015,"07090",0
2016,"07090",3
2017,"07090",1
2018,"07090",1
2019,"07090",0
2020,"07090",1
2021,"07090",0
2022,"07090",0
2023,"07090",0
2024,"07090",1
2025,"07090",0
2011,"07091",1.93868233410943
2012,"07091",4.84670583527357
2013,"07091",2.90802350116414
2014,"07091",3.87736466821886
2015,"07091",2
2016,"07091",1
2017,"07091",0
2018,"07091",0
2019,"07091",1
2020,"07091",2
2021,"07091",1
2022,"07091",1
2023,"07091",1
2024,"07091",2
2025,"07091",1
2011,"07092",9.69341167054715
2012,"07092",21.3255056752037
2013,"07092",13.570776338766
2014,"07092",14.5401175058207
2015,"07092",21
2016,"07092",16
2017,"07092",11
2018,"07092",2
2019,"07092",3
2020,"07092",0
2021,"07092",7
2022,"07092",3
2023,"07092",4
2024,"07092",7
2025,"07092",2
2011,"07093",17.4481410069849
2012,"07093",11.6320940046566
2013,"07093",5.81604700232829
2014,"07093",6.785388169383
2015,"07093",3
2016,"07093",2
2017,"07093",3
2018,"07093",3
2019,"07093",3
2020,"07093",0
2021,"07093",2
2022,"07093",0
2023,"07093",0
2024,"07093",1
2025,"07093",2
2011,"07094",9.69341167054715
2012,"07094",11.6320940046566
2013,"07094",4.84670583527357
2014,"07094",5.81604700232829
2015,"07094",3
2016,"07094",3
2017,"07094",5
2018,"07094",6
2019,"07094",6
2020,"07094",1
2021,"07094",4
2022,"07094",7
2023,"07094",0
2024,"07094",1
2025,"07094",1
2011,"07096",34.8962820139697
2012,"07096",37.8043055151339
2013,"07096",17.4481410069849
2014,"07096",5.81604700232829
2015,"07096",8
2016,"07096",12
2017,"07096",6
2018,"07096",12
2019,"07096",13
2020,"07096",7
2021,"07096",11
2022,"07096",9
2023,"07096",11
2024,"07096",16
2025,"07096",16
2011,"07097",15.5094586728754
2012,"07097",31.9882585128056
2013,"07097",37.8043055151339
2014,"07097",40.712329016298
2015,"07097",44
2016,"07097",42
2017,"07097",34
2018,"07097",31
2019,"07097",32
2020,"07097",33
2021,"07097",29
2022,"07097",52
2023,"07097",47
2024,"07097",47
2025,"07097",36
2011,"07098",0.969341167054715
2012,"07098",0
2013,"07098",0
2014,"07098",0
2015,"07098",0
2016,"07098",0
2017,"07098",0
2018,"07098",0
2019,"07098",0
2020,"07098",3
2021,"07098",0
2022,"07098",1
2023,"07098",1
2024,"07098",0
2025,"07098",0
2011,"07099",3.87736466821886
2012,"07099",27.141552677532
2013,"07099",31.0189173457509
2014,"07099",15.5094586728754
2015,"07099",9
2016,"07099",28
2017,"07099",20
2018,"07099",15
2019,"07099",16
2020,"07099",12
2021,"07099",11
2022,"07099",10
2023,"07099",4
2024,"07099",5
2025,"07099",11
2011,"07100",11.6320940046566
2012,"07100",14.5401175058207
2013,"07100",5.81604700232829
2014,"07100",5.81604700232829
2015,"07100",3
2016,"07100",9
2017,"07100",5
2018,"07100",6
2019,"07100",6
2020,"07100",1
2021,"07100",4
2022,"07100",7
2023,"07100",9
2024,"07100",5
2025,"07100",6
2011,"07101",206.469668582654
2012,"07101",163.818657232247
2013,"07101",169.634704234575
2014,"07101",220.04044492142
2015,"07101",211
2016,"07101",197
2017,"07101",182
2018,"07101",127
2019,"07101",104
2020,"07101",73
2021,"07101",89
2022,"07101",80
2023,"07101",106
2024,"07101",128
2025,"07101",110
2011,"07102",22.2948468422584
2012,"07102",14.5401175058207
2013,"07102",20.356164508149
2014,"07102",8.72407050349243
2015,"07102",8
2016,"07102",19
2017,"07102",26
2018,"07102",17
2019,"07102",21
2020,"07102",18
2021,"07102",25
2022,"07102",14
2023,"07102",26
2024,"07102",20
2025,"07102",25
2011,"07103",3.87736466821886
2012,"07103",3.87736466821886
2013,"07103",2.90802350116414
2014,"07103",8.72407050349243
2015,"07103",4
2016,"07103",16
2017,"07103",11
2018,"07103",7
2019,"07103",8
2020,"07103",8
2021,"07103",4
2022,"07103",13
2023,"07103",11
2024,"07103",21
2025,"07103",14
2011,"07104",0.969341167054715
2012,"07104",4.84670583527357
2013,"07104",6.785388169383
2014,"07104",2.90802350116414
2015,"07104",0
2016,"07104",1
2017,"07104",3
2018,"07104",0
2019,"07104",2
2020,"07104",6
2021,"07104",4
2022,"07104",2
2023,"07104",1
2024,"07104",3
2025,"07104",0
2011,"07105",3.87736466821886
2012,"07105",2.90802350116414
2013,"07105",3.87736466821886
2014,"07105",4.84670583527357
2015,"07105",1
2016,"07105",1
2017,"07105",3
2018,"07105",2
2019,"07105",1
2020,"07105",1
2021,"07105",3
2022,"07105",1
2023,"07105",6
2024,"07105",1
2025,"07105",4
2011,"07106",4.84670583527357
2012,"07106",5.81604700232829
2013,"07106",26.1722115104773
2014,"07106",13.570776338766
2015,"07106",14
2016,"07106",13
2017,"07106",9
2018,"07106",3
2019,"07106",6
2020,"07106",3
2021,"07106",13
2022,"07106",5
2023,"07106",6
2024,"07106",3
2025,"07106",8
2011,"07107",15.5094586728754
2012,"07107",18.4174821740396
2013,"07107",37.8043055151339
2014,"07107",27.141552677532
2015,"07107",13
2016,"07107",29
2017,"07107",27
2018,"07107",20
2019,"07107",5
2020,"07107",12
2021,"07107",11
2022,"07107",16
2023,"07107",20
2024,"07107",26
2025,"07107",20
2011,"07108",23.2641880093132
2012,"07108",20.356164508149
2013,"07108",24.2335291763679
2014,"07108",44.5896936845169
2015,"07108",24
2016,"07108",33
2017,"07108",36
2018,"07108",51
2019,"07108",34
2020,"07108",30
2021,"07108",24
2022,"07108",22
2023,"07108",24
2024,"07108",33
2025,"07108",24
2011,"07109",17.4481410069849
2012,"07109",15.5094586728754
2013,"07109",8.72407050349243
2014,"07109",15.5094586728754
2015,"07109",16
2016,"07109",8
2017,"07109",14
2018,"07109",14
2019,"07109",4
2020,"07109",6
2021,"07109",7
2022,"07109",2
2023,"07109",10
2024,"07109",9
2025,"07109",3
2011,"07110",2.90802350116414
2012,"07110",0.969341167054715
2013,"07110",1.93868233410943
2014,"07110",0.969341167054715
2015,"07110",0
2016,"07110",0
2017,"07110",0
2018,"07110",0
2019,"07110",2
2020,"07110",0
2021,"07110",0
2022,"07110",0
2023,"07110",1
2024,"07110",1
2025,"07110",0
2011,"07111",0.969341167054715
2012,"07111",4.84670583527357
2013,"07111",2.90802350116414
2014,"07111",2.90802350116414
2015,"07111",0
2016,"07111",1
2017,"07111",3
2018,"07111",1
2019,"07111",2
2020,"07111",2
2021,"07111",2
2022,"07111",1
2023,"07111",1
2024,"07111",3
2025,"07111",3
2011,"07112",0.969341167054715
2012,"07112",0.969341167054715
2013,"07112",0.969341167054715
2014,"07112",4.84670583527357
2015,"07112",0
2016,"07112",1
2017,"07112",2
2018,"07112",1
2019,"07112",1
2020,"07112",3
2021,"07112",1
2022,"07112",2
2023,"07112",2
2024,"07112",1
2025,"07112",0
2011,"07113",0.969341167054715
2012,"07113",0
2013,"07113",1.93868233410943
2014,"07113",0
2015,"07113",2
2016,"07113",1
2017,"07113",1
2018,"07113",5
2019,"07113",1
2020,"07113",0
2021,"07113",2
2022,"07113",1
2023,"07113",0
2024,"07113",0
2025,"07113",0
2011,"07114",22.2948468422584
2012,"07114",19.3868233410943
2013,"07114",35.8656231810244
2014,"07114",14.5401175058207
2015,"07114",2
2016,"07114",5
2017,"07114",5
2018,"07114",10
2019,"07114",17
2020,"07114",12
2021,"07114",14
2022,"07114",15
2023,"07114",22
2024,"07114",21
2025,"07114",9
2011,"07115",1.93868233410943
2012,"07115",4.84670583527357
2013,"07115",2.90802350116414
2014,"07115",4.84670583527357
2015,"07115",1
2016,"07115",4
2017,"07115",2
2018,"07115",3
2019,"07115",4
2020,"07115",2
2021,"07115",2
2022,"07115",2
2023,"07115",5
2024,"07115",2
2025,"07115",1
2011,"07116",2.90802350116414
2012,"07116",2.90802350116414
2013,"07116",4.84670583527357
2014,"07116",0
2015,"07116",0
2016,"07116",4
2017,"07116",7
2018,"07116",6
2019,"07116",8
2020,"07116",2
2021,"07116",10
2022,"07116",8
2023,"07116",7
2024,"07116",3
2025,"07116",1
2011,"07117",0
2012,"07117",0
2013,"07117",0
2014,"07117",1.93868233410943
2015,"07117",2
2016,"07117",1
2017,"07117",3
2018,"07117",1
2019,"07117",3
2020,"07117",0
2021,"07117",0
2022,"07117",3
2023,"07117",1
2024,"07117",0
2025,"07117",3
2011,"07118",0.969341167054715
2012,"07118",0
2013,"07118",1.93868233410943
2014,"07118",0.969341167054715
2015,"07118",2
2016,"07118",0
2017,"07118",0
2018,"07118",2
2019,"07118",2
2020,"07118",1
2021,"07118",0
2022,"07118",0
2023,"07118",0
2024,"07118",0
2025,"07118",1
2011,"07119",0
2012,"07119",0.969341167054715
2013,"07119",0.969341167054715
2014,"07119",0
2015,"07119",0
2016,"07119",5
2017,"07119",0
2018,"07119",0
2019,"07119",0
2020,"07119",1
2021,"07119",0
2022,"07119",1
2023,"07119",0
2024,"07119",0
2025,"07119",0
2018,"07120",0
2019,"07120",1
2020,"07120",0
2021,"07120",1
2022,"07120",0
2023,"07120",0
2024,"07120",0
2025,"07120",1
2018,"07121",3
2019,"07121",7
2020,"07121",2
2021,"07121",1
2022,"07121",1
2023,"07121",1
2024,"07121",3
2025,"07121",1
2018,"07122",2
2019,"07122",1
2020,"07122",4
2021,"07122",3
2022,"07122",4
2023,"07122",6
2024,"07122",4
2025,"07122",1
2018,"07123",1
2019,"07123",1
2020,"07123",3
2021,"07123",4
2022,"07123",0
2023,"07123",2
2024,"07123",1
2025,"07123",3
2018,"07124",6
2019,"07124",6
2020,"07124",8
2021,"07124",10
2022,"07124",10
2023,"07124",11
2024,"07124",9
2025,"07124",5
2021,"07125",0
2022,"07125",0
2023,"07125",0
2024,"07125",0
2025,"07125",0
2011,"08001",10.6627528376019
2012,"08001",8.72407050349243
2013,"08001",13.570776338766
2014,"08001",8.72407050349243
2015,"08001",17
2016,"08001",15
2017,"08001",5
2018,"08001",6
2019,"08001",3
2020,"08001",6
2021,"08001",10
2022,"08001",25
2023,"08001",22
2024,"08001",17
2025,"08001",11
2011,"08002",20.356164508149
2012,"08002",28.1108938445867
2013,"08002",16.4787998399302
2014,"08002",9.69341167054715
2015,"08002",20
2016,"08002",16
2017,"08002",17
2018,"08002",21
2019,"08002",26
2020,"08002",11
2021,"08002",28
2022,"08002",11
2023,"08002",11
2024,"08002",18
2025,"08002",30
2011,"08003",7.75472933643772
2012,"08003",5.81604700232829
2013,"08003",5.81604700232829
2014,"08003",1.93868233410943
2015,"08003",3
2016,"08003",2
2017,"08003",7
2018,"08003",7
2019,"08003",6
2020,"08003",2
2021,"08003",3
2022,"08003",4
2023,"08003",9
2024,"08003",8
2025,"08003",5
2011,"08004",10.6627528376019
2012,"08004",6.785388169383
2013,"08004",0.969341167054715
2014,"08004",1.93868233410943
2015,"08004",4
2016,"08004",6
2017,"08004",5
2018,"08004",13
2019,"08004",7
2020,"08004",14
2021,"08004",20
2022,"08004",23
2023,"08004",11
2024,"08004",12
2025,"08004",15
2011,"08005",33.926940846915
2012,"08005",22.2948468422584
2013,"08005",14.5401175058207
2014,"08005",10.6627528376019
2015,"08005",10
2016,"08005",13
2017,"08005",13
2018,"08005",4
2019,"08005",6
2020,"08005",12
2021,"08005",9
2022,"08005",6
2023,"08005",3
2024,"08005",5
2025,"08005",2
2011,"08006",2.90802350116414
2012,"08006",1.93868233410943
2013,"08006",0
2014,"08006",2.90802350116414
2015,"08006",1
2016,"08006",1
2017,"08006",4
2018,"08006",4
2019,"08006",2
2020,"08006",2
2021,"08006",2
2022,"08006",4
2023,"08006",2
2024,"08006",5
2025,"08006",2
2011,"08007",26.1722115104773
2012,"08007",20.356164508149
2013,"08007",21.3255056752037
2014,"08007",14.5401175058207
2015,"08007",14
2016,"08007",14
2017,"08007",16
2018,"08007",15
2019,"08007",15
2020,"08007",6
2021,"08007",16
2022,"08007",14
2023,"08007",11
2024,"08007",14
2025,"08007",17
2011,"08008",19.3868233410943
2012,"08008",31.0189173457509
2013,"08008",20.356164508149
2014,"08008",12.6014351717113
2015,"08008",16
2016,"08008",15
2017,"08008",16
2018,"08008",12
2019,"08008",5
2020,"08008",8
2021,"08008",4
2022,"08008",5
2023,"08008",4
2024,"08008",6
2025,"08008",4
2011,"08009",31.0189173457509
2012,"08009",39.7429878492433
2013,"08009",26.1722115104773
2014,"08009",35.8656231810244
2015,"08009",31
2016,"08009",38
2017,"08009",33
2018,"08009",31
2019,"08009",49
2020,"08009",52
2021,"08009",34
2022,"08009",15
2023,"08009",19
2024,"08009",11
2025,"08009",22
2011,"08010",12.6014351717113
2012,"08010",21.3255056752037
2013,"08010",11.6320940046566
2014,"08010",8.72407050349243
2015,"08010",9
2016,"08010",19
2017,"08010",9
2018,"08010",7
2019,"08010",5
2020,"08010",7
2021,"08010",9
2022,"08010",6
2023,"08010",7
2024,"08010",6
2025,"08010",8
2011,"08011",63.9765170256112
2012,"08011",64.9458581926659
2013,"08011",51.3750818538999
2014,"08011",32.9575996798603
2015,"08011",28
2016,"08011",32
2017,"08011",37
2018,"08011",20
2019,"08011",27
2020,"08011",16
2021,"08011",27
2022,"08011",23
2023,"08011",26
2024,"08011",19
2025,"08011",14
2011,"08012",6.785388169383
2012,"08012",6.785388169383
2013,"08012",5.81604700232829
2014,"08012",4.84670583527357
2015,"08012",5
2016,"08012",3
2017,"08012",4
2018,"08012",6
2019,"08012",4
2020,"08012",4
2021,"08012",2
2022,"08012",6
2023,"08012",12
2024,"08012",2
2025,"08012",6
2011,"08013",0.969341167054715
2012,"08013",0.969341167054715
2013,"08013",4.84670583527357
2014,"08013",4.84670583527357
2015,"08013",6
2016,"08013",5
2017,"08013",4
2018,"08013",10
2019,"08013",4
2020,"08013",5
2021,"08013",5
2022,"08013",18
2023,"08013",18
2024,"08013",24
2025,"08013",10
2011,"08014",0
2012,"08014",0.969341167054715
2013,"08014",0.969341167054715
2014,"08014",0
2015,"08014",1
2016,"08014",1
2017,"08014",0
2018,"08014",1
2019,"08014",0
2020,"08014",1
2021,"08014",2
2022,"08014",2
2023,"08014",2
2024,"08014",0
2025,"08014",0
2011,"08015",0.969341167054715
2012,"08015",1.93868233410943
2013,"08015",0
2014,"08015",0
2015,"08015",1
2016,"08015",0
2017,"08015",1
2018,"08015",0
2019,"08015",0
2020,"08015",1
2021,"08015",1
2022,"08015",0
2023,"08015",0
2024,"08015",1
2025,"08015",4
2011,"08016",6.785388169383
2012,"08016",5.81604700232829
2013,"08016",2.90802350116414
2014,"08016",0
2015,"08016",3
2016,"08016",0
2017,"08016",2
2018,"08016",1
2019,"08016",3
2020,"08016",1
2021,"08016",2
2022,"08016",4
2023,"08016",2
2024,"08016",4
2025,"08016",1
2011,"08017",92.0874108701979
2012,"08017",75.6086110302678
2013,"08017",63.9765170256112
2014,"08017",56.2217876891735
2015,"08017",67
2016,"08017",59
2017,"08017",106
2018,"08017",111
2019,"08017",157
2020,"08017",152
2021,"08017",129
2022,"08017",131
2023,"08017",144
2024,"08017",143
2025,"08017",125
2011,"08018",20.356164508149
2012,"08018",9.69341167054715
2013,"08018",3.87736466821886
2014,"08018",2.90802350116414
2015,"08018",4
2016,"08018",4
2017,"08018",4
2018,"08018",5
2019,"08018",7
2020,"08018",5
2021,"08018",7
2022,"08018",3
2023,"08018",1
2024,"08018",6
2025,"08018",5
2011,"08019",649.458581926659
2012,"08019",452.682325014552
2013,"08019",326.667973297439
2014,"08019",238.45792709546
2015,"08019",201
2016,"08019",314
2017,"08019",421
2018,"08019",334
2019,"08019",385
2020,"08019",385
2021,"08019",409
2022,"08019",439
2023,"08019",403
2024,"08019",416
2025,"08019",369
2011,"08020",6.785388169383
2012,"08020",7.75472933643772
2013,"08020",11.6320940046566
2014,"08020",0.969341167054715
2015,"08020",5
2016,"08020",2
2017,"08020",5
2018,"08020",1
2019,"08020",4
2020,"08020",1
2021,"08020",3
2022,"08020",3
2023,"08020",0
2024,"08020",0
2025,"08020",1
2011,"08021",85.3020227008149
2012,"08021",54.283105355064
2013,"08021",54.283105355064
2014,"08021",25.2028703434226
2015,"08021",29
2016,"08021",23
2017,"08021",26
2018,"08021",15
2019,"08021",19
2020,"08021",25
2021,"08021",24
2022,"08021",23
2023,"08021",33
2024,"08021",22
2025,"08021",16
2011,"08022",0
2012,"08022",2.90802350116414
2013,"08022",0.969341167054715
2014,"08022",1.93868233410943
2015,"08022",4
2016,"08022",6
2017,"08022",1
2018,"08022",3
2019,"08022",1
2020,"08022",2
2021,"08022",0
2022,"08022",0
2023,"08022",3
2024,"08022",0
2025,"08022",3
2011,"08023",2.90802350116414
2012,"08023",1.93868233410943
2013,"08023",1.93868233410943
2014,"08023",0.969341167054715
2015,"08023",1
2016,"08023",1
2017,"08023",1
2018,"08023",1
2019,"08023",1
2020,"08023",0
2021,"08023",1
2022,"08023",1
2023,"08023",2
2024,"08023",1
2025,"08023",1
2011,"08024",6.785388169383
2012,"08024",7.75472933643772
2013,"08024",3.87736466821886
2014,"08024",3.87736466821886
2015,"08024",9
2016,"08024",9
2017,"08024",14
2018,"08024",9
2019,"08024",7
2020,"08024",5
2021,"08024",7
2022,"08024",6
2023,"08024",5
2024,"08024",7
2025,"08024",4
2011,"08025",1.93868233410943
2012,"08025",0.969341167054715
2013,"08025",0.969341167054715
2014,"08025",0
2015,"08025",0
2016,"08025",3
2017,"08025",4
2018,"08025",11
2019,"08025",4
2020,"08025",3
2021,"08025",1
2022,"08025",0
2023,"08025",0
2024,"08025",0
2025,"08025",4
2011,"08026",5.81604700232829
2012,"08026",2.90802350116414
2013,"08026",12.6014351717113
2014,"08026",5.81604700232829
2015,"08026",5
2016,"08026",3
2017,"08026",6
2018,"08026",1
2019,"08026",3
2020,"08026",2
2021,"08026",3
2022,"08026",3
2023,"08026",0
2024,"08026",2
2025,"08026",3
2011,"08027",68.8232228608847
2012,"08027",82.3939991996508
2013,"08027",63.0071758585565
2014,"08027",52.3444230209546
2015,"08027",73
2016,"08027",66
2017,"08027",43
2018,"08027",35
2019,"08027",47
2020,"08027",39
2021,"08027",34
2022,"08027",46
2023,"08027",43
2024,"08027",53
2025,"08027",62
2011,"08028",15.5094586728754
2012,"08028",4.84670583527357
2013,"08028",6.785388169383
2014,"08028",2.90802350116414
2015,"08028",10
2016,"08028",9
2017,"08028",5
2018,"08028",3
2019,"08028",4
2020,"08028",5
2021,"08028",1
2022,"08028",3
2023,"08028",3
2024,"08028",3
2025,"08028",1
2011,"08029",95.9647755384168
2012,"08029",160.910633731083
2013,"08029",113.412916545402
2014,"08029",82.3939991996508
2015,"08029",95
2016,"08029",100
2017,"08029",99
2018,"08029",66
2019,"08029",62
2020,"08029",56
2021,"08029",60
2022,"08029",56
2023,"08029",45
2024,"08029",64
2025,"08029",57
2011,"08030",15.5094586728754
2012,"08030",14.5401175058207
2013,"08030",13.570776338766
2014,"08030",5.81604700232829
2015,"08030",10
2016,"08030",6
2017,"08030",10
2018,"08030",11
2019,"08030",6
2020,"08030",2
2021,"08030",4
2022,"08030",4
2023,"08030",1
2024,"08030",7
2025,"08030",3
2011,"08031",25.2028703434226
2012,"08031",28.1108938445867
2013,"08031",22.2948468422584
2014,"08031",19.3868233410943
2015,"08031",27
2016,"08031",21
2017,"08031",36
2018,"08031",37
2019,"08031",34
2020,"08031",37
2021,"08031",23
2022,"08031",31
2023,"08031",30
2024,"08031",16
2025,"08031",16
2011,"08032",106.627528376019
2012,"08032",58.1604700232829
2013,"08032",62.0378346915017
2014,"08032",61.068493524447
2015,"08032",48
2016,"08032",33
2017,"08032",35
2018,"08032",18
2019,"08032",31
2020,"08032",23
2021,"08032",34
2022,"08032",27
2023,"08032",16
2024,"08032",21
2025,"08032",14
2011,"08033",0
2012,"08033",1.93868233410943
2013,"08033",0
2014,"08033",0
2015,"08033",2
2016,"08033",3
2017,"08033",1
2018,"08033",1
2019,"08033",3
2020,"08033",1
2021,"08033",1
2022,"08033",1
2023,"08033",0
2024,"08033",0
2025,"08033",0
2011,"08034",2.90802350116414
2012,"08034",5.81604700232829
2013,"08034",1.93868233410943
2014,"08034",1.93868233410943
2015,"08034",2
2016,"08034",0
2017,"08034",8
2018,"08034",9
2019,"08034",4
2020,"08034",2
2021,"08034",11
2022,"08034",5
2023,"08034",4
2024,"08034",0
2025,"08034",2
2011,"08035",10.6627528376019
2012,"08035",14.5401175058207
2013,"08035",10.6627528376019
2014,"08035",7.75472933643772
2015,"08035",2
2016,"08035",9
2017,"08035",6
2018,"08035",1
2019,"08035",3
2020,"08035",2
2021,"08035",6
2022,"08035",3
2023,"08035",5
2024,"08035",3
2025,"08035",2
2011,"08036",50.4057406868452
2012,"08036",27.141552677532
2013,"08036",57.1911288562282
2014,"08036",30.0495761786962
2015,"08036",27
2016,"08036",27
2017,"08036",33
2018,"08036",29
2019,"08036",22
2020,"08036",18
2021,"08036",14
2022,"08036",15
2023,"08036",14
2024,"08036",9
2025,"08036",8
2011,"08037",1504.41749126892
2012,"08037",741.545992796857
2013,"08037",507.93477153667
2014,"08037",434.264842840512
2015,"08037",305
2016,"08037",502
2017,"08037",676
2018,"08037",1065
2019,"08037",1332
2020,"08037",1482
2021,"08037",1274
2022,"08037",950
2023,"08037",1034
2024,"08037",963
2025,"08037",822
2011,"08038",1.93868233410943
2012,"08038",3.87736466821886
2013,"08038",2.90802350116414
2014,"08038",1.93868233410943
2015,"08038",2
2016,"08038",4
2017,"08038",1
2018,"08038",0
2019,"08038",1
2020,"08038",3
2021,"08038",1
2022,"08038",1
2023,"08038",0
2024,"08038",0
2025,"08038",3
2011,"08039",3.87736466821886
2012,"08039",3.87736466821886
2013,"08039",4.84670583527357
2014,"08039",0.969341167054715
2015,"08039",1
2016,"08039",2
2017,"08039",5
2018,"08039",2
2019,"08039",9
2020,"08039",3
2021,"08039",2
2022,"08039",1
2023,"08039",1
2024,"08039",2
2025,"08039",0
2011,"08040",21.3255056752037
2012,"08040",16.4787998399302
2013,"08040",12.6014351717113
2014,"08040",11.6320940046566
2015,"08040",12
2016,"08040",13
2017,"08040",39
2018,"08040",23
2019,"08040",26
2020,"08040",31
2021,"08040",10
2022,"08040",19
2023,"08040",24
2024,"08040",12
2025,"08040",10
2011,"08041",0
2012,"08041",2.90802350116414
2013,"08041",2.90802350116414
2014,"08041",0.969341167054715
2015,"08041",3
2016,"08041",0
2017,"08041",3
2018,"08041",2
2019,"08041",2
2020,"08041",0
2021,"08041",0
2022,"08041",0
2023,"08041",0
2024,"08041",1
2025,"08041",1
2011,"08042",0
2012,"08042",0
2013,"08042",0
2014,"08042",0
2015,"08042",0
2016,"08042",0
2017,"08042",2
2018,"08042",0
2019,"08042",1
2020,"08042",1
2021,"08042",0
2022,"08042",0
2023,"08042",0
2024,"08042",1
2025,"08042",0
2011,"08043",0.969341167054715
2012,"08043",2.90802350116414
2013,"08043",3.87736466821886
2014,"08043",1.93868233410943
2015,"08043",0
2016,"08043",1
2017,"08043",0
2018,"08043",0
2019,"08043",1
2020,"08043",0
2021,"08043",0
2022,"08043",0
2023,"08043",1
2024,"08043",0
2025,"08043",0
2011,"08044",4.84670583527357
2012,"08044",13.570776338766
2013,"08044",0.969341167054715
2014,"08044",3.87736466821886
2015,"08044",1
2016,"08044",0
2017,"08044",0
2018,"08044",1
2019,"08044",2
2020,"08044",0
2021,"08044",4
2022,"08044",1
2023,"08044",1
2024,"08044",2
2025,"08044",1
2011,"08045",95.9647755384168
2012,"08045",127.953034051222
2013,"08045",32.9575996798603
2014,"08045",23.2641880093132
2015,"08045",12
2016,"08045",10
2017,"08045",14
2018,"08045",15
2019,"08045",12
2020,"08045",14
2021,"08045",23
2022,"08045",19
2023,"08045",17
2024,"08045",21
2025,"08045",10
2011,"08046",21.3255056752037
2012,"08046",21.3255056752037
2013,"08046",16.4787998399302
2014,"08046",7.75472933643772
2015,"08046",6
2016,"08046",11
2017,"08046",8
2018,"08046",6
2019,"08046",4
2020,"08046",3
2021,"08046",4
2022,"08046",3
2023,"08046",2
2024,"08046",0
2025,"08046",1
2011,"08047",8.72407050349243
2012,"08047",9.69341167054715
2013,"08047",7.75472933643772
2014,"08047",4.84670583527357
2015,"08047",10
2016,"08047",3
2017,"08047",3
2018,"08047",8
2019,"08047",4
2020,"08047",5
2021,"08047",4
2022,"08047",6
2023,"08047",2
2024,"08047",7
2025,"08047",12
2011,"08048",10.6627528376019
2012,"08048",8.72407050349243
2013,"08048",4.84670583527357
2014,"08048",5.81604700232829
2015,"08048",11
2016,"08048",5
2017,"08048",11
2018,"08048",13
2019,"08048",8
2020,"08048",5
2021,"08048",8
2022,"08048",12
2023,"08048",12
2024,"08048",6
2025,"08048",8
2011,"08049",0.969341167054715
2012,"08049",0
2013,"08049",0
2014,"08049",0.969341167054715
2015,"08049",2
2016,"08049",1
2017,"08049",0
2018,"08049",0
2019,"08049",2
2020,"08049",3
2021,"08049",2
2022,"08049",2
2023,"08049",0
2024,"08049",0
2025,"08049",3
2011,"08050",20.356164508149
2012,"08050",13.570776338766
2013,"08050",9.69341167054715
2014,"08050",14.5401175058207
2015,"08050",14
2016,"08050",9
2017,"08050",9
2018,"08050",14
2019,"08050",12
2020,"08050",13
2021,"08050",18
2022,"08050",10
2023,"08050",7
2024,"08050",12
2025,"08050",14
2011,"08051",13.570776338766
2012,"08051",9.69341167054715
2013,"08051",10.6627528376019
2014,"08051",9.69341167054715
2015,"08051",6
2016,"08051",12
2017,"08051",7
2018,"08051",7
2019,"08051",9
2020,"08051",9
2021,"08051",4
2022,"08051",4
2023,"08051",1
2024,"08051",2
2025,"08051",1
2011,"08052",16.4787998399302
2012,"08052",18.4174821740396
2013,"08052",12.6014351717113
2014,"08052",18.4174821740396
2015,"08052",11
2016,"08052",12
2017,"08052",13
2018,"08052",13
2019,"08052",4
2020,"08052",6
2021,"08052",8
2022,"08052",7
2023,"08052",6
2024,"08052",19
2025,"08052",9
2011,"08053",18.4174821740396
2012,"08053",4.84670583527357
2013,"08053",2.90802350116414
2014,"08053",4.84670583527357
2015,"08053",11
2016,"08053",10
2017,"08053",0
2018,"08053",1
2019,"08053",1
2020,"08053",0
2021,"08053",3
2022,"08053",0
2023,"08053",2
2024,"08053",0
2025,"08053",0
2011,"08054",13.570776338766
2012,"08054",5.81604700232829
2013,"08054",8.72407050349243
2014,"08054",7.75472933643772
2015,"08054",7
2016,"08054",6
2017,"08054",5
2018,"08054",3
2019,"08054",1
2020,"08054",2
2021,"08054",2
2022,"08054",3
2023,"08054",3
2024,"08054",3
2025,"08054",5
2011,"08055",33.926940846915
2012,"08055",25.2028703434226
2013,"08055",12.6014351717113
2014,"08055",7.75472933643772
2015,"08055",5
2016,"08055",2
2017,"08055",3
2018,"08055",3
2019,"08055",11
2020,"08055",16
2021,"08055",14
2022,"08055",12
2023,"08055",11
2024,"08055",7
2025,"08055",5
2011,"08056",0.969341167054715
2012,"08056",0
2013,"08056",0.969341167054715
2014,"08056",0
2015,"08056",0
2016,"08056",4
2017,"08056",2
2018,"08056",1
2019,"08056",1
2020,"08056",0
2021,"08056",1
2022,"08056",1
2023,"08056",0
2024,"08056",0
2025,"08056",0
2011,"08057",0.969341167054715
2012,"08057",1.93868233410943
2013,"08057",0
2014,"08057",0
2015,"08057",2
2016,"08057",0
2017,"08057",3
2018,"08057",2
2019,"08057",3
2020,"08057",1
2021,"08057",0
2022,"08057",2
2023,"08057",1
2024,"08057",0
2025,"08057",2
2011,"08058",3.87736466821886
2012,"08058",2.90802350116414
2013,"08058",0.969341167054715
2014,"08058",0
2015,"08058",0
2016,"08058",1
2017,"08058",1
2018,"08058",1
2019,"08058",0
2020,"08058",0
2021,"08058",0
2022,"08058",0
2023,"08058",0
2024,"08058",1
2025,"08058",1
2011,"08059",0.969341167054715
2012,"08059",3.87736466821886
2013,"08059",5.81604700232829
2014,"08059",2.90802350116414
2015,"08059",2
2016,"08059",1
2017,"08059",4
2018,"08059",2
2019,"08059",1
2020,"08059",3
2021,"08059",7
2022,"08059",4
2023,"08059",2
2024,"08059",1
2025,"08059",4
2011,"08060",6.785388169383
2012,"08060",1.93868233410943
2013,"08060",0.969341167054715
2014,"08060",4.84670583527357
2015,"08060",2
2016,"08060",3
2017,"08060",4
2018,"08060",6
2019,"08060",2
2020,"08060",8
2021,"08060",4
2022,"08060",5
2023,"08060",5
2024,"08060",6
2025,"08060",6
2011,"08061",4.84670583527357
2012,"08061",4.84670583527357
2013,"08061",4.84670583527357
2014,"08061",8.72407050349243
2015,"08061",9
2016,"08061",9
2017,"08061",8
2018,"08061",9
2019,"08061",6
2020,"08061",3
2021,"08061",7
2022,"08061",4
2023,"08061",5
2024,"08061",5
2025,"08061",3
2011,"08062",38.7736466821886
2012,"08062",14.5401175058207
2013,"08062",16.4787998399302
2014,"08062",8.72407050349243
2015,"08062",6
2016,"08062",8
2017,"08062",8
2018,"08062",3
2019,"08062",10
2020,"08062",11
2021,"08062",9
2022,"08062",14
2023,"08062",18
2024,"08062",8
2025,"08062",12
2011,"08063",11.6320940046566
2012,"08063",6.785388169383
2013,"08063",5.81604700232829
2014,"08063",4.84670583527357
2015,"08063",7
2016,"08063",0
2017,"08063",7
2018,"08063",6
2019,"08063",8
2020,"08063",9
2021,"08063",7
2022,"08063",4
2023,"08063",8
2024,"08063",2
2025,"08063",8
2011,"08064",0
2012,"08064",3.87736466821886
2013,"08064",0
2014,"08064",0
2015,"08064",0
2016,"08064",2
2017,"08064",1
2018,"08064",0
2019,"08064",0
2020,"08064",0
2021,"08064",1
2022,"08064",3
2023,"08064",1
2024,"08064",0
2025,"08064",1
2011,"08065",41.6816701833527
2012,"08065",32.9575996798603
2013,"08065",31.0189173457509
2014,"08065",30.0495761786962
2015,"08065",30
2016,"08065",24
2017,"08065",17
2018,"08065",12
2019,"08065",17
2020,"08065",11
2021,"08065",15
2022,"08065",15
2023,"08065",12
2024,"08065",7
2025,"08065",8
2011,"08066",19.3868233410943
2012,"08066",11.6320940046566
2013,"08066",10.6627528376019
2014,"08066",6.785388169383
2015,"08066",16
2016,"08066",13
2017,"08066",13
2018,"08066",6
2019,"08066",2
2020,"08066",4
2021,"08066",3
2022,"08066",3
2023,"08066",2
2024,"08066",1
2025,"08066",6
2011,"08067",6.785388169383
2012,"08067",4.84670583527357
2013,"08067",6.785388169383
2014,"08067",0
2015,"08067",3
2016,"08067",1
2017,"08067",4
2018,"08067",6
2019,"08067",5
2020,"08067",8
2021,"08067",7
2022,"08067",3
2023,"08067",3
2024,"08067",5
2025,"08067",6
2011,"09002",48.4670583527357
2012,"09002",68.8232228608847
2013,"09002",38.7736466821886
2014,"09002",57.1911288562282
2015,"09002",73
2016,"09002",46
2017,"09002",57
2018,"09002",60
2019,"09002",74
2020,"09002",68
2021,"09002",64
2022,"09002",56
2023,"09002",67
2024,"09002",60
2025,"09002",66
2011,"09003",72.7005875291036
2012,"09003",65.9151993597206
2013,"09003",54.283105355064
2014,"09003",79.4859756984866
2015,"09003",56
2016,"09003",70
2017,"09003",64
2018,"09003",82
2019,"09003",93
2020,"09003",75
2021,"09003",61
2022,"09003",64
2023,"09003",58
2024,"09003",84
2025,"09003",67
2011,"09004",30.0495761786962
2012,"09004",35.8656231810244
2013,"09004",26.1722115104773
2014,"09004",24.2335291763679
2015,"09004",35
2016,"09004",18
2017,"09004",31
2018,"09004",36
2019,"09004",34
2020,"09004",23
2021,"09004",25
2022,"09004",25
2023,"09004",29
2024,"09004",30
2025,"09004",32
2011,"09005",232.641880093132
2012,"09005",207.439009749709
2013,"09005",228.764515424913
2014,"09005",196.776256912107
2015,"09005",245
2016,"09005",238
2017,"09005",281
2018,"09005",310
2019,"09005",279
2020,"09005",236
2021,"09005",222
2022,"09005",212
2023,"09005",203
2024,"09005",165
2025,"09005",149
2011,"09006",52.3444230209546
2012,"09006",64.9458581926659
2013,"09006",47.497717185681
2014,"09006",59.1298111903376
2015,"09006",58
2016,"09006",66
2017,"09006",50
2018,"09006",70
2019,"09006",71
2020,"09006",90
2021,"09006",63
2022,"09006",65
2023,"09006",56
2024,"09006",83
2025,"09006",57
2011,"09007",278.200914944703
2012,"09007",283.047620779977
2013,"09007",270.446185608265
2014,"09007",269.476844441211
2015,"09007",312
2016,"09007",349
2017,"09007",347
2018,"09007",428
2019,"09007",424
2020,"09007",375
2021,"09007",329
2022,"09007",251
2023,"09007",297
2024,"09007",359
2025,"09007",308
2011,"09008",18.4174821740396
2012,"09008",9.69341167054715
2013,"09008",11.6320940046566
2014,"09008",12.6014351717113
2015,"09008",14
2016,"09008",22
2017,"09008",22
2018,"09008",30
2019,"09008",32
2020,"09008",25
2021,"09008",19
2022,"09008",16
2023,"09008",17
2024,"09008",31
2025,"09008",28
2011,"09009",17.4481410069849
2012,"09009",11.6320940046566
2013,"09009",14.5401175058207
2014,"09009",18.4174821740396
2015,"09009",16
2016,"09009",23
2017,"09009",25
2018,"09009",24
2019,"09009",28
2020,"09009",21
2021,"09009",12
2022,"09009",22
2023,"09009",26
2024,"09009",23
2025,"09009",24
2011,"09010",105.658187208964
2012,"09010",95.9647755384168
2013,"09010",90.1487285360885
2014,"09010",98.8727990395809
2015,"09010",108
2016,"09010",95
2017,"09010",147
2018,"09010",126
2019,"09010",174
2020,"09010",101
2021,"09010",82
2022,"09010",94
2023,"09010",84
2024,"09010",111
2025,"09010",112
2011,"09011",39.7429878492433
2012,"09011",45.5590348515716
2013,"09011",53.3137641880093
2014,"09011",55.2524465221187
2015,"09011",38
2016,"09011",53
2017,"09011",59
2018,"09011",74
2019,"09011",91
2020,"09011",84
2021,"09011",61
2022,"09011",71
2023,"09011",73
2024,"09011",66
2025,"09011",62
2011,"09012",94.995434371362
2012,"09012",106.627528376019
2013,"09012",96.9341167054715
2014,"09012",88.210046201979
2015,"09012",106
2016,"09012",87
2017,"09012",123
2018,"09012",144
2019,"09012",174
2020,"09012",176
2021,"09012",114
2022,"09012",110
2023,"09012",122
2024,"09012",130
2025,"09012",102
2011,"09013",42.6510113504075
2012,"09013",41.6816701833527
2013,"09013",57.1911288562282
2014,"09013",58.1604700232829
2015,"09013",45
2016,"09013",57
2017,"09013",67
2018,"09013",84
2019,"09013",64
2020,"09013",58
2021,"09013",72
2022,"09013",69
2023,"09013",57
2024,"09013",72
2025,"09013",75
2011,"09014",78.5166345314319
2012,"09014",76.5779521973225
2013,"09014",55.2524465221187
2014,"09014",68.8232228608847
2015,"09014",58
2016,"09014",59
2017,"09014",72
2018,"09014",49
2019,"09014",39
2020,"09014",67
2021,"09014",63
2022,"09014",68
2023,"09014",42
2024,"09014",47
2025,"09014",38
2011,"09015",143.462492724098
2012,"09015",136.677104554715
2013,"09015",132.799739886496
2014,"09015",135.70776338766
2015,"09015",169
2016,"09015",163
2017,"09015",184
2018,"09015",175
2019,"09015",170
2020,"09015",147
2021,"09015",134
2022,"09015",123
2023,"09015",130
2024,"09015",143
2025,"09015",129
2011,"09016",89.1793873690338
2012,"09016",72.7005875291036
2013,"09016",88.210046201979
2014,"09016",73.6699286961583
2015,"09016",85
2016,"09016",77
2017,"09016",95
2018,"09016",77
2019,"09016",76
2020,"09016",69
2021,"09016",56
2022,"09016",58
2023,"09016",56
2024,"09016",62
2025,"09016",64
2011,"09017",133.769081053551
2012,"09017",126.983692884168
2013,"09017",145.401175058207
2014,"09017",108.566210710128
2015,"09017",166
2016,"09017",170
2017,"09017",192
2018,"09017",209
2019,"09017",174
2020,"09017",146
2021,"09017",154
2022,"09017",131
2023,"09017",97
2024,"09017",105
2025,"09017",116
2014,"09998",0.969341167054715
2015,"09998",1
2016,"09998",1
2017,"09998",0
2018,"09998",1
2019,"09998",0
2020,"09998",0
2021,"09998",6
2022,"09998",2
2023,"09998",54
2024,"09998",92
2025,"09998",86
2011,"10001",17.4481410069849
2012,"10001",6.785388169383
2013,"10001",5.81604700232829
2014,"10001",11.6320940046566
2015,"10001",10
2016,"10001",8
2017,"10001",9
2018,"10001",8
2019,"10001",10
2020,"10001",7
2021,"10001",7
2022,"10001",10
2023,"10001",5
2024,"10001",14
2025,"10001",7
2012,"10002",1.93868233410943
2013,"10002",0
2014,"10002",0
2015,"10002",4
2016,"10002",2
2017,"10002",0
2018,"10002",3
2019,"10002",2
2020,"10002",2
2021,"10002",4
2022,"10002",0
2023,"10002",0
2024,"10002",0
2025,"10002",0
2012,"10003",0
2013,"10003",0
2014,"10003",0
2015,"10003",2
2016,"10003",0
2017,"10003",0
2018,"10003",1
2019,"10003",2
2020,"10003",0
2021,"10003",0
2022,"10003",0
2023,"10003",0
2024,"10003",0
2025,"10003",0
2011,"10004",30.0495761786962
2012,"10004",19.3868233410943
2013,"10004",31.0189173457509
2014,"10004",29.0802350116414
2015,"10004",18
2016,"10004",5
2017,"10004",9
2018,"10004",7
2019,"10004",13
2020,"10004",7
2021,"10004",11
2022,"10004",23
2023,"10004",9
2024,"10004",12
2025,"10004",11
2011,"10005",277.231573777648
2012,"10005",208.408350916764
2013,"10005",153.155904394645
2014,"10005",102.7501637078
2015,"10005",95
2016,"10005",117
2017,"10005",91
2018,"10005",86
2019,"10005",89
2020,"10005",77
2021,"10005",119
2022,"10005",114
2023,"10005",107
2024,"10005",104
2025,"10005",68
2012,"10006",0
2013,"10006",0
2014,"10006",0
2015,"10006",0
2016,"10006",1
2017,"10006",0
2018,"10006",1
2019,"10006",1
2020,"10006",0
2021,"10006",0
2022,"10006",1
2023,"10006",1
2024,"10006",0
2025,"10006",1
2012,"10007",154.1252455617
2013,"10007",192.898892243888
2014,"10007",134.738422220605
2015,"10007",115
2016,"10007",84
2017,"10007",91
2018,"10007",121
2019,"10007",63
2020,"10007",41
2021,"10007",48
2022,"10007",49
2023,"10007",49
2024,"10007",42
2025,"10007",50
2011,"10008",4.84670583527357
2012,"10008",8.72407050349243
2013,"10008",14.5401175058207
2014,"10008",7.75472933643772
2015,"10008",15
2016,"10008",13
2017,"10008",2
2018,"10008",9
2019,"10008",5
2020,"10008",1
2021,"10008",5
2022,"10008",16
2023,"10008",4
2024,"10008",2
2025,"10008",9
2011,"10009",0
2012,"10009",1.93868233410943
2013,"10009",11.6320940046566
2014,"10009",4.84670583527357
2015,"10009",7
2016,"10009",3
2017,"10009",6
2018,"10009",0
2019,"10009",2
2020,"10009",4
2021,"10009",6
2022,"10009",7
2023,"10009",1
2024,"10009",0
2025,"10009",1
2012,"10010",0
2013,"10010",0
2014,"10010",0
2015,"10010",1
2016,"10010",1
2017,"10010",3
2018,"10010",0
2019,"10010",5
2020,"10010",0
2021,"10010",0
2022,"10010",0
2023,"10010",0
2024,"10010",2
2025,"10010",1
2012,"10011",0
2013,"10011",0
2014,"10011",0
2015,"10011",2
2016,"10011",0
2017,"10011",0
2018,"10011",2
2019,"10011",1
2020,"10011",1
2021,"10011",1
2022,"10011",1
2023,"10011",2
2024,"10011",1
2025,"10011",0
2011,"10012",302.434444121071
2012,"10012",204.530986248545
2013,"10012",67.85388169383
2014,"10012",51.3750818538999
2015,"10012",27
2016,"10012",30
2017,"10012",26
2018,"10012",26
2019,"10012",27
2020,"10012",29
2021,"10012",24
2022,"10012",17
2023,"10012",13
2024,"10012",21
2025,"10012",20
2011,"10013",0
2012,"10013",3.87736466821886
2013,"10013",0.969341167054715
2014,"10013",4.84670583527357
2015,"10013",1
2016,"10013",14
2017,"10013",21
2018,"10013",3
2019,"10013",15
2020,"10013",9
2021,"10013",11
2022,"10013",9
2023,"10013",9
2024,"10013",9
2025,"10013",5
2011,"10014",35.8656231810244
2012,"10014",25.2028703434226
2013,"10014",26.1722115104773
2014,"10014",16.4787998399302
2015,"10014",22
2016,"10014",26
2017,"10014",25
2018,"10014",20
2019,"10014",7
2020,"10014",10
2021,"10014",16
2022,"10014",14
2023,"10014",10
2024,"10014",8
2025,"10014",10
2011,"10015",1.93868233410943
2012,"10015",1.93868233410943
2013,"10015",4.84670583527357
2014,"10015",9.69341167054715
2015,"10015",10
2016,"10015",3
2017,"10015",6
2018,"10015",2
2019,"10015",8
2020,"10015",5
2021,"10015",5
2022,"10015",1
2023,"10015",4
2024,"10015",2
2025,"10015",2
2011,"10016",14.5401175058207
2012,"10016",11.6320940046566
2013,"10016",4.84670583527357
2014,"10016",2.90802350116414
2015,"10016",6
2016,"10016",9
2017,"10016",5
2018,"10016",4
2019,"10016",10
2020,"10016",5
2021,"10016",5
2022,"10016",3
2023,"10016",8
2024,"10016",3
2025,"10016",6
2012,"10017",0
2013,"10017",0
2014,"10017",0
2015,"10017",7
2016,"10017",9
2017,"10017",5
2018,"10017",2
2019,"10017",3
2020,"10017",3
2021,"10017",2
2022,"10017",4
2023,"10017",3
2024,"10017",0
2025,"10017",0
2011,"10018",21.3255056752037
2012,"10018",49.4363995197904
2013,"10018",19.3868233410943
2014,"10018",19.3868233410943
2015,"10018",12
2016,"10018",7
2017,"10018",1
2018,"10018",7
2019,"10018",4
2020,"10018",3
2021,"10018",4
2022,"10018",2
2023,"10018",3
2024,"10018",3
2025,"10018",2
2011,"10019",8.72407050349243
2012,"10019",3.87736466821886
2013,"10019",0
2014,"10019",0
2015,"10019",4
2016,"10019",1
2017,"10019",0
2018,"10019",5
2019,"10019",3
2020,"10019",1
2021,"10019",0
2022,"10019",0
2023,"10019",0
2024,"10019",0
2025,"10019",0
2011,"10020",5.81604700232829
2012,"10020",3.87736466821886
2013,"10020",3.87736466821886
2014,"10020",8.72407050349243
2015,"10020",6
2016,"10020",3
2017,"10020",4
2018,"10020",4
2019,"10020",5
2020,"10020",1
2021,"10020",2
2022,"10020",2
2023,"10020",2
2024,"10020",5
2025,"10020",5
2011,"10021",0.969341167054715
2012,"10021",0
2013,"10021",0
2014,"10021",0
2015,"10021",0
2016,"10021",2
2017,"10021",1
2018,"10021",1
2019,"10021",2
2020,"10021",1
2021,"10021",1
2022,"10021",2
2023,"10021",0
2024,"10021",2
2025,"10021",1
2011,"10022",24.2335291763679
2012,"10022",8.72407050349243
2013,"10022",12.6014351717113
2014,"10022",2.90802350116414
2015,"10022",5
2016,"10022",4
2017,"10022",5
2018,"10022",1
2019,"10022",3
2020,"10022",6
2021,"10022",4
2022,"10022",2
2023,"10022",5
2024,"10022",7
2025,"10022",4
2011,"10023",47.497717185681
2012,"10023",45.5590348515716
2013,"10023",40.712329016298
2014,"10023",58.1604700232829
2015,"10023",34
2016,"10023",24
2017,"10023",27
2018,"10023",33
2019,"10023",24
2020,"10023",28
2021,"10023",16
2022,"10023",17
2023,"10023",13
2024,"10023",11
2025,"10023",9
2011,"10024",14.5401175058207
2012,"10024",6.785388169383
2013,"10024",4.84670583527357
2014,"10024",0.969341167054715
2015,"10024",3
2016,"10024",5
2017,"10024",4
2018,"10024",4
2019,"10024",6
2020,"10024",1
2021,"10024",5
2022,"10024",8
2023,"10024",2
2024,"10024",3
2025,"10024",2
2012,"10025",0
2013,"10025",0
2014,"10025",0
2015,"10025",0
2016,"10025",1
2017,"10025",2
2018,"10025",0
2019,"10025",0
2020,"10025",0
2021,"10025",0
2022,"10025",0
2023,"10025",0
2024,"10025",1
2025,"10025",0
2011,"10026",14.5401175058207
2012,"10026",4.84670583527357
2013,"10026",34.8962820139697
2014,"10026",12.6014351717113
2015,"10026",18
2016,"10026",14
2017,"10026",20
2018,"10026",4
2019,"10026",3
2020,"10026",3
2021,"10026",10
2022,"10026",2
2023,"10026",5
2024,"10026",2
2025,"10026",3
2012,"10027",0
2013,"10027",0
2014,"10027",0
2015,"10027",0
2016,"10027",0
2017,"10027",2
2018,"10027",0
2019,"10027",1
2020,"10027",3
2021,"10027",0
2022,"10027",1
2023,"10027",2
2024,"10027",0
2025,"10027",0
2011,"10028",4.84670583527357
2012,"10028",5.81604700232829
2013,"10028",4.84670583527357
2014,"10028",4.84670583527357
2015,"10028",3
2016,"10028",4
2017,"10028",2
2018,"10028",4
2019,"10028",0
2020,"10028",3
2021,"10028",4
2022,"10028",3
2023,"10028",0
2024,"10028",4
2025,"10028",5
2012,"10029",0
2013,"10029",0
2014,"10029",0
2015,"10029",0
2016,"10029",0
2017,"10029",0
2018,"10029",0
2019,"10029",0
2020,"10029",1
2021,"10029",0
2022,"10029",0
2023,"10029",0
2024,"10029",0
2025,"10029",0
2012,"10030",0
2013,"10030",0
2014,"10030",0
2015,"10030",0
2016,"10030",0
2017,"10030",0
2018,"10030",0
2019,"10030",0
2020,"10030",0
2021,"10030",0
2022,"10030",0
2023,"10030",0
2024,"10030",0
2025,"10030",0
2012,"10031",0
2013,"10031",0
2014,"10031",0
2015,"10031",0
2016,"10031",8
2017,"10031",3
2018,"10031",2
2019,"10031",5
2020,"10031",4
2021,"10031",0
2022,"10031",0
2023,"10031",2
2024,"10031",2
2025,"10031",1
2011,"10032",70.7619051949942
2012,"10032",39.7429878492433
2013,"10032",25.2028703434226
2014,"10032",34.8962820139697
2015,"10032",20
2016,"10032",19
2017,"10032",10
2018,"10032",7
2019,"10032",10
2020,"10032",17
2021,"10032",14
2022,"10032",6
2023,"10032",13
2024,"10032",9
2025,"10032",11
2011,"10033",0
2012,"10033",1.93868233410943
2013,"10033",0
2014,"10033",0
2015,"10033",0
2016,"10033",1
2017,"10033",1
2018,"10033",1
2019,"10033",3
2020,"10033",3
2021,"10033",2
2022,"10033",1
2023,"10033",0
2024,"10033",3
2025,"10033",1
2011,"10034",34.8962820139697
2012,"10034",21.3255056752037
2013,"10034",25.2028703434226
2014,"10034",45.5590348515716
2015,"10034",28
2016,"10034",28
2017,"10034",39
2018,"10034",21
2019,"10034",16
2020,"10034",9
2021,"10034",16
2022,"10034",9
2023,"10034",10
2024,"10034",3
2025,"10034",4
2011,"10035",21.3255056752037
2012,"10035",13.570776338766
2013,"10035",11.6320940046566
2014,"10035",13.570776338766
2015,"10035",6
2016,"10035",6
2017,"10035",6
2018,"10035",7
2019,"10035",6
2020,"10035",6
2021,"10035",5
2022,"10035",4
2023,"10035",1
2024,"10035",3
2025,"10035",2
2011,"10036",0
2012,"10036",4.84670583527357
2013,"10036",5.81604700232829
2014,"10036",2.90802350116414
2015,"10036",3
2016,"10036",4
2017,"10036",6
2018,"10036",2
2019,"10036",2
2020,"10036",8
2021,"10036",3
2022,"10036",5
2023,"10036",1
2024,"10036",1
2025,"10036",4
2011,"10037",4.84670583527357
2012,"10037",8.72407050349243
2013,"10037",0.969341167054715
2014,"10037",0
2015,"10037",1
2016,"10037",1
2017,"10037",3
2018,"10037",2
2019,"10037",3
2020,"10037",1
2021,"10037",2
2022,"10037",0
2023,"10037",1
2024,"10037",0
2025,"10037",0
2011,"10038",23.2641880093132
2012,"10038",14.5401175058207
2013,"10038",6.785388169383
2014,"10038",2.90802350116414
2015,"10038",3
2016,"10038",3
2017,"10038",2
2018,"10038",4
2019,"10038",3
2020,"10038",10
2021,"10038",8
2022,"10038",3
2023,"10038",0
2024,"10038",5
2025,"10038",8
2011,"10039",23.2641880093132
2012,"10039",13.570776338766
2013,"10039",22.2948468422584
2014,"10039",9.69341167054715
2015,"10039",6
2016,"10039",4
2017,"10039",4
2018,"10039",4
2019,"10039",3
2020,"10039",4
2021,"10039",9
2022,"10039",9
2023,"10039",6
2024,"10039",0
2025,"10039",7
2011,"11001",20.356164508149
2012,"11001",32.9575996798603
2013,"11001",24.2335291763679
2014,"11001",27.141552677532
2015,"11001",44
2016,"11001",36
2017,"11001",41
2018,"11001",83
2019,"11001",113
2020,"11001",46
2021,"11001",56
2022,"11001",58
2023,"11001",64
2024,"11001",64
2025,"11001",46
2011,"11002",46.5283760186263
2012,"11002",41.6816701833527
2013,"11002",57.1911288562282
2014,"11002",67.85388169383
2015,"11002",56
2016,"11002",77
2017,"11002",73
2018,"11002",118
2019,"11002",175
2020,"11002",142
2021,"11002",101
2022,"11002",70
2023,"11002",84
2024,"11002",88
2025,"11002",95
2011,"11003",68.8232228608847
2012,"11003",65.9151993597206
2013,"11003",57.1911288562282
2014,"11003",64.9458581926659
2015,"11003",62
2016,"11003",84
2017,"11003",86
2018,"11003",73
2019,"11003",129
2020,"11003",77
2021,"11003",58
2022,"11003",69
2023,"11003",82
2024,"11003",101
2025,"11003",97
2011,"11004",14.5401175058207
2012,"11004",29.0802350116414
2013,"11004",25.2028703434226
2014,"11004",38.7736466821886
2015,"11004",42
2016,"11004",46
2017,"11004",61
2018,"11004",97
2019,"11004",117
2020,"11004",148
2021,"11004",69
2022,"11004",40
2023,"11004",32
2024,"11004",40
2025,"11004",62
2011,"11005",33.926940846915
2012,"11005",30.0495761786962
2013,"11005",41.6816701833527
2014,"11005",43.6203525174622
2015,"11005",57
2016,"11005",56
2017,"11005",117
2018,"11005",124
2019,"11005",113
2020,"11005",154
2021,"11005",166
2022,"11005",96
2023,"11005",82
2024,"11005",90
2025,"11005",89
2011,"11006",0
2012,"11006",0
2013,"11006",1.93868233410943
2014,"11006",0
2015,"11006",0
2016,"11006",2
2017,"11006",3
2018,"11006",2
2019,"11006",3
2020,"11006",1
2021,"11006",0
2022,"11006",1
2023,"11006",1
2024,"11006",1
2025,"11006",1
2011,"11007",144.431833891153
2012,"11007",163.818657232247
2013,"11007",143.462492724098
2014,"11007",143.462492724098
2015,"11007",150
2016,"11007",177
2017,"11007",272
2018,"11007",281
2019,"11007",352
2020,"11007",596
2021,"11007",444
2022,"11007",498
2023,"11007",432
2024,"11007",522
2025,"11007",357
2011,"11008",16.4787998399302
2012,"11008",27.141552677532
2013,"11008",14.5401175058207
2014,"11008",17.4481410069849
2015,"11008",17
2016,"11008",25
2017,"11008",24
2018,"11008",26
2019,"11008",16
2020,"11008",12
2021,"11008",5
2022,"11008",9
2023,"11008",10
2024,"11008",9
2025,"11008",14
2011,"11009",19.3868233410943
2012,"11009",15.5094586728754
2013,"11009",21.3255056752037
2014,"11009",21.3255056752037
2015,"11009",32
2016,"11009",35
2017,"11009",42
2018,"11009",41
2019,"11009",26
2020,"11009",63
2021,"11009",47
2022,"11009",29
2023,"11009",34
2024,"11009",43
2025,"11009",35
2011,"11010",0.969341167054715
2012,"11010",7.75472933643772
2013,"11010",2.90802350116414
2014,"11010",11.6320940046566
2015,"11010",5
2016,"11010",10
2017,"11010",8
2018,"11010",9
2019,"11010",3
2020,"11010",8
2021,"11010",2
2022,"11010",3
2023,"11010",5
2024,"11010",5
2025,"11010",4
2011,"11011",16.4787998399302
2012,"11011",28.1108938445867
2013,"11011",30.0495761786962
2014,"11011",31.9882585128056
2015,"11011",37
2016,"11011",37
2017,"11011",51
2018,"11011",116
2019,"11011",53
2020,"11011",122
2021,"11011",44
2022,"11011",46
2023,"11011",56
2024,"11011",43
2025,"11011",29
2011,"11012",11.6320940046566
2012,"11012",11.6320940046566
2013,"11012",15.5094586728754
2014,"11012",5.81604700232829
2015,"11012",12
2016,"11012",7
2017,"11012",19
2018,"11012",27
2019,"11012",27
2020,"11012",28
2021,"11012",9
2022,"11012",5
2023,"11012",13
2024,"11012",15
2025,"11012",16
2011,"11013",3.87736466821886
2012,"11013",3.87736466821886
2013,"11013",4.84670583527357
2014,"11013",13.570776338766
2015,"11013",12
2016,"11013",4
2017,"11013",9
2018,"11013",10
2019,"11013",9
2020,"11013",17
2021,"11013",6
2022,"11013",4
2023,"11013",8
2024,"11013",10
2025,"11013",5
2011,"11014",40.712329016298
2012,"11014",59.1298111903376
2013,"11014",86.2713638678696
2014,"11014",87.2407050349243
2015,"11014",79
2016,"11014",78
2017,"11014",89
2018,"11014",102
2019,"11014",78
2020,"11014",90
2021,"11014",56
2022,"11014",64
2023,"11014",66
2024,"11014",77
2025,"11014",84
2011,"11015",23.2641880093132
2012,"11015",47.497717185681
2013,"11015",45.5590348515716
2014,"11015",53.3137641880093
2015,"11015",69
2016,"11015",87
2017,"11015",66
2018,"11015",39
2019,"11015",60
2020,"11015",66
2021,"11015",34
2022,"11015",27
2023,"11015",42
2024,"11015",52
2025,"11015",39
2011,"11016",4.84670583527357
2012,"11016",12.6014351717113
2013,"11016",4.84670583527357
2014,"11016",2.90802350116414
2015,"11016",7
2016,"11016",6
2017,"11016",15
2018,"11016",24
2019,"11016",26
2020,"11016",14
2021,"11016",19
2022,"11016",8
2023,"11016",12
2024,"11016",19
2025,"11016",11
2011,"11017",122.136987048894
2012,"11017",161.879974898137
2013,"11017",206.469668582654
2014,"11017",195.806915745052
2015,"11017",248
2016,"11017",256
2017,"11017",274
2018,"11017",590
2019,"11017",571
2020,"11017",531
2021,"11017",349
2022,"11017",400
2023,"11017",374
2024,"11017",485
2025,"11017",442
2011,"11018",5.81604700232829
2012,"11018",8.72407050349243
2013,"11018",4.84670583527357
2014,"11018",14.5401175058207
2015,"11018",14
2016,"11018",9
2017,"11018",24
2018,"11018",39
2019,"11018",37
2020,"11018",36
2021,"11018",26
2022,"11018",41
2023,"11018",36
2024,"11018",46
2025,"11018",33
2011,"11019",21.3255056752037
2012,"11019",27.141552677532
2013,"11019",23.2641880093132
2014,"11019",31.9882585128056
2015,"11019",24
2016,"11019",25
2017,"11019",43
2018,"11019",43
2019,"11019",27
2020,"11019",65
2021,"11019",16
2022,"11019",12
2023,"11019",10
2024,"11019",14
2025,"11019",22
2011,"11020",266.568820940047
2012,"11020",365.441619979627
2013,"11020",433.295501673457
2014,"11020",475.946513023865
2015,"11020",412
2016,"11020",444
2017,"11020",620
2018,"11020",643
2019,"11020",722
2020,"11020",814
2021,"11020",816
2022,"11020",714
2023,"11020",838
2024,"11020",670
2025,"11020",503
2011,"11021",11.6320940046566
2012,"11021",11.6320940046566
2013,"11021",3.87736466821886
2014,"11021",19.3868233410943
2015,"11021",12
2016,"11021",9
2017,"11021",24
2018,"11021",26
2019,"11021",17
2020,"11021",50
2021,"11021",35
2022,"11021",11
2023,"11021",10
2024,"11021",14
2025,"11021",5
2011,"11022",5.81604700232829
2012,"11022",10.6627528376019
2013,"11022",11.6320940046566
2014,"11022",7.75472933643772
2015,"11022",10
2016,"11022",15
2017,"11022",12
2018,"11022",15
2019,"11022",14
2020,"11022",10
2021,"11022",7
2022,"11022",6
2023,"11022",10
2024,"11022",10
2025,"11022",12
2011,"11023",56.2217876891735
2012,"11023",62.0378346915017
2013,"11023",92.0874108701979
2014,"11023",89.1793873690338
2015,"11023",100
2016,"11023",130
2017,"11023",179
2018,"11023",202
2019,"11023",167
2020,"11023",152
2021,"11023",106
2022,"11023",98
2023,"11023",123
2024,"11023",136
2025,"11023",125
2011,"11024",3.87736466821886
2012,"11024",3.87736466821886
2013,"11024",3.87736466821886
2014,"11024",9.69341167054715
2015,"11024",6
2016,"11024",8
2017,"11024",10
2018,"11024",19
2019,"11024",19
2020,"11024",14
2021,"11024",14
2022,"11024",22
2023,"11024",25
2024,"11024",9
2025,"11024",14
2011,"11025",20.356164508149
2012,"11025",19.3868233410943
2013,"11025",16.4787998399302
2014,"11025",7.75472933643772
2015,"11025",36
2016,"11025",34
2017,"11025",44
2018,"11025",41
2019,"11025",49
2020,"11025",32
2021,"11025",46
2022,"11025",62
2023,"11025",61
2024,"11025",36
2025,"11025",30
2011,"11026",14.5401175058207
2012,"11026",12.6014351717113
2013,"11026",20.356164508149
2014,"11026",17.4481410069849
2015,"11026",18
2016,"11026",32
2017,"11026",33
2018,"11026",45
2019,"11026",44
2020,"11026",33
2021,"11026",26
2022,"11026",16
2023,"11026",16
2024,"11026",11
2025,"11026",14
2011,"11027",67.85388169383
2012,"11027",107.596869543073
2013,"11027",117.29028121362
2014,"11027",114.382257712456
2015,"11027",147
2016,"11027",203
2017,"11027",249
2018,"11027",401
2019,"11027",435
2020,"11027",461
2021,"11027",200
2022,"11027",225
2023,"11027",253
2024,"11027",232
2025,"11027",296
2011,"11028",24.2335291763679
2012,"11028",32.9575996798603
2013,"11028",40.712329016298
2014,"11028",33.926940846915
2015,"11028",72
2016,"11028",78
2017,"11028",97
2018,"11028",142
2019,"11028",119
2020,"11028",138
2021,"11028",86
2022,"11028",143
2023,"11028",131
2024,"11028",160
2025,"11028",97
2011,"11029",11.6320940046566
2012,"11029",12.6014351717113
2013,"11029",10.6627528376019
2014,"11029",10.6627528376019
2015,"11029",17
2016,"11029",16
2017,"11029",14
2018,"11029",25
2019,"11029",19
2020,"11029",22
2021,"11029",6
2022,"11029",19
2023,"11029",14
2024,"11029",19
2025,"11029",12
2011,"11030",19.3868233410943
2012,"11030",40.712329016298
2013,"11030",57.1911288562282
2014,"11030",38.7736466821886
2015,"11030",52
2016,"11030",47
2017,"11030",59
2018,"11030",46
2019,"11030",59
2020,"11030",43
2021,"11030",35
2022,"11030",30
2023,"11030",44
2024,"11030",50
2025,"11030",56
2011,"11031",34.8962820139697
2012,"11031",34.8962820139697
2013,"11031",35.8656231810244
2014,"11031",36.8349643480792
2015,"11031",56
2016,"11031",65
2017,"11031",70
2018,"11031",54
2019,"11031",107
2020,"11031",112
2021,"11031",139
2022,"11031",139
2023,"11031",88
2024,"11031",95
2025,"11031",77
2011,"11032",29.0802350116414
2012,"11032",32.9575996798603
2013,"11032",48.4670583527357
2014,"11032",28.1108938445867
2015,"11032",30
2016,"11032",32
2017,"11032",49
2018,"11032",50
2019,"11032",54
2020,"11032",86
2021,"11032",60
2022,"11032",47
2023,"11032",53
2024,"11032",50
2025,"11032",55
2011,"11033",39.7429878492433
2012,"11033",45.5590348515716
2013,"11033",47.497717185681
2014,"11033",45.5590348515716
2015,"11033",72
2016,"11033",81
2017,"11033",104
2018,"11033",65
2019,"11033",97
2020,"11033",84
2021,"11033",80
2022,"11033",62
2023,"11033",71
2024,"11033",65
2025,"11033",52
2011,"11034",0
2012,"11034",1.93868233410943
2013,"11034",0.969341167054715
2014,"11034",3.87736466821886
2015,"11034",1
2016,"11034",1
2017,"11034",1
2018,"11034",2
2019,"11034",1
2020,"11034",0
2021,"11034",1
2022,"11034",1
2023,"11034",1
2024,"11034",1
2025,"11034",2
2011,"11035",19.3868233410943
2012,"11035",26.1722115104773
2013,"11035",31.0189173457509
2014,"11035",43.6203525174622
2015,"11035",57
2016,"11035",48
2017,"11035",79
2018,"11035",47
2019,"11035",33
2020,"11035",66
2021,"11035",48
2022,"11035",54
2023,"11035",38
2024,"11035",46
2025,"11035",59
2011,"11036",0.969341167054715
2012,"11036",5.81604700232829
2013,"11036",0.969341167054715
2014,"11036",0
2015,"11036",5
2016,"11036",5
2017,"11036",14
2018,"11036",22
2019,"11036",17
2020,"11036",16
2021,"11036",10
2022,"11036",9
2023,"11036",15
2024,"11036",22
2025,"11036",3
2011,"11037",63.0071758585565
2012,"11037",73.6699286961583
2013,"11037",51.3750818538999
2014,"11037",90.1487285360885
2015,"11037",115
2016,"11037",99
2017,"11037",130
2018,"11037",206
2019,"11037",220
2020,"11037",157
2021,"11037",116
2022,"11037",94
2023,"11037",119
2024,"11037",110
2025,"11037",98
2011,"11038",9.69341167054715
2012,"11038",10.6627528376019
2013,"11038",3.87736466821886
2014,"11038",6.785388169383
2015,"11038",4
2016,"11038",14
2017,"11038",3
2018,"11038",8
2019,"11038",13
2020,"11038",9
2021,"11038",6
2022,"11038",6
2023,"11038",10
2024,"11038",9
2025,"11038",5
2011,"11039",10.6627528376019
2012,"11039",9.69341167054715
2013,"11039",14.5401175058207
2014,"11039",10.6627528376019
2015,"11039",24
2016,"11039",20
2017,"11039",52
2018,"11039",51
2019,"11039",51
2020,"11039",59
2021,"11039",36
2022,"11039",39
2023,"11039",44
2024,"11039",55
2025,"11039",38
2011,"11040",1.93868233410943
2012,"11040",0.969341167054715
2013,"11040",0
2014,"11040",8.72407050349243
2015,"11040",3
2016,"11040",3
2017,"11040",7
2018,"11040",12
2019,"11040",7
2020,"11040",9
2021,"11040",2
2022,"11040",4
2023,"11040",2
2024,"11040",6
2025,"11040",4
2011,"11041",20.356164508149
2012,"11041",23.2641880093132
2013,"11041",21.3255056752037
2014,"11041",27.141552677532
2015,"11041",28
2016,"11041",16
2017,"11041",32
2018,"11041",31
2019,"11041",23
2020,"11041",63
2021,"11041",45
2022,"11041",23
2023,"11041",18
2024,"11041",18
2025,"11041",17
2011,"11042",19.3868233410943
2012,"11042",33.926940846915
2013,"11042",29.0802350116414
2014,"11042",36.8349643480792
2015,"11042",48
2016,"11042",48
2017,"11042",67
2018,"11042",129
2019,"11042",152
2020,"11042",135
2021,"11042",118
2022,"11042",89
2023,"11042",139
2024,"11042",112
2025,"11042",156
2011,"11043",1.93868233410943
2012,"11043",7.75472933643772
2013,"11043",5.81604700232829
2014,"11043",7.75472933643772
2015,"11043",9
2016,"11043",5
2017,"11043",6
2018,"11043",8
2019,"11043",7
2020,"11043",5
2021,"11043",2
2022,"11043",3
2023,"11043",7
2024,"11043",4
2025,"11043",6
2011,"11044",20.356164508149
2012,"11044",28.1108938445867
2013,"11044",29.0802350116414
2014,"11044",40.712329016298
2015,"11044",53
2016,"11044",34
2017,"11044",37
2018,"11044",57
2019,"11044",41
2020,"11044",68
2021,"11044",43
2022,"11044",67
2023,"11044",36
2024,"11044",52
2025,"11044",47
2011,"11045",7.75472933643772
2012,"11045",2.90802350116414
2013,"11045",5.81604700232829
2014,"11045",3.87736466821886
2015,"11045",2
2016,"11045",2
2017,"11045",5
2018,"11045",2
2019,"11045",3
2020,"11045",3
2021,"11045",0
2022,"11045",2
2023,"11045",3
2024,"11045",4
2025,"11045",2
2011,"11046",15.5094586728754
2012,"11046",22.2948468422584
2013,"11046",28.1108938445867
2014,"11046",26.1722115104773
2015,"11046",42
2016,"11046",26
2017,"11046",52
2018,"11046",105
2019,"11046",69
2020,"11046",83
2021,"11046",83
2022,"11046",48
2023,"11046",28
2024,"11046",52
2025,"11046",35
2011,"12001",1162.2400592986
2012,"12001",1261.11285833818
2013,"12001",980.003919892317
2014,"12001",765.779521973225
2015,"12001",1156
2016,"12001",1155
2017,"12001",993
2018,"12001",984
2019,"12001",733
2020,"12001",401
2021,"12001",530
2022,"12001",556
2023,"12001",543
2024,"12001",757
2025,"12001",582
2011,"12002",2.90802350116414
2012,"12002",2.90802350116414
2013,"12002",0
2014,"12002",0
2015,"12002",0
2016,"12002",3
2017,"12002",5
2018,"12002",4
2019,"12002",4
2020,"12002",3
2021,"12002",1
2022,"12002",2
2023,"12002",1
2024,"12002",0
2025,"12002",0
2011,"12003",3.87736466821886
2012,"12003",18.4174821740396
2013,"12003",15.5094586728754
2014,"12003",21.3255056752037
2015,"12003",12
2016,"12003",9
2017,"12003",10
2018,"12003",3
2019,"12003",2
2020,"12003",0
2021,"12003",2
2022,"12003",0
2023,"12003",3
2024,"12003",0
2025,"12003",0
2011,"12004",5.81604700232829
2012,"12004",6.785388169383
2013,"12004",3.87736466821886
2014,"12004",5.81604700232829
2015,"12004",8
2016,"12004",2
2017,"12004",7
2018,"12004",2
2019,"12004",3
2020,"12004",6
2021,"12004",3
2022,"12004",5
2023,"12004",6
2024,"12004",2
2025,"12004",2
2011,"12005",0.969341167054715
2012,"12005",0
2013,"12005",0
2014,"12005",7.75472933643772
2015,"12005",3
2016,"12005",2
2017,"12005",6
2018,"12005",7
2019,"12005",7
2020,"12005",2
2021,"12005",3
2022,"12005",3
2023,"12005",3
2024,"12005",2
2025,"12005",2
2011,"12006",5.81604700232829
2012,"12006",3.87736466821886
2013,"12006",11.6320940046566
2014,"12006",9.69341167054715
2015,"12006",2
2016,"12006",3
2017,"12006",1
2018,"12006",5
2019,"12006",0
2020,"12006",2
2021,"12006",0
2022,"12006",1
2023,"12006",2
2024,"12006",0
2025,"12006",0
2011,"12007",50.4057406868452
2012,"12007",31.9882585128056
2013,"12007",21.3255056752037
2014,"12007",25.2028703434226
2015,"12007",24
2016,"12007",28
2017,"12007",8
2018,"12007",10
2019,"12007",7
2020,"12007",2
2021,"12007",1
2022,"12007",4
2023,"12007",3
2024,"12007",2
2025,"12007",2
2011,"12008",0
2012,"12008",0
2013,"12008",0
2014,"12008",0.969341167054715
2015,"12008",5
2016,"12008",6
2017,"12008",4
2018,"12008",5
2019,"12008",3
2020,"12008",5
2021,"12008",4
2022,"12008",4
2023,"12008",3
2024,"12008",7
2025,"12008",7
2011,"12009",0.969341167054715
2012,"12009",0.969341167054715
2013,"12009",0.969341167054715
2014,"12009",3.87736466821886
2015,"12009",0
2016,"12009",2
2017,"12009",1
2018,"12009",1
2019,"12009",1
2020,"12009",2
2021,"12009",0
2022,"12009",0
2023,"12009",0
2024,"12009",1
2025,"12009",2
2011,"12010",17.4481410069849
2012,"12010",4.84670583527357
2013,"12010",0.969341167054715
2014,"12010",0.969341167054715
2015,"12010",3
2016,"12010",2
2017,"12010",3
2018,"12010",9
2019,"12010",4
2020,"12010",4
2021,"12010",0
2022,"12010",4
2023,"12010",6
2024,"12010",1
2025,"12010",5
2011,"12011",67.85388169383
2012,"12011",98.8727990395809
2013,"12011",63.9765170256112
2014,"12011",41.6816701833527
2015,"12011",56
2016,"12011",47
2017,"12011",49
2018,"12011",40
2019,"12011",24
2020,"12011",18
2021,"12011",18
2022,"12011",20
2023,"12011",19
2024,"12011",27
2025,"12011",16
2011,"12012",55.2524465221187
2012,"12012",57.1911288562282
2013,"12012",19.3868233410943
2014,"12012",23.2641880093132
2015,"12012",28
2016,"12012",35
2017,"12012",27
2018,"12012",31
2019,"12012",31
2020,"12012",29
2021,"12012",28
2022,"12012",21
2023,"12012",10
2024,"12012",43
2025,"12012",26
2011,"12013",2.90802350116414
2012,"12013",4.84670583527357
2013,"12013",17.4481410069849
2014,"12013",7.75472933643772
2015,"12013",7
2016,"12013",6
2017,"12013",7
2018,"12013",10
2019,"12013",15
2020,"12013",9
2021,"12013",3
2022,"12013",9
2023,"12013",7
2024,"12013",9
2025,"12013",6
2011,"12014",2.90802350116414
2012,"12014",2.90802350116414
2013,"12014",0
2014,"12014",5.81604700232829
2015,"12014",10
2016,"12014",4
2017,"12014",5
2018,"12014",5
2019,"12014",10
2020,"12014",9
2021,"12014",9
2022,"12014",7
2023,"12014",8
2024,"12014",7
2025,"12014",3
2011,"12015",1.93868233410943
2012,"12015",0.969341167054715
2013,"12015",0
2014,"12015",4.84670583527357
2015,"12015",5
2016,"12015",7
2017,"12015",11
2018,"12015",7
2019,"12015",10
2020,"12015",5
2021,"12015",10
2022,"12015",7
2023,"12015",13
2024,"12015",3
2025,"12015",4
2011,"12016",0
2012,"12016",0
2013,"12016",1.93868233410943
2014,"12016",1.93868233410943
2015,"12016",2
2016,"12016",2
2017,"12016",4
2018,"12016",2
2019,"12016",1
2020,"12016",0
2021,"12016",0
2022,"12016",1
2023,"12016",0
2024,"12016",0
2025,"12016",0
2011,"12017",1.93868233410943
2012,"12017",2.90802350116414
2013,"12017",2.90802350116414
2014,"12017",4.84670583527357
2015,"12017",4
2016,"12017",8
2017,"12017",9
2018,"12017",10
2019,"12017",2
2020,"12017",5
2021,"12017",3
2022,"12017",4
2023,"12017",1
2024,"12017",3
2025,"12017",0
2011,"12018",3.87736466821886
2012,"12018",0.969341167054715
2013,"12018",0.969341167054715
2014,"12018",2.90802350116414
2015,"12018",17
2016,"12018",14
2017,"12018",11
2018,"12018",13
2019,"12018",6
2020,"12018",7
2021,"12018",19
2022,"12018",6
2023,"12018",5
2024,"12018",4
2025,"12018",9
2011,"12019",0
2012,"12019",0
2013,"12019",2.90802350116414
2014,"12019",0
2015,"12019",1
2016,"12019",3
2017,"12019",4
2018,"12019",4
2019,"12019",2
2020,"12019",2
2021,"12019",2
2022,"12019",1
2023,"12019",1
2024,"12019",1
2025,"12019",1
2011,"12020",0.969341167054715
2012,"12020",4.84670583527357
2013,"12020",5.81604700232829
2014,"12020",2.90802350116414
2015,"12020",7
2016,"12020",9
2017,"12020",11
2018,"12020",8
2019,"12020",8
2020,"12020",5
2021,"12020",3
2022,"12020",7
2023,"12020",3
2024,"12020",1
2025,"12020",5
2011,"12021",72.7005875291036
2012,"12021",120.198304714785
2013,"12021",116.320940046566
2014,"12021",73.6699286961583
2015,"12021",101
2016,"12021",95
2017,"12021",115
2018,"12021",72
2019,"12021",46
2020,"12021",33
2021,"12021",20
2022,"12021",47
2023,"12021",44
2024,"12021",26
2025,"12021",30
2011,"12022",94.0260932043073
2012,"12022",50.4057406868452
2013,"12022",75.6086110302678
2014,"12022",34.8962820139697
2015,"12022",36
2016,"12022",42
2017,"12022",38
2018,"12022",44
2019,"12022",13
2020,"12022",15
2021,"12022",7
2022,"12022",10
2023,"12022",4
2024,"12022",5
2025,"12022",3
2011,"12023",19.3868233410943
2012,"12023",18.4174821740396
2013,"12023",26.1722115104773
2014,"12023",19.3868233410943
2015,"12023",7
2016,"12023",12
2017,"12023",21
2018,"12023",25
2019,"12023",25
2020,"12023",15
2021,"12023",17
2022,"12023",5
2023,"12023",8
2024,"12023",18
2025,"12023",10
2011,"12024",0
2012,"12024",0
2013,"12024",1.93868233410943
2014,"12024",0.969341167054715
2015,"12024",1
2016,"12024",2
2017,"12024",3
2018,"12024",3
2019,"12024",3
2020,"12024",2
2021,"12024",4
2022,"12024",8
2023,"12024",2
2024,"12024",0
2025,"12024",0
2011,"12025",0
2012,"12025",1.93868233410943
2013,"12025",0.969341167054715
2014,"12025",1.93868233410943
2015,"12025",1
2016,"12025",1
2017,"12025",5
2018,"12025",5
2019,"12025",2
2020,"12025",3
2021,"12025",1
2022,"12025",3
2023,"12025",3
2024,"12025",5
2025,"12025",6
2011,"12026",0.969341167054715
2012,"12026",3.87736466821886
2013,"12026",0.969341167054715
2014,"12026",1.93868233410943
2015,"12026",0
2016,"12026",2
2017,"12026",0
2018,"12026",0
2019,"12026",0
2020,"12026",4
2021,"12026",0
2022,"12026",1
2023,"12026",4
2024,"12026",0
2025,"12026",1
2011,"12027",8.72407050349243
2012,"12027",8.72407050349243
2013,"12027",2.90802350116414
2014,"12027",4.84670583527357
2015,"12027",1
2016,"12027",4
2017,"12027",16
2018,"12027",4
2019,"12027",7
2020,"12027",4
2021,"12027",5
2022,"12027",6
2023,"12027",2
2024,"12027",1
2025,"12027",0
2011,"12028",61.068493524447
2012,"12028",37.8043055151339
2013,"12028",64.9458581926659
2014,"12028",110.504893044237
2015,"12028",120
2016,"12028",102
2017,"12028",186
2018,"12028",128
2019,"12028",66
2020,"12028",40
2021,"12028",23
2022,"12028",38
2023,"12028",23
2024,"12028",28
2025,"12028",15
2011,"12029",188.052186408615
2012,"12029",150.247880893481
2013,"12029",201.622962747381
2014,"12029",218.101762587311
2015,"12029",281
2016,"12029",290
2017,"12029",343
2018,"12029",298
2019,"12029",185
2020,"12029",127
2021,"12029",112
2022,"12029",148
2023,"12029",176
2024,"12029",170
2025,"12029",138
2011,"12030",0.969341167054715
2012,"12030",7.75472933643772
2013,"12030",11.6320940046566
2014,"12030",12.6014351717113
2015,"12030",15
2016,"12030",17
2017,"12030",3
2018,"12030",9
2019,"12030",7
2020,"12030",10
2021,"12030",10
2022,"12030",5
2023,"12030",12
2024,"12030",4
2025,"12030",8
2011,"12031",0.969341167054715
2012,"12031",4.84670583527357
2013,"12031",7.75472933643772
2014,"12031",0.969341167054715
2015,"12031",0
2016,"12031",2
2017,"12031",1
2018,"12031",0
2019,"12031",0
2020,"12031",0
2021,"12031",0
2022,"12031",0
2023,"12031",1
2024,"12031",1
2025,"12031",2
2011,"12032",4.84670583527357
2012,"12032",1.93868233410943
2013,"12032",15.5094586728754
2014,"12032",8.72407050349243
2015,"12032",10
2016,"12032",5
2017,"12032",2
2018,"12032",1
2019,"12032",1
2020,"12032",1
2021,"12032",1
2022,"12032",0
2023,"12032",5
2024,"12032",1
2025,"12032",0
2011,"12033",2.90802350116414
2012,"12033",4.84670583527357
2013,"12033",9.69341167054715
2014,"12033",6.785388169383
2015,"12033",4
2016,"12033",5
2017,"12033",2
2018,"12033",3
2019,"12033",10
2020,"12033",11
2021,"12033",8
2022,"12033",6
2023,"12033",4
2024,"12033",10
2025,"12033",1
2011,"12034",2.90802350116414
2012,"12034",7.75472933643772
2013,"12034",12.6014351717113
2014,"12034",8.72407050349243
2015,"12034",20
2016,"12034",14
2017,"12034",26
2018,"12034",16
2019,"12034",27
2020,"12034",35
2021,"12034",42
2022,"12034",28
2023,"12034",32
2024,"12034",19
2025,"12034",12
2011,"12035",158.002610229919
2012,"12035",140.554469222934
2013,"12035",142.493151557043
2014,"12035",127.953034051222
2015,"12035",170
2016,"12035",198
2017,"12035",148
2018,"12035",163
2019,"12035",89
2020,"12035",148
2021,"12035",216
2022,"12035",146
2023,"12035",218
2024,"12035",96
2025,"12035",65
2011,"12036",2.90802350116414
2012,"12036",7.75472933643772
2013,"12036",3.87736466821886
2014,"12036",3.87736466821886
2015,"12036",2
2016,"12036",7
2017,"12036",6
2018,"12036",2
2019,"12036",2
2020,"12036",4
2021,"12036",5
2022,"12036",3
2023,"12036",5
2024,"12036",5
2025,"12036",8
2011,"12037",0
2012,"12037",2.90802350116414
2013,"12037",0.969341167054715
2014,"12037",1.93868233410943
2015,"12037",5
2016,"12037",3
2017,"12037",0
2018,"12037",4
2019,"12037",2
2020,"12037",1
2021,"12037",4
2022,"12037",4
2023,"12037",2
2024,"12037",3
2025,"12037",1
2011,"12038",134.738422220605
2012,"12038",104.688846041909
2013,"12038",92.0874108701979
2014,"12038",76.5779521973225
2015,"12038",83
2016,"12038",135
2017,"12038",169
2018,"12038",172
2019,"12038",150
2020,"12038",105
2021,"12038",98
2022,"12038",75
2023,"12038",137
2024,"12038",109
2025,"12038",107
2011,"12039",6.785388169383
2012,"12039",0.969341167054715
2013,"12039",12.6014351717113
2014,"12039",19.3868233410943
2015,"12039",7
2016,"12039",13
2017,"12039",27
2018,"12039",22
2019,"12039",14
2020,"12039",7
2021,"12039",9
2022,"12039",18
2023,"12039",33
2024,"12039",15
2025,"12039",11
2011,"12040",2.90802350116414
2012,"12040",3.87736466821886
2013,"12040",12.6014351717113
2014,"12040",0.969341167054715
2015,"12040",6
2016,"12040",0
2017,"12040",0
2018,"12040",4
2019,"12040",2
2020,"12040",4
2021,"12040",0
2022,"12040",0
2023,"12040",10
2024,"12040",7
2025,"12040",6
2011,"12041",7.75472933643772
2012,"12041",0
2013,"12041",6.785388169383
2014,"12041",13.570776338766
2015,"12041",8
2016,"12041",5
2017,"12041",4
2018,"12041",4
2019,"12041",10
2020,"12041",16
2021,"12041",5
2022,"12041",5
2023,"12041",6
2024,"12041",4
2025,"12041",5
2011,"12042",8.72407050349243
2012,"12042",0.969341167054715
2013,"12042",0
2014,"12042",4.84670583527357
2015,"12042",6
2016,"12042",2
2017,"12042",2
2018,"12042",2
2019,"12042",6
2020,"12042",1
2021,"12042",0
2022,"12042",3
2023,"12042",7
2024,"12042",5
2025,"12042",4
2011,"12043",0
2012,"12043",1.93868233410943
2013,"12043",0.969341167054715
2014,"12043",4.84670583527357
2015,"12043",2
2016,"12043",5
2017,"12043",2
2018,"12043",8
2019,"12043",8
2020,"12043",3
2021,"12043",7
2022,"12043",3
2023,"12043",3
2024,"12043",4
2025,"12043",0
2011,"12044",0
2012,"12044",0
2013,"12044",0.969341167054715
2014,"12044",0
2015,"12044",1
2016,"12044",0
2017,"12044",1
2018,"12044",0
2019,"12044",1
2020,"12044",0
2021,"12044",0
2022,"12044",5
2023,"12044",1
2024,"12044",0
2025,"12044",0
2011,"12045",0.969341167054715
2012,"12045",1.93868233410943
2013,"12045",3.87736466821886
2014,"12045",4.84670583527357
2015,"12045",7
2016,"12045",5
2017,"12045",10
2018,"12045",2
2019,"12045",15
2020,"12045",7
2021,"12045",1
2022,"12045",5
2023,"12045",14
2024,"12045",10
2025,"12045",7
2011,"12046",69.7925640279395
2012,"12046",82.3939991996508
2013,"12046",66.8845405267753
2014,"12046",45.5590348515716
2015,"12046",69
2016,"12046",78
2017,"12046",87
2018,"12046",62
2019,"12046",51
2020,"12046",45
2021,"12046",28
2022,"12046",34
2023,"12046",35
2024,"12046",36
2025,"12046",40
2011,"12047",0.969341167054715
2012,"12047",3.87736466821886
2013,"12047",1.93868233410943
2014,"12047",5.81604700232829
2015,"12047",5
2016,"12047",2
2017,"12047",2
2018,"12047",3
2019,"12047",1
2020,"12047",0
2021,"12047",1
2022,"12047",0
2023,"12047",0
2024,"12047",0
2025,"12047",0
2011,"12048",15.5094586728754
2012,"12048",0.969341167054715
2013,"12048",18.4174821740396
2014,"12048",12.6014351717113
2015,"12048",14
2016,"12048",18
2017,"12048",17
2018,"12048",34
2019,"12048",28
2020,"12048",10
2021,"12048",10
2022,"12048",12
2023,"12048",15
2024,"12048",21
2025,"12048",13
2011,"12049",1.93868233410943
2012,"12049",8.72407050349243
2013,"12049",6.785388169383
2014,"12049",5.81604700232829
2015,"12049",4
2016,"12049",6
2017,"12049",5
2018,"12049",2
2019,"12049",18
2020,"12049",10
2021,"12049",7
2022,"12049",6
2023,"12049",8
2024,"12049",3
2025,"12049",5
2011,"12050",12.6014351717113
2012,"12050",23.2641880093132
2013,"12050",29.0802350116414
2014,"12050",18.4174821740396
2015,"12050",18
2016,"12050",11
2017,"12050",29
2018,"12050",21
2019,"12050",13
2020,"12050",8
2021,"12050",8
2022,"12050",15
2023,"12050",10
2024,"12050",9
2025,"12050",6
2011,"12051",4.84670583527357
2012,"12051",0
2013,"12051",2.90802350116414
2014,"12051",2.90802350116414
2015,"12051",3
2016,"12051",5
2017,"12051",0
2018,"12051",2
2019,"12051",1
2020,"12051",1
2021,"12051",0
2022,"12051",2
2023,"12051",2
2024,"12051",1
2025,"12051",3
2011,"12052",15.5094586728754
2012,"12052",16.4787998399302
2013,"12052",8.72407050349243
2014,"12052",12.6014351717113
2015,"12052",18
2016,"12052",39
2017,"12052",24
2018,"12052",23
2019,"12052",18
2020,"12052",18
2021,"12052",9
2022,"12052",14
2023,"12052",20
2024,"12052",18
2025,"12052",17
2011,"12053",9.69341167054715
2012,"12053",5.81604700232829
2013,"12053",22.2948468422584
2014,"12053",12.6014351717113
2015,"12053",34
2016,"12053",20
2017,"12053",21
2018,"12053",16
2019,"12053",16
2020,"12053",5
2021,"12053",16
2022,"12053",15
2023,"12053",17
2024,"12053",19
2025,"12053",15
2011,"12054",1.93868233410943
2012,"12054",2.90802350116414
2013,"12054",30.0495761786962
2014,"12054",13.570776338766
2015,"12054",13
2016,"12054",9
2017,"12054",7
2018,"12054",3
2019,"12054",1
2020,"12054",1
2021,"12054",1
2022,"12054",2
2023,"12054",1
2024,"12054",1
2025,"12054",1
2011,"12055",52.3444230209546
2012,"12055",50.4057406868452
2013,"12055",33.926940846915
2014,"12055",30.0495761786962
2015,"12055",35
2016,"12055",44
2017,"12055",71
2018,"12055",77
2019,"12055",74
2020,"12055",46
2021,"12055",40
2022,"12055",22
2023,"12055",47
2024,"12055",19
2025,"12055",9
2011,"12056",11.6320940046566
2012,"12056",11.6320940046566
2013,"12056",6.785388169383
2014,"12056",7.75472933643772
2015,"12056",7
2016,"12056",4
2017,"12056",6
2018,"12056",4
2019,"12056",9
2020,"12056",14
2021,"12056",13
2022,"12056",8
2023,"12056",21
2024,"12056",17
2025,"12056",16
2011,"12057",80.4553168655413
2012,"12057",66.8845405267753
2013,"12057",58.1604700232829
2014,"12057",32.9575996798603
2015,"12057",32
2016,"12057",34
2017,"12057",63
2018,"12057",46
2019,"12057",28
2020,"12057",24
2021,"12057",17
2022,"12057",15
2023,"12057",22
2024,"12057",37
2025,"12057",11
2011,"12058",31.0189173457509
2012,"12058",63.9765170256112
2013,"12058",46.5283760186263
2014,"12058",49.4363995197904
2015,"12058",45
2016,"12058",22
2017,"12058",18
2018,"12058",23
2019,"12058",14
2020,"12058",8
2021,"12058",11
2022,"12058",9
2023,"12058",19
2024,"12058",25
2025,"12058",15
2011,"12059",0.969341167054715
2012,"12059",1.93868233410943
2013,"12059",3.87736466821886
2014,"12059",3.87736466821886
2015,"12059",12
2016,"12059",10
2017,"12059",7
2018,"12059",21
2019,"12059",11
2020,"12059",17
2021,"12059",9
2022,"12059",22
2023,"12059",30
2024,"12059",14
2025,"12059",7
2011,"12060",0.969341167054715
2012,"12060",1.93868233410943
2013,"12060",1.93868233410943
2014,"12060",1.93868233410943
2015,"12060",3
2016,"12060",2
2017,"12060",5
2018,"12060",5
2019,"12060",6
2020,"12060",2
2021,"12060",2
2022,"12060",4
2023,"12060",0
2024,"12060",2
2025,"12060",0
2011,"12061",24.2335291763679
2012,"12061",0
2013,"12061",17.4481410069849
2014,"12061",25.2028703434226
2015,"12061",16
2016,"12061",37
2017,"12061",30
2018,"12061",23
2019,"12061",9
2020,"12061",6
2021,"12061",9
2022,"12061",13
2023,"12061",13
2024,"12061",24
2025,"12061",16
2011,"12062",4.84670583527357
2012,"12062",11.6320940046566
2013,"12062",5.81604700232829
2014,"12062",5.81604700232829
2015,"12062",2
2016,"12062",1
2017,"12062",5
2018,"12062",9
2019,"12062",13
2020,"12062",7
2021,"12062",11
2022,"12062",6
2023,"12062",8
2024,"12062",9
2025,"12062",7
2011,"12063",0
2012,"12063",0
2013,"12063",0.969341167054715
2014,"12063",0
2015,"12063",2
2016,"12063",2
2017,"12063",3
2018,"12063",2
2019,"12063",1
2020,"12063",1
2021,"12063",2
2022,"12063",1
2023,"12063",1
2024,"12063",0
2025,"12063",1
2011,"12064",3.87736466821886
2012,"12064",5.81604700232829
2013,"12064",0.969341167054715
2014,"12064",2.90802350116414
2015,"12064",1
2016,"12064",1
2017,"12064",2
2018,"12064",2
2019,"12064",0
2020,"12064",0
2021,"12064",0
2022,"12064",0
2023,"12064",0
2024,"12064",0
2025,"12064",0
2011,"12065",2.90802350116414
2012,"12065",3.87736466821886
2013,"12065",3.87736466821886
2014,"12065",1.93868233410943
2015,"12065",2
2016,"12065",1
2017,"12065",2
2018,"12065",0
2019,"12065",0
2020,"12065",2
2021,"12065",0
2022,"12065",1
2023,"12065",0
2024,"12065",0
2025,"12065",2
2011,"12066",83.3633403667055
2012,"12066",61.068493524447
2013,"12066",52.3444230209546
2014,"12066",47.497717185681
2015,"12066",59
2016,"12066",56
2017,"12066",58
2018,"12066",64
2019,"12066",54
2020,"12066",35
2021,"12066",34
2022,"12066",37
2023,"12066",51
2024,"12066",31
2025,"12066",40
2011,"12067",0.969341167054715
2012,"12067",5.81604700232829
2013,"12067",9.69341167054715
2014,"12067",6.785388169383
2015,"12067",1
2016,"12067",3
2017,"12067",4
2018,"12067",7
2019,"12067",2
2020,"12067",3
2021,"12067",2
2022,"12067",2
2023,"12067",5
2024,"12067",0
2025,"12067",7
2011,"12068",20.356164508149
2012,"12068",0
2013,"12068",48.4670583527357
2014,"12068",40.712329016298
2015,"12068",31
2016,"12068",38
2017,"12068",23
2018,"12068",32
2019,"12068",13
2020,"12068",20
2021,"12068",22
2022,"12068",18
2023,"12068",20
2024,"12068",21
2025,"12068",21
2011,"12069",2.90802350116414
2012,"12069",7.75472933643772
2013,"12069",0.969341167054715
2014,"12069",3.87736466821886
2015,"12069",0
2016,"12069",1
2017,"12069",5
2018,"12069",4
2019,"12069",5
2020,"12069",1
2021,"12069",0
2022,"12069",2
2023,"12069",4
2024,"12069",4
2025,"12069",4
2011,"12070",0
2012,"12070",0
2013,"12070",0.969341167054715
2014,"12070",0.969341167054715
2015,"12070",5
2016,"12070",0
2017,"12070",3
2018,"12070",4
2019,"12070",0
2020,"12070",0
2021,"12070",2
2022,"12070",1
2023,"12070",1
2024,"12070",0
2025,"12070",1
2011,"12071",5.81604700232829
2012,"12071",4.84670583527357
2013,"12071",5.81604700232829
2014,"12071",2.90802350116414
2015,"12071",2
2016,"12071",5
2017,"12071",4
2018,"12071",9
2019,"12071",3
2020,"12071",4
2021,"12071",4
2022,"12071",14
2023,"12071",13
2024,"12071",2
2025,"12071",12
2011,"12072",13.570776338766
2012,"12072",3.87736466821886
2013,"12072",3.87736466821886
2014,"12072",1.93868233410943
2015,"12072",1
2016,"12072",2
2017,"12072",1
2018,"12072",8
2019,"12072",1
2020,"12072",1
2021,"12072",0
2022,"12072",3
2023,"12072",3
2024,"12072",3
2025,"12072",4
2011,"12073",2.90802350116414
2012,"12073",2.90802350116414
2013,"12073",1.93868233410943
2014,"12073",2.90802350116414
2015,"12073",3
2016,"12073",3
2017,"12073",6
2018,"12073",3
2019,"12073",2
2020,"12073",9
2021,"12073",0
2022,"12073",2
2023,"12073",0
2024,"12073",0
2025,"12073",0
2011,"12074",0.969341167054715
2012,"12074",0.969341167054715
2013,"12074",0
2014,"12074",0.969341167054715
2015,"12074",3
2016,"12074",43
2017,"12074",17
2018,"12074",7
2019,"12074",12
2020,"12074",5
2021,"12074",5
2022,"12074",8
2023,"12074",2
2024,"12074",4
2025,"12074",0
2011,"12075",10.6627528376019
2012,"12075",7.75472933643772
2013,"12075",6.785388169383
2014,"12075",11.6320940046566
2015,"12075",14
2016,"12075",8
2017,"12075",16
2018,"12075",17
2019,"12075",17
2020,"12075",9
2021,"12075",18
2022,"12075",16
2023,"12075",25
2024,"12075",21
2025,"12075",17
2011,"12076",5.81604700232829
2012,"12076",2.90802350116414
2013,"12076",10.6627528376019
2014,"12076",0
2015,"12076",6
2016,"12076",2
2017,"12076",1
2018,"12076",6
2019,"12076",8
2020,"12076",5
2021,"12076",8
2022,"12076",10
2023,"12076",6
2024,"12076",2
2025,"12076",4
2011,"12077",11.6320940046566
2012,"12077",6.785388169383
2013,"12077",5.81604700232829
2014,"12077",8.72407050349243
2015,"12077",9
2016,"12077",10
2017,"12077",7
2018,"12077",7
2019,"12077",10
2020,"12077",11
2021,"12077",5
2022,"12077",3
2023,"12077",8
2024,"12077",13
2025,"12077",7
2011,"12078",0
2012,"12078",7.75472933643772
2013,"12078",1.93868233410943
2014,"12078",4.84670583527357
2015,"12078",3
2016,"12078",2
2017,"12078",7
2018,"12078",6
2019,"12078",10
2020,"12078",10
2021,"12078",10
2022,"12078",8
2023,"12078",5
2024,"12078",9
2025,"12078",7
2011,"12079",0
2012,"12079",0
2013,"12079",0
2014,"12079",0
2015,"12079",0
2016,"12079",0
2017,"12079",0
2018,"12079",7
2019,"12079",11
2020,"12079",11
2021,"12079",1
2022,"12079",6
2023,"12079",5
2024,"12079",1
2025,"12079",1
2011,"12080",0.969341167054715
2012,"12080",5.81604700232829
2013,"12080",9.69341167054715
2014,"12080",2.90802350116414
2015,"12080",2
2016,"12080",10
2017,"12080",4
2018,"12080",4
2019,"12080",6
2020,"12080",8
2021,"12080",6
2022,"12080",7
2023,"12080",10
2024,"12080",7
2025,"12080",10
2011,"12081",0
2012,"12081",0
2013,"12081",0
2014,"12081",0.969341167054715
2015,"12081",3
2016,"12081",2
2017,"12081",2
2018,"12081",2
2019,"12081",2
2020,"12081",0
2021,"12081",1
2022,"12081",2
2023,"12081",2
2024,"12081",2
2025,"12081",0
2023,"12082",0
2024,"12082",1
2025,"12082",0
2023,"12083",0
2024,"12083",2
2025,"12083",1
2023,"12084",0
2024,"12084",3
2025,"12084",2
2023,"12085",0
2024,"12085",3
2025,"12085",2
2011,"13001",3.87736466821886
2012,"13001",2.90802350116414
2013,"13001",6.785388169383
2014,"13001",3.87736466821886
2015,"13001",3
2016,"13001",3
2017,"13001",8
2018,"13001",0
2019,"13001",4
2020,"13001",1
2021,"13001",0
2022,"13001",0
2023,"13001",3
2024,"13001",1
2025,"13001",0
2011,"13002",3.87736466821886
2012,"13002",19.3868233410943
2013,"13002",7.75472933643772
2014,"13002",6.785388169383
2015,"13002",8
2016,"13002",1
2017,"13002",9
2018,"13002",13
2019,"13002",9
2020,"13002",0
2021,"13002",1
2022,"13002",7
2023,"13002",3
2024,"13002",2
2025,"13002",5
2011,"13003",11.6320940046566
2012,"13003",17.4481410069849
2013,"13003",33.926940846915
2014,"13003",22.2948468422584
2015,"13003",15
2016,"13003",22
2017,"13003",7
2018,"13003",14
2019,"13003",17
2020,"13003",6
2021,"13003",5
2022,"13003",7
2023,"13003",13
2024,"13003",12
2025,"13003",7
2011,"13004",3.87736466821886
2012,"13004",1.93868233410943
2013,"13004",2.90802350116414
2014,"13004",1.93868233410943
2015,"13004",1
2016,"13004",1
2017,"13004",2
2018,"13004",1
2019,"13004",0
2020,"13004",1
2021,"13004",0
2022,"13004",1
2023,"13004",0
2024,"13004",1
2025,"13004",1
2011,"13005",0
2012,"13005",1.93868233410943
2013,"13005",3.87736466821886
2014,"13005",1.93868233410943
2015,"13005",0
2016,"13005",2
2017,"13005",2
2018,"13005",2
2019,"13005",0
2020,"13005",0
2021,"13005",0
2022,"13005",4
2023,"13005",5
2024,"13005",4
2025,"13005",4
2011,"13006",2.90802350116414
2012,"13006",6.785388169383
2013,"13006",1.93868233410943
2014,"13006",2.90802350116414
2015,"13006",6
2016,"13006",12
2017,"13006",3
2018,"13006",10
2019,"13006",8
2020,"13006",7
2021,"13006",10
2022,"13006",11
2023,"13006",0
2024,"13006",0
2025,"13006",1
2011,"13007",0
2012,"13007",1.93868233410943
2013,"13007",0.969341167054715
2014,"13007",0.969341167054715
2015,"13007",0
2016,"13007",0
2017,"13007",3
2018,"13007",0
2019,"13007",0
2020,"13007",5
2021,"13007",2
2022,"13007",3
2023,"13007",1
2024,"13007",3
2025,"13007",1
2011,"13008",3.87736466821886
2012,"13008",17.4481410069849
2013,"13008",9.69341167054715
2014,"13008",14.5401175058207
2015,"13008",7
2016,"13008",9
2017,"13008",11
2018,"13008",7
2019,"13008",6
2020,"13008",6
2021,"13008",10
2022,"13008",3
2023,"13008",2
2024,"13008",6
2025,"13008",7
2011,"13009",3.87736466821886
2012,"13009",3.87736466821886
2013,"13009",8.72407050349243
2014,"13009",6.785388169383
2015,"13009",4
2016,"13009",11
2017,"13009",6
2018,"13009",8
2019,"13009",3
2020,"13009",7
2021,"13009",3
2022,"13009",6
2023,"13009",5
2024,"13009",6
2025,"13009",3
2011,"13010",13.570776338766
2012,"13010",12.6014351717113
2013,"13010",8.72407050349243
2014,"13010",7.75472933643772
2015,"13010",8
2016,"13010",4
2017,"13010",5
2018,"13010",12
2019,"13010",7
2020,"13010",5
2021,"13010",6
2022,"13010",8
2023,"13010",12
2024,"13010",12
2025,"13010",9
2011,"13011",0.969341167054715
2012,"13011",0
2013,"13011",2.90802350116414
2014,"13011",2.90802350116414
2015,"13011",1
2016,"13011",1
2017,"13011",1
2018,"13011",1
2019,"13011",0
2020,"13011",0
2021,"13011",0
2022,"13011",4
2023,"13011",0
2024,"13011",2
2025,"13011",2
2011,"13012",8.72407050349243
2012,"13012",10.6627528376019
2013,"13012",7.75472933643772
2014,"13012",9.69341167054715
2015,"13012",4
2016,"13012",5
2017,"13012",9
2018,"13012",8
2019,"13012",6
2020,"13012",5
2021,"13012",7
2022,"13012",5
2023,"13012",0
2024,"13012",2
2025,"13012",4
2011,"13013",5.81604700232829
2012,"13013",9.69341167054715
2013,"13013",30.0495761786962
2014,"13013",5.81604700232829
2015,"13013",11
2016,"13013",11
2017,"13013",17
2018,"13013",19
2019,"13013",14
2020,"13013",17
2021,"13013",18
2022,"13013",19
2023,"13013",19
2024,"13013",29
2025,"13013",9
2011,"13014",0.969341167054715
2012,"13014",2.90802350116414
2013,"13014",2.90802350116414
2014,"13014",1.93868233410943
2015,"13014",1
2016,"13014",4
2017,"13014",0
2018,"13014",0
2019,"13014",1
2020,"13014",1
2021,"13014",1
2022,"13014",0
2023,"13014",0
2024,"13014",0
2025,"13014",0
2011,"13015",1.93868233410943
2012,"13015",3.87736466821886
2013,"13015",0
2014,"13015",1.93868233410943
2015,"13015",2
2016,"13015",3
2017,"13015",7
2018,"13015",4
2019,"13015",5
2020,"13015",1
2021,"13015",3
2022,"13015",5
2023,"13015",0
2024,"13015",3
2025,"13015",0
2011,"13016",3.87736466821886
2012,"13016",9.69341167054715
2013,"13016",13.570776338766
2014,"13016",9.69341167054715
2015,"13016",6
2016,"13016",12
2017,"13016",10
2018,"13016",9
2019,"13016",13
2020,"13016",1
2021,"13016",0
2022,"13016",10
2023,"13016",11
2024,"13016",10
2025,"13016",7
2011,"13017",1.93868233410943
2012,"13017",0
2013,"13017",3.87736466821886
2014,"13017",2.90802350116414
2015,"13017",2
2016,"13017",1
2017,"13017",0
2018,"13017",1
2019,"13017",1
2020,"13017",4
2021,"13017",4
2022,"13017",0
2023,"13017",1
2024,"13017",1
2025,"13017",1
2011,"13018",0
2012,"13018",4.84670583527357
2013,"13018",5.81604700232829
2014,"13018",5.81604700232829
2015,"13018",7
2016,"13018",2
2017,"13018",0
2018,"13018",2
2019,"13018",0
2020,"13018",4
2021,"13018",6
2022,"13018",5
2023,"13018",2
2024,"13018",1
2025,"13018",1
2011,"13019",1.93868233410943
2012,"13019",0.969341167054715
2013,"13019",1.93868233410943
2014,"13019",5.81604700232829
2015,"13019",0
2016,"13019",3
2017,"13019",5
2018,"13019",5
2019,"13019",2
2020,"13019",2
2021,"13019",4
2022,"13019",3
2023,"13019",0
2024,"13019",8
2025,"13019",2
2011,"13020",0
2012,"13020",0
2013,"13020",1.93868233410943
2014,"13020",0
2015,"13020",1
2016,"13020",0
2017,"13020",1
2018,"13020",2
2019,"13020",0
2020,"13020",0
2021,"13020",0
2022,"13020",0
2023,"13020",0
2024,"13020",0
2025,"13020",0
2011,"13021",0
2012,"13021",4.84670583527357
2013,"13021",1.93868233410943
2014,"13021",2.90802350116414
2015,"13021",4
2016,"13021",4
2017,"13021",3
2018,"13021",2
2019,"13021",3
2020,"13021",2
2021,"13021",3
2022,"13021",3
2023,"13021",5
2024,"13021",6
2025,"13021",3
2011,"13022",0
2012,"13022",5.81604700232829
2013,"13022",4.84670583527357
2014,"13022",7.75472933643772
2015,"13022",8
2016,"13022",2
2017,"13022",8
2018,"13022",7
2019,"13022",4
2020,"13022",0
2021,"13022",1
2022,"13022",4
2023,"13022",2
2024,"13022",7
2025,"13022",7
2011,"13023",2.90802350116414
2012,"13023",4.84670583527357
2013,"13023",4.84670583527357
2014,"13023",3.87736466821886
2015,"13023",6
2016,"13023",3
2017,"13023",1
2018,"13023",11
2019,"13023",4
2020,"13023",3
2021,"13023",6
2022,"13023",7
2023,"13023",2
2024,"13023",7
2025,"13023",2
2011,"13024",3.87736466821886
2012,"13024",3.87736466821886
2013,"13024",6.785388169383
2014,"13024",3.87736466821886
2015,"13024",3
2016,"13024",4
2017,"13024",2
2018,"13024",2
2019,"13024",2
2020,"13024",1
2021,"13024",3
2022,"13024",2
2023,"13024",0
2024,"13024",0
2025,"13024",0
2011,"13025",2.90802350116414
2012,"13025",1.93868233410943
2013,"13025",1.93868233410943
2014,"13025",1.93868233410943
2015,"13025",4
2016,"13025",1
2017,"13025",0
2018,"13025",5
2019,"13025",4
2020,"13025",0
2021,"13025",0
2022,"13025",0
2023,"13025",0
2024,"13025",2
2025,"13025",0
2011,"13026",1.93868233410943
2012,"13026",0
2013,"13026",1.93868233410943
2014,"13026",0
2015,"13026",1
2016,"13026",0
2017,"13026",2
2018,"13026",1
2019,"13026",1
2020,"13026",0
2021,"13026",0
2022,"13026",0
2023,"13026",0
2024,"13026",0
2025,"13026",0
2011,"13027",1.93868233410943
2012,"13027",5.81604700232829
2013,"13027",3.87736466821886
2014,"13027",0.969341167054715
2015,"13027",3
2016,"13027",0
2017,"13027",5
2018,"13027",6
2019,"13027",1
2020,"13027",4
2021,"13027",1
2022,"13027",2
2023,"13027",0
2024,"13027",1
2025,"13027",2
2011,"13028",10.6627528376019
2012,"13028",8.72407050349243
2013,"13028",19.3868233410943
2014,"13028",26.1722115104773
2015,"13028",24
2016,"13028",15
2017,"13028",11
2018,"13028",12
2019,"13028",19
2020,"13028",12
2021,"13028",13
2022,"13028",12
2023,"13028",5
2024,"13028",4
2025,"13028",8
2011,"13029",9.69341167054715
2012,"13029",19.3868233410943
2013,"13029",15.5094586728754
2014,"13029",13.570776338766
2015,"13029",19
2016,"13029",10
2017,"13029",3
2018,"13029",7
2019,"13029",12
2020,"13029",18
2021,"13029",13
2022,"13029",9
2023,"13029",7
2024,"13029",4
2025,"13029",4
2011,"13030",14.5401175058207
2012,"13030",31.9882585128056
2013,"13030",16.4787998399302
2014,"13030",33.926940846915
2015,"13030",26
2016,"13030",33
2017,"13030",40
2018,"13030",28
2019,"13030",37
2020,"13030",18
2021,"13030",23
2022,"13030",30
2023,"13030",15
2024,"13030",23
2025,"13030",7
2011,"13031",0.969341167054715
2012,"13031",5.81604700232829
2013,"13031",3.87736466821886
2014,"13031",3.87736466821886
2015,"13031",8
2016,"13031",2
2017,"13031",0
2018,"13031",1
2019,"13031",2
2020,"13031",6
2021,"13031",6
2022,"13031",4
2023,"13031",1
2024,"13031",2
2025,"13031",3
2011,"13032",0
2012,"13032",0
2013,"13032",1.93868233410943
2014,"13032",0.969341167054715
2015,"13032",0
2016,"13032",0
2017,"13032",0
2018,"13032",1
2019,"13032",1
2020,"13032",0
2021,"13032",0
2022,"13032",0
2023,"13032",0
2024,"13032",0
2025,"13032",0
2011,"13033",0
2012,"13033",0
2013,"13033",1.93868233410943
2014,"13033",3.87736466821886
2015,"13033",0
2016,"13033",0
2017,"13033",1
2018,"13033",0
2019,"13033",0
2020,"13033",0
2021,"13033",0
2022,"13033",1
2023,"13033",0
2024,"13033",0
2025,"13033",0
2011,"13034",0.969341167054715
2012,"13034",1.93868233410943
2013,"13034",0.969341167054715
2014,"13034",0.969341167054715
2015,"13034",1
2016,"13034",0
2017,"13034",3
2018,"13034",1
2019,"13034",3
2020,"13034",0
2021,"13034",1
2022,"13034",0
2023,"13034",1
2024,"13034",0
2025,"13034",3
2011,"13035",1.93868233410943
2012,"13035",1.93868233410943
2013,"13035",0.969341167054715
2014,"13035",7.75472933643772
2015,"13035",1
2016,"13035",6
2017,"13035",5
2018,"13035",3
2019,"13035",1
2020,"13035",0
2021,"13035",0
2022,"13035",0
2023,"13035",1
2024,"13035",1
2025,"13035",1
2011,"13036",0
2012,"13036",0
2013,"13036",2.90802350116414
2014,"13036",1.93868233410943
2015,"13036",1
2016,"13036",1
2017,"13036",3
2018,"13036",0
2019,"13036",1
2020,"13036",2
2021,"13036",1
2022,"13036",0
2023,"13036",0
2024,"13036",0
2025,"13036",1
2011,"13037",0
2012,"13037",7.75472933643772
2013,"13037",5.81604700232829
2014,"13037",5.81604700232829
2015,"13037",1
2016,"13037",3
2017,"13037",10
2018,"13037",5
2019,"13037",4
2020,"13037",6
2021,"13037",6
2022,"13037",2
2023,"13037",1
2024,"13037",0
2025,"13037",2
2011,"13038",0
2012,"13038",1.93868233410943
2013,"13038",1.93868233410943
2014,"13038",1.93868233410943
2015,"13038",0
2016,"13038",1
2017,"13038",5
2018,"13038",1
2019,"13038",1
2020,"13038",0
2021,"13038",0
2022,"13038",1
2023,"13038",0
2024,"13038",0
2025,"13038",0
2011,"13039",0
2012,"13039",4.84670583527357
2013,"13039",0.969341167054715
2014,"13039",1.93868233410943
2015,"13039",0
2016,"13039",3
2017,"13039",0
2018,"13039",1
2019,"13039",1
2020,"13039",0
2021,"13039",0
2022,"13039",1
2023,"13039",1
2024,"13039",2
2025,"13039",0
2011,"13040",0.969341167054715
2012,"13040",0.969341167054715
2013,"13040",0
2014,"13040",2.90802350116414
2015,"13040",1
2016,"13040",3
2017,"13040",0
2018,"13040",0
2019,"13040",0
2020,"13040",2
2021,"13040",1
2022,"13040",1
2023,"13040",2
2024,"13040",0
2025,"13040",1
2011,"13041",5.81604700232829
2012,"13041",11.6320940046566
2013,"13041",11.6320940046566
2014,"13041",11.6320940046566
2015,"13041",7
2016,"13041",5
2017,"13041",10
2018,"13041",13
2019,"13041",19
2020,"13041",11
2021,"13041",7
2022,"13041",7
2023,"13041",10
2024,"13041",9
2025,"13041",11
2011,"13042",0
2012,"13042",4.84670583527357
2013,"13042",4.84670583527357
2014,"13042",1.93868233410943
2015,"13042",1
2016,"13042",2
2017,"13042",2
2018,"13042",4
2019,"13042",4
2020,"13042",2
2021,"13042",3
2022,"13042",1
2023,"13042",1
2024,"13042",0
2025,"13042",0
2011,"13043",2.90802350116414
2012,"13043",0.969341167054715
2013,"13043",4.84670583527357
2014,"13043",0
2015,"13043",0
2016,"13043",2
2017,"13043",1
2018,"13043",0
2019,"13043",0
2020,"13043",2
2021,"13043",1
2022,"13043",1
2023,"13043",0
2024,"13043",0
2025,"13043",0
2011,"13044",2.90802350116414
2012,"13044",3.87736466821886
2013,"13044",3.87736466821886
2014,"13044",6.785388169383
2015,"13044",3
2016,"13044",6
2017,"13044",0
2018,"13044",1
2019,"13044",10
2020,"13044",14
2021,"13044",7
2022,"13044",4
2023,"13044",2
2024,"13044",3
2025,"13044",7
2011,"13045",2.90802350116414
2012,"13045",1.93868233410943
2013,"13045",1.93868233410943
2014,"13045",0.969341167054715
2015,"13045",1
2016,"13045",6
2017,"13045",1
2018,"13045",2
2019,"13045",5
2020,"13045",0
2021,"13045",0
2022,"13045",0
2023,"13045",1
2024,"13045",1
2025,"13045",0
2011,"13046",0.969341167054715
2012,"13046",0
2013,"13046",2.90802350116414
2014,"13046",1.93868233410943
2015,"13046",0
2016,"13046",2
2017,"13046",0
2018,"13046",1
2019,"13046",1
2020,"13046",0
2021,"13046",0
2022,"13046",1
2023,"13046",1
2024,"13046",3
2025,"13046",0
2011,"13047",0.969341167054715
2012,"13047",0.969341167054715
2013,"13047",0.969341167054715
2014,"13047",0.969341167054715
2015,"13047",0
2016,"13047",1
2017,"13047",0
2018,"13047",0
2019,"13047",2
2020,"13047",0
2021,"13047",0
2022,"13047",0
2023,"13047",0
2024,"13047",0
2025,"13047",2
2011,"13048",23.2641880093132
2012,"13048",126.983692884168
2013,"13048",152.18656322759
2014,"13048",143.462492724098
2015,"13048",180
2016,"13048",145
2017,"13048",189
2018,"13048",161
2019,"13048",83
2020,"13048",65
2021,"13048",82
2022,"13048",59
2023,"13048",23
2024,"13048",21
2025,"13048",31
2011,"13049",0
2012,"13049",2.90802350116414
2013,"13049",4.84670583527357
2014,"13049",5.81604700232829
2015,"13049",4
2016,"13049",2
2017,"13049",0
2018,"13049",3
2019,"13049",6
2020,"13049",2
2021,"13049",1
2022,"13049",4
2023,"13049",0
2024,"13049",2
2025,"13049",3
2011,"13050",1.93868233410943
2012,"13050",10.6627528376019
2013,"13050",3.87736466821886
2014,"13050",6.785388169383
2015,"13050",3
2016,"13050",6
2017,"13050",4
2018,"13050",5
2019,"13050",3
2020,"13050",9
2021,"13050",4
2022,"13050",6
2023,"13050",2
2024,"13050",2
2025,"13050",4
2011,"13051",3.87736466821886
2012,"13051",12.6014351717113
2013,"13051",14.5401175058207
2014,"13051",16.4787998399302
2015,"13051",20
2016,"13051",17
2017,"13051",29
2018,"13051",21
2019,"13051",15
2020,"13051",4
2021,"13051",3
2022,"13051",9
2023,"13051",5
2024,"13051",11
2025,"13051",25
2011,"13052",1.93868233410943
2012,"13052",9.69341167054715
2013,"13052",10.6627528376019
2014,"13052",10.6627528376019
2015,"13052",6
2016,"13052",8
2017,"13052",3
2018,"13052",10
2019,"13052",13
2020,"13052",8
2021,"13052",7
2022,"13052",14
2023,"13052",6
2024,"13052",8
2025,"13052",9
2011,"13053",5.81604700232829
2012,"13053",1.93868233410943
2013,"13053",6.785388169383
2014,"13053",2.90802350116414
2015,"13053",4
2016,"13053",3
2017,"13053",3
2018,"13053",3
2019,"13053",2
2020,"13053",0
2021,"13053",3
2022,"13053",0
2023,"13053",1
2024,"13053",3
2025,"13053",0
2011,"13054",4.84670583527357
2012,"13054",3.87736466821886
2013,"13054",5.81604700232829
2014,"13054",5.81604700232829
2015,"13054",9
2016,"13054",8
2017,"13054",8
2018,"13054",9
2019,"13054",8
2020,"13054",5
2021,"13054",6
2022,"13054",4
2023,"13054",6
2024,"13054",0
2025,"13054",4
2011,"13055",0
2012,"13055",2.90802350116414
2013,"13055",1.93868233410943
2014,"13055",0.969341167054715
2015,"13055",4
2016,"13055",4
2017,"13055",2
2018,"13055",2
2019,"13055",4
2020,"13055",4
2021,"13055",4
2022,"13055",1
2023,"13055",0
2024,"13055",1
2025,"13055",1
2011,"13056",1.93868233410943
2012,"13056",4.84670583527357
2013,"13056",2.90802350116414
2014,"13056",6.785388169383
2015,"13056",2
2016,"13056",5
2017,"13056",9
2018,"13056",13
2019,"13056",15
2020,"13056",2
2021,"13056",1
2022,"13056",8
2023,"13056",4
2024,"13056",8
2025,"13056",4
2011,"13057",3.87736466821886
2012,"13057",7.75472933643772
2013,"13057",7.75472933643772
2014,"13057",3.87736466821886
2015,"13057",5
2016,"13057",1
2017,"13057",4
2018,"13057",9
2019,"13057",9
2020,"13057",0
2021,"13057",0
2022,"13057",6
2023,"13057",4
2024,"13057",5
2025,"13057",6
2011,"13058",0.969341167054715
2012,"13058",1.93868233410943
2013,"13058",0.969341167054715
2014,"13058",3.87736466821886
2015,"13058",7
2016,"13058",0
2017,"13058",4
2018,"13058",3
2019,"13058",3
2020,"13058",9
2021,"13058",1
2022,"13058",2
2023,"13058",3
2024,"13058",4
2025,"13058",5
2011,"13059",3.87736466821886
2012,"13059",7.75472933643772
2013,"13059",6.785388169383
2014,"13059",7.75472933643772
2015,"13059",4
2016,"13059",5
2017,"13059",1
2018,"13059",2
2019,"13059",4
2020,"13059",4
2021,"13059",7
2022,"13059",4
2023,"13059",2
2024,"13059",1
2025,"13059",0
2011,"13060",1.93868233410943
2012,"13060",8.72407050349243
2013,"13060",1.93868233410943
2014,"13060",3.87736466821886
2015,"13060",5
2016,"13060",4
2017,"13060",1
2018,"13060",2
2019,"13060",0
2020,"13060",2
2021,"13060",1
2022,"13060",2
2023,"13060",0
2024,"13060",0
2025,"13060",1
2011,"13061",5.81604700232829
2012,"13061",16.4787998399302
2013,"13061",19.3868233410943
2014,"13061",17.4481410069849
2015,"13061",7
2016,"13061",5
2017,"13061",1
2018,"13061",4
2019,"13061",13
2020,"13061",11
2021,"13061",7
2022,"13061",15
2023,"13061",9
2024,"13061",5
2025,"13061",6
2011,"13062",2.90802350116414
2012,"13062",1.93868233410943
2013,"13062",9.69341167054715
2014,"13062",7.75472933643772
2015,"13062",2
2016,"13062",3
2017,"13062",1
2018,"13062",2
2019,"13062",5
2020,"13062",1
2021,"13062",3
2022,"13062",2
2023,"13062",2
2024,"13062",0
2025,"13062",2
2011,"13063",11.6320940046566
2012,"13063",24.2335291763679
2013,"13063",33.926940846915
2014,"13063",19.3868233410943
2015,"13063",23
2016,"13063",18
2017,"13063",18
2018,"13063",27
2019,"13063",18
2020,"13063",21
2021,"13063",21
2022,"13063",28
2023,"13063",17
2024,"13063",31
2025,"13063",21
2011,"13064",0
2012,"13064",0.969341167054715
2013,"13064",2.90802350116414
2014,"13064",2.90802350116414
2015,"13064",2
2016,"13064",1
2017,"13064",5
2018,"13064",6
2019,"13064",4
2020,"13064",8
2021,"13064",6
2022,"13064",5
2023,"13064",6
2024,"13064",3
2025,"13064",0
2011,"13065",3.87736466821886
2012,"13065",1.93868233410943
2013,"13065",3.87736466821886
2014,"13065",0
2015,"13065",0
2016,"13065",0
2017,"13065",0
2018,"13065",0
2019,"13065",1
2020,"13065",0
2021,"13065",1
2022,"13065",3
2023,"13065",2
2024,"13065",2
2025,"13065",2
2011,"13066",0
2012,"13066",5.81604700232829
2013,"13066",1.93868233410943
2014,"13066",6.785388169383
2015,"13066",4
2016,"13066",3
2017,"13066",3
2018,"13066",1
2019,"13066",2
2020,"13066",3
2021,"13066",3
2022,"13066",4
2023,"13066",6
2024,"13066",4
2025,"13066",7
2011,"13067",11.6320940046566
2012,"13067",4.84670583527357
2013,"13067",11.6320940046566
2014,"13067",9.69341167054715
2015,"13067",6
2016,"13067",16
2017,"13067",16
2018,"13067",28
2019,"13067",23
2020,"13067",17
2021,"13067",12
2022,"13067",11
2023,"13067",14
2024,"13067",15
2025,"13067",14
2011,"13068",0
2012,"13068",0.969341167054715
2013,"13068",11.6320940046566
2014,"13068",1.93868233410943
2015,"13068",4
2016,"13068",0
2017,"13068",1
2018,"13068",0
2019,"13068",1
2020,"13068",0
2021,"13068",0
2022,"13068",0
2023,"13068",1
2024,"13068",0
2025,"13068",2
2011,"13069",37.8043055151339
2012,"13069",25.2028703434226
2013,"13069",37.8043055151339
2014,"13069",28.1108938445867
2015,"13069",23
2016,"13069",32
2017,"13069",29
2018,"13069",38
2019,"13069",20
2020,"13069",27
2021,"13069",31
2022,"13069",39
2023,"13069",32
2024,"13069",26
2025,"13069",23
2011,"13070",0
2012,"13070",1.93868233410943
2013,"13070",5.81604700232829
2014,"13070",0.969341167054715
2015,"13070",1
2016,"13070",3
2017,"13070",0
2018,"13070",4
2019,"13070",2
2020,"13070",4
2021,"13070",4
2022,"13070",2
2023,"13070",6
2024,"13070",2
2025,"13070",3
2011,"13071",0
2012,"13071",0.969341167054715
2013,"13071",1.93868233410943
2014,"13071",2.90802350116414
2015,"13071",2
2016,"13071",1
2017,"13071",1
2018,"13071",2
2019,"13071",1
2020,"13071",1
2021,"13071",1
2022,"13071",0
2023,"13071",1
2024,"13071",1
2025,"13071",0
2011,"13072",1.93868233410943
2012,"13072",5.81604700232829
2013,"13072",1.93868233410943
2014,"13072",0.969341167054715
2015,"13072",0
2016,"13072",1
2017,"13072",0
2018,"13072",0
2019,"13072",5
2020,"13072",2
2021,"13072",3
2022,"13072",2
2023,"13072",2
2024,"13072",1
2025,"13072",2
2011,"13073",5.81604700232829
2012,"13073",1.93868233410943
2013,"13073",6.785388169383
2014,"13073",5.81604700232829
2015,"13073",3
2016,"13073",5
2017,"13073",2
2018,"13073",3
2019,"13073",3
2020,"13073",0
2021,"13073",0
2022,"13073",1
2023,"13073",2
2024,"13073",0
2025,"13073",6
2011,"13074",4.84670583527357
2012,"13074",3.87736466821886
2013,"13074",2.90802350116414
2014,"13074",1.93868233410943
2015,"13074",1
2016,"13074",4
2017,"13074",5
2018,"13074",4
2019,"13074",10
2020,"13074",1
2021,"13074",8
2022,"13074",5
2023,"13074",8
2024,"13074",5
2025,"13074",7
2011,"13075",4.84670583527357
2012,"13075",5.81604700232829
2013,"13075",10.6627528376019
2014,"13075",4.84670583527357
2015,"13075",3
2016,"13075",6
2017,"13075",6
2018,"13075",7
2019,"13075",7
2020,"13075",7
2021,"13075",14
2022,"13075",10
2023,"13075",5
2024,"13075",10
2025,"13075",8
2011,"13076",27.141552677532
2012,"13076",43.6203525174622
2013,"13076",47.497717185681
2014,"13076",26.1722115104773
2015,"13076",37
2016,"13076",40
2017,"13076",62
2018,"13076",57
2019,"13076",56
2020,"13076",47
2021,"13076",37
2022,"13076",32
2023,"13076",33
2024,"13076",36
2025,"13076",55
2011,"13077",18.4174821740396
2012,"13077",53.3137641880093
2013,"13077",51.3750818538999
2014,"13077",54.283105355064
2015,"13077",37
2016,"13077",59
2017,"13077",34
2018,"13077",48
2019,"13077",48
2020,"13077",79
2021,"13077",66
2022,"13077",52
2023,"13077",17
2024,"13077",16
2025,"13077",27
2011,"13078",0
2012,"13078",0
2013,"13078",1.93868233410943
2014,"13078",0.969341167054715
2015,"13078",2
2016,"13078",1
2017,"13078",0
2018,"13078",0
2019,"13078",2
2020,"13078",1
2021,"13078",0
2022,"13078",0
2023,"13078",0
2024,"13078",1
2025,"13078",2
2011,"13079",1.93868233410943
2012,"13079",0
2013,"13079",1.93868233410943
2014,"13079",0.969341167054715
2015,"13079",0
2016,"13079",2
2017,"13079",1
2018,"13079",1
2019,"13079",1
2020,"13079",0
2021,"13079",0
2022,"13079",1
2023,"13079",0
2024,"13079",0
2025,"13079",2
2011,"13080",1.93868233410943
2012,"13080",1.93868233410943
2013,"13080",1.93868233410943
2014,"13080",2.90802350116414
2015,"13080",1
2016,"13080",0
2017,"13080",0
2018,"13080",4
2019,"13080",2
2020,"13080",0
2021,"13080",0
2022,"13080",0
2023,"13080",2
2024,"13080",0
2025,"13080",1
2011,"13081",5.81604700232829
2012,"13081",0
2013,"13081",3.87736466821886
2014,"13081",2.90802350116414
2015,"13081",2
2016,"13081",3
2017,"13081",5
2018,"13081",2
2019,"13081",2
2020,"13081",3
2021,"13081",3
2022,"13081",4
2023,"13081",6
2024,"13081",3
2025,"13081",1
2011,"13082",4.84670583527357
2012,"13082",5.81604700232829
2013,"13082",2.90802350116414
2014,"13082",6.785388169383
2015,"13082",5
2016,"13082",4
2017,"13082",4
2018,"13082",1
2019,"13082",4
2020,"13082",3
2021,"13082",3
2022,"13082",7
2023,"13082",4
2024,"13082",7
2025,"13082",3
2011,"13083",1.93868233410943
2012,"13083",3.87736466821886
2013,"13083",13.570776338766
2014,"13083",11.6320940046566
2015,"13083",10
2016,"13083",13
2017,"13083",18
2018,"13083",14
2019,"13083",9
2020,"13083",4
2021,"13083",1
2022,"13083",2
2023,"13083",8
2024,"13083",11
2025,"13083",8
2011,"13084",6.785388169383
2012,"13084",12.6014351717113
2013,"13084",7.75472933643772
2014,"13084",10.6627528376019
2015,"13084",13
2016,"13084",3
2017,"13084",9
2018,"13084",4
2019,"13084",4
2020,"13084",9
2021,"13084",10
2022,"13084",7
2023,"13084",5
2024,"13084",5
2025,"13084",4
2014,"14001",1.93868233410943
2015,"14001",8
2016,"14001",7
2017,"14001",5
2018,"14001",7
2019,"14001",6
2020,"14001",5
2021,"14001",9
2022,"14001",11
2023,"14001",9
2024,"14001",6
2025,"14001",8
2014,"14002",5.81604700232829
2015,"14002",8
2016,"14002",17
2017,"14002",9
2018,"14002",18
2019,"14002",19
2020,"14002",18
2021,"14002",11
2022,"14002",14
2023,"14002",12
2024,"14002",9
2025,"14002",7
2014,"14003",3.87736466821886
2015,"14003",7
2016,"14003",3
2017,"14003",3
2018,"14003",3
2019,"14003",2
2020,"14003",7
2021,"14003",3
2022,"14003",7
2023,"14003",10
2024,"14003",3
2025,"14003",4
2014,"14004",0
2015,"14004",3
2016,"14004",2
2017,"14004",5
2018,"14004",5
2019,"14004",3
2020,"14004",3
2021,"14004",4
2022,"14004",2
2023,"14004",1
2024,"14004",2
2025,"14004",1
2014,"14005",7.75472933643772
2015,"14005",3
2016,"14005",6
2017,"14005",9
2018,"14005",5
2019,"14005",4
2020,"14005",2
2021,"14005",6
2022,"14005",12
2023,"14005",7
2024,"14005",6
2025,"14005",7
2014,"14006",11.6320940046566
2015,"14006",13
2016,"14006",14
2017,"14006",13
2018,"14006",11
2019,"14006",18
2020,"14006",18
2021,"14006",11
2022,"14006",20
2023,"14006",19
2024,"14006",15
2025,"14006",12
2014,"14007",2.90802350116414
2015,"14007",3
2016,"14007",0
2017,"14007",1
2018,"14007",0
2019,"14007",1
2020,"14007",1
2021,"14007",3
2022,"14007",2
2023,"14007",6
2024,"14007",3
2025,"14007",5
2014,"14008",14.5401175058207
2015,"14008",20
2016,"14008",13
2017,"14008",15
2018,"14008",10
2019,"14008",14
2020,"14008",16
2021,"14008",20
2022,"14008",23
2023,"14008",17
2024,"14008",22
2025,"14008",14
2014,"14009",8.72407050349243
2015,"14009",13
2016,"14009",5
2017,"14009",8
2018,"14009",8
2019,"14009",7
2020,"14009",17
2021,"14009",17
2022,"14009",15
2023,"14009",13
2024,"14009",4
2025,"14009",11
2014,"14010",0.969341167054715
2015,"14010",2
2016,"14010",1
2017,"14010",1
2018,"14010",2
2019,"14010",1
2020,"14010",1
2021,"14010",1
2022,"14010",1
2023,"14010",1
2024,"14010",1
2025,"14010",1
2014,"14011",0
2015,"14011",1
2016,"14011",3
2017,"14011",1
2018,"14011",1
2019,"14011",0
2020,"14011",0
2021,"14011",0
2022,"14011",0
2023,"14011",1
2024,"14011",0
2025,"14011",1
2014,"14012",0
2015,"14012",1
2016,"14012",1
2017,"14012",0
2018,"14012",1
2019,"14012",1
2020,"14012",1
2021,"14012",1
2022,"14012",3
2023,"14012",6
2024,"14012",1
2025,"14012",2
2014,"14013",15.5094586728754
2015,"14013",21
2016,"14013",25
2017,"14013",17
2018,"14013",15
2019,"14013",16
2020,"14013",10
2021,"14013",14
2022,"14013",18
2023,"14013",22
2024,"14013",19
2025,"14013",19
2014,"14014",1.93868233410943
2015,"14014",2
2016,"14014",4
2017,"14014",6
2018,"14014",4
2019,"14014",2
2020,"14014",1
2021,"14014",1
2022,"14014",1
2023,"14014",3
2024,"14014",0
2025,"14014",2
2014,"14015",10.6627528376019
2015,"14015",13
2016,"14015",13
2017,"14015",8
2018,"14015",13
2019,"14015",7
2020,"14015",10
2021,"14015",15
2022,"14015",9
2023,"14015",18
2024,"14015",13
2025,"14015",6
2014,"14016",7.75472933643772
2015,"14016",4
2016,"14016",10
2017,"14016",7
2018,"14016",9
2019,"14016",4
2020,"14016",7
2021,"14016",4
2022,"14016",6
2023,"14016",11
2024,"14016",5
2025,"14016",8
2014,"14017",5.81604700232829
2015,"14017",5
2016,"14017",2
2017,"14017",0
2018,"14017",1
2019,"14017",4
2020,"14017",3
2021,"14017",5
2022,"14017",4
2023,"14017",3
2024,"14017",4
2025,"14017",0
2014,"14018",12.6014351717113
2015,"14018",19
2016,"14018",33
2017,"14018",12
2018,"14018",15
2019,"14018",9
2020,"14018",15
2021,"14018",17
2022,"14018",25
2023,"14018",11
2024,"14018",17
2025,"14018",12
2014,"14019",0
2015,"14019",2
2016,"14019",3
2017,"14019",1
2018,"14019",2
2019,"14019",4
2020,"14019",2
2021,"14019",0
2022,"14019",0
2023,"14019",2
2024,"14019",0
2025,"14019",1
2014,"14020",8.72407050349243
2015,"14020",4
2016,"14020",9
2017,"14020",6
2018,"14020",7
2019,"14020",5
2020,"14020",6
2021,"14020",6
2022,"14020",2
2023,"14020",5
2024,"14020",5
2025,"14020",4
2014,"14021",10.6627528376019
2015,"14021",5
2016,"14021",9
2017,"14021",4
2018,"14021",11
2019,"14021",3
2020,"14021",3
2021,"14021",6
2022,"14021",4
2023,"14021",4
2024,"14021",7
2025,"14021",5
2014,"14022",16.4787998399302
2015,"14022",8
2016,"14022",13
2017,"14022",10
2018,"14022",8
2019,"14022",10
2020,"14022",11
2021,"14022",16
2022,"14022",11
2023,"14022",14
2024,"14022",8
2025,"14022",16
2011,"14023",22.2948468422584
2012,"14023",16.4787998399302
2013,"14023",16.4787998399302
2014,"14023",18.4174821740396
2015,"14023",29
2016,"14023",31
2017,"14023",21
2018,"14023",21
2019,"14023",20
2020,"14023",22
2021,"14023",19
2022,"14023",18
2023,"14023",12
2024,"14023",18
2025,"14023",19
2014,"14024",2.90802350116414
2015,"14024",6
2016,"14024",8
2017,"14024",7
2018,"14024",9
2019,"14024",19
2020,"14024",11
2021,"14024",6
2022,"14024",7
2023,"14024",14
2024,"14024",7
2025,"14024",10
2014,"14025",0.969341167054715
2015,"14025",2
2016,"14025",9
2017,"14025",1
2018,"14025",5
2019,"14025",3
2020,"14025",0
2021,"14025",1
2022,"14025",5
2023,"14025",2
2024,"14025",3
2025,"14025",2
2014,"14026",0
2015,"14026",2
2016,"14026",1
2017,"14026",0
2018,"14026",1
2019,"14026",1
2020,"14026",0
2021,"14026",1
2022,"14026",2
2023,"14026",2
2024,"14026",0
2025,"14026",1
2014,"14027",2.90802350116414
2015,"14027",3
2016,"14027",3
2017,"14027",6
2018,"14027",10
2019,"14027",7
2020,"14027",4
2021,"14027",3
2022,"14027",8
2023,"14027",2
2024,"14027",2
2025,"14027",3
2014,"14028",0
2015,"14028",1
2016,"14028",0
2017,"14028",0
2018,"14028",2
2019,"14028",0
2020,"14028",1
2021,"14028",0
2022,"14028",2
2023,"14028",1
2024,"14028",1
2025,"14028",0
2014,"14029",4.84670583527357
2015,"14029",1
2016,"14029",5
2017,"14029",2
2018,"14029",3
2019,"14029",0
2020,"14029",3
2021,"14029",5
2022,"14029",2
2023,"14029",3
2024,"14029",1
2025,"14029",5
2014,"14030",11.6320940046566
2015,"14030",10
2016,"14030",18
2017,"14030",15
2018,"14030",20
2019,"14030",28
2020,"14030",23
2021,"14030",19
2022,"14030",13
2023,"14030",11
2024,"14030",11
2025,"14030",6
2014,"14031",0
2015,"14031",0
2016,"14031",0
2017,"14031",1
2018,"14031",2
2019,"14031",0
2020,"14031",0
2021,"14031",0
2022,"14031",1
2023,"14031",0
2024,"14031",0
2025,"14031",0
2014,"14032",2.90802350116414
2015,"14032",0
2016,"14032",3
2017,"14032",2
2018,"14032",2
2019,"14032",3
2020,"14032",2
2021,"14032",0
2022,"14032",0
2023,"14032",2
2024,"14032",0
2025,"14032",0
2014,"14033",5.81604700232829
2015,"14033",14
2016,"14033",5
2017,"14033",9
2018,"14033",6
2019,"14033",5
2020,"14033",7
2021,"14033",2
2022,"14033",4
2023,"14033",3
2024,"14033",4
2025,"14033",3
2014,"14034",0
2015,"14034",1
2016,"14034",0
2017,"14034",1
2018,"14034",0
2019,"14034",1
2020,"14034",0
2021,"14034",1
2022,"14034",0
2023,"14034",1
2024,"14034",1
2025,"14034",0
2014,"14035",10.6627528376019
2015,"14035",12
2016,"14035",20
2017,"14035",17
2018,"14035",14
2019,"14035",48
2020,"14035",40
2021,"14035",44
2022,"14035",12
2023,"14035",19
2024,"14035",67
2025,"14035",17
2014,"14036",4.84670583527357
2015,"14036",3
2016,"14036",7
2017,"14036",1
2018,"14036",2
2019,"14036",5
2020,"14036",4
2021,"14036",6
2022,"14036",6
2023,"14036",2
2024,"14036",1
2025,"14036",5
2014,"14037",6.785388169383
2015,"14037",9
2016,"14037",5
2017,"14037",1
2018,"14037",1
2019,"14037",3
2020,"14037",1
2021,"14037",4
2022,"14037",7
2023,"14037",2
2024,"14037",4
2025,"14037",2
2014,"14038",0.969341167054715
2015,"14038",2
2016,"14038",0
2017,"14038",1
2018,"14038",0
2019,"14038",1
2020,"14038",2
2021,"14038",1
2022,"14038",2
2023,"14038",2
2024,"14038",0
2025,"14038",0
2011,"14039",257.844750436554
2012,"14039",265.599479772992
2013,"14039",237.488585928405
2014,"14039",235.549903594296
2015,"14039",288
2016,"14039",315
2017,"14039",335
2018,"14039",560
2019,"14039",458
2020,"14039",459
2021,"14039",527
2022,"14039",381
2023,"14039",329
2024,"14039",338
2025,"14039",294
2014,"14040",3.87736466821886
2015,"14040",4
2016,"14040",6
2017,"14040",7
2018,"14040",6
2019,"14040",4
2020,"14040",5
2021,"14040",2
2022,"14040",2
2023,"14040",5
2024,"14040",6
2025,"14040",5
2014,"14041",0.969341167054715
2015,"14041",0
2016,"14041",1
2017,"14041",2
2018,"14041",3
2019,"14041",2
2020,"14041",1
2021,"14041",1
2022,"14041",1
2023,"14041",7
2024,"14041",2
2025,"14041",2
2014,"14042",5.81604700232829
2015,"14042",0
2016,"14042",2
2017,"14042",3
2018,"14042",2
2019,"14042",4
2020,"14042",2
2021,"14042",2
2022,"14042",1
2023,"14042",4
2024,"14042",0
2025,"14042",2
2014,"14043",10.6627528376019
2015,"14043",9
2016,"14043",6
2017,"14043",17
2018,"14043",19
2019,"14043",15
2020,"14043",7
2021,"14043",5
2022,"14043",14
2023,"14043",7
2024,"14043",8
2025,"14043",7
2014,"14044",21.3255056752037
2015,"14044",12
2016,"14044",15
2017,"14044",21
2018,"14044",19
2019,"14044",25
2020,"14044",16
2021,"14044",19
2022,"14044",30
2023,"14044",23
2024,"14044",28
2025,"14044",14
2014,"14045",6.785388169383
2015,"14045",6
2016,"14045",7
2017,"14045",17
2018,"14045",9
2019,"14045",12
2020,"14045",8
2021,"14045",3
2022,"14045",15
2023,"14045",10
2024,"14045",7
2025,"14045",4
2014,"14046",11.6320940046566
2015,"14046",7
2016,"14046",13
2017,"14046",9
2018,"14046",9
2019,"14046",7
2020,"14046",8
2021,"14046",13
2022,"14046",10
2023,"14046",5
2024,"14046",9
2025,"14046",10
2014,"14047",1.93868233410943
2015,"14047",10
2016,"14047",7
2017,"14047",9
2018,"14047",4
2019,"14047",11
2020,"14047",6
2021,"14047",3
2022,"14047",4
2023,"14047",6
2024,"14047",5
2025,"14047",4
2014,"14048",3.87736466821886
2015,"14048",9
2016,"14048",3
2017,"14048",5
2018,"14048",5
2019,"14048",8
2020,"14048",4
2021,"14048",3
2022,"14048",7
2023,"14048",8
2024,"14048",6
2025,"14048",9
2014,"14049",1.93868233410943
2015,"14049",0
2016,"14049",1
2017,"14049",1
2018,"14049",3
2019,"14049",3
2020,"14049",1
2021,"14049",2
2022,"14049",0
2023,"14049",0
2024,"14049",0
2025,"14049",2
2014,"14050",18.4174821740396
2015,"14050",7
2016,"14050",16
2017,"14050",19
2018,"14050",21
2019,"14050",23
2020,"14050",14
2021,"14050",15
2022,"14050",12
2023,"14050",19
2024,"14050",13
2025,"14050",11
2014,"14051",5.81604700232829
2015,"14051",4
2016,"14051",7
2017,"14051",8
2018,"14051",17
2019,"14051",7
2020,"14051",11
2021,"14051",6
2022,"14051",12
2023,"14051",9
2024,"14051",10
2025,"14051",6
2014,"14052",1.93868233410943
2015,"14052",0
2016,"14052",2
2017,"14052",2
2018,"14052",2
2019,"14052",3
2020,"14052",1
2021,"14052",0
2022,"14052",1
2023,"14052",3
2024,"14052",0
2025,"14052",0
2011,"14053",52.3444230209546
2012,"14053",37.8043055151339
2013,"14053",39.7429878492433
2014,"14053",57.1911288562282
2015,"14053",55
2016,"14053",66
2017,"14053",70
2018,"14053",107
2019,"14053",127
2020,"14053",137
2021,"14053",139
2022,"14053",84
2023,"14053",89
2024,"14053",83
2025,"14053",65
2014,"14054",0.969341167054715
2015,"14054",3
2016,"14054",6
2017,"14054",2
2018,"14054",3
2019,"14054",0
2020,"14054",0
2021,"14054",2
2022,"14054",1
2023,"14054",3
2024,"14054",0
2025,"14054",0
2014,"14055",10.6627528376019
2015,"14055",4
2016,"14055",14
2017,"14055",6
2018,"14055",8
2019,"14055",8
2020,"14055",6
2021,"14055",16
2022,"14055",8
2023,"14055",9
2024,"14055",11
2025,"14055",8
2014,"14056",1.93868233410943
2015,"14056",1
2016,"14056",1
2017,"14056",0
2018,"14056",2
2019,"14056",0
2020,"14056",0
2021,"14056",1
2022,"14056",1
2023,"14056",1
2024,"14056",0
2025,"14056",1
2014,"14057",1.93868233410943
2015,"14057",0
2016,"14057",3
2017,"14057",2
2018,"14057",1
2019,"14057",0
2020,"14057",1
2021,"14057",4
2022,"14057",6
2023,"14057",3
2024,"14057",0
2025,"14057",0
2014,"14058",3.87736466821886
2015,"14058",8
2016,"14058",2
2017,"14058",3
2018,"14058",5
2019,"14058",2
2020,"14058",1
2021,"14058",0
2022,"14058",5
2023,"14058",0
2024,"14058",1
2025,"14058",3
2014,"14059",3.87736466821886
2015,"14059",4
2016,"14059",7
2017,"14059",2
2018,"14059",6
2019,"14059",4
2020,"14059",4
2021,"14059",5
2022,"14059",34
2023,"14059",11
2024,"14059",5
2025,"14059",5
2014,"14060",0
2015,"14060",1
2016,"14060",2
2017,"14060",0
2018,"14060",0
2019,"14060",3
2020,"14060",1
2021,"14060",0
2022,"14060",1
2023,"14060",3
2024,"14060",0
2025,"14060",1
2014,"14061",0.969341167054715
2015,"14061",3
2016,"14061",3
2017,"14061",0
2018,"14061",3
2019,"14061",2
2020,"14061",5
2021,"14061",2
2022,"14061",10
2023,"14061",5
2024,"14061",3
2025,"14061",4
2014,"14062",0
2015,"14062",1
2016,"14062",0
2017,"14062",0
2018,"14062",1
2019,"14062",0
2020,"14062",1
2021,"14062",0
2022,"14062",2
2023,"14062",0
2024,"14062",1
2025,"14062",0
2011,"14063",17.4481410069849
2012,"14063",25.2028703434226
2013,"14063",41.6816701833527
2014,"14063",15.5094586728754
2015,"14063",32
2016,"14063",30
2017,"14063",17
2018,"14063",23
2019,"14063",22
2020,"14063",29
2021,"14063",13
2022,"14063",17
2023,"14063",26
2024,"14063",32
2025,"14063",27
2014,"14064",5.81604700232829
2015,"14064",10
2016,"14064",8
2017,"14064",10
2018,"14064",7
2019,"14064",15
2020,"14064",20
2021,"14064",27
2022,"14064",10
2023,"14064",14
2024,"14064",14
2025,"14064",13
2014,"14065",1.93868233410943
2015,"14065",2
2016,"14065",4
2017,"14065",4
2018,"14065",2
2019,"14065",6
2020,"14065",0
2021,"14065",2
2022,"14065",1
2023,"14065",3
2024,"14065",1
2025,"14065",0
2014,"14066",20.356164508149
2015,"14066",21
2016,"14066",34
2017,"14066",12
2018,"14066",13
2019,"14066",15
2020,"14066",15
2021,"14066",11
2022,"14066",21
2023,"14066",11
2024,"14066",12
2025,"14066",21
2011,"14067",62.0378346915017
2012,"14067",67.85388169383
2013,"14067",49.4363995197904
2014,"14067",33.926940846915
2015,"14067",32
2016,"14067",51
2017,"14067",57
2018,"14067",39
2019,"14067",45
2020,"14067",36
2021,"14067",48
2022,"14067",40
2023,"14067",45
2024,"14067",45
2025,"14067",36
2014,"14068",4.84670583527357
2015,"14068",2
2016,"14068",2
2017,"14068",4
2018,"14068",2
2019,"14068",2
2020,"14068",6
2021,"14068",0
2022,"14068",2
2023,"14068",3
2024,"14068",1
2025,"14068",3
2014,"14069",1.93868233410943
2015,"14069",2
2016,"14069",2
2017,"14069",2
2018,"14069",2
2019,"14069",0
2020,"14069",1
2021,"14069",5
2022,"14069",0
2023,"14069",2
2024,"14069",0
2025,"14069",1
2011,"14070",58.1604700232829
2012,"14070",48.4670583527357
2013,"14070",65.9151993597206
2014,"14070",37.8043055151339
2015,"14070",37
2016,"14070",54
2017,"14070",61
2018,"14070",124
2019,"14070",103
2020,"14070",72
2021,"14070",96
2022,"14070",124
2023,"14070",90
2024,"14070",76
2025,"14070",64
2014,"14071",4.84670583527357
2015,"14071",3
2016,"14071",2
2017,"14071",2
2018,"14071",2
2019,"14071",1
2020,"14071",0
2021,"14071",2
2022,"14071",1
2023,"14071",13
2024,"14071",0
2025,"14071",2
2014,"14072",8.72407050349243
2015,"14072",1
2016,"14072",5
2017,"14072",3
2018,"14072",2
2019,"14072",1
2020,"14072",0
2021,"14072",1
2022,"14072",3
2023,"14072",1
2024,"14072",4
2025,"14072",0
2014,"14073",19.3868233410943
2015,"14073",26
2016,"14073",15
2017,"14073",23
2018,"14073",16
2019,"14073",25
2020,"14073",23
2021,"14073",25
2022,"14073",24
2023,"14073",27
2024,"14073",33
2025,"14073",16
2014,"14074",0.969341167054715
2015,"14074",3
2016,"14074",3
2017,"14074",0
2018,"14074",0
2019,"14074",2
2020,"14074",2
2021,"14074",0
2022,"14074",1
2023,"14074",2
2024,"14074",3
2025,"14074",2
2014,"14075",0
2015,"14075",1
2016,"14075",1
2017,"14075",2
2018,"14075",1
2019,"14075",0
2020,"14075",4
2021,"14075",0
2022,"14075",5
2023,"14075",0
2024,"14075",0
2025,"14075",0
2014,"14076",2.90802350116414
2015,"14076",0
2016,"14076",0
2017,"14076",0
2018,"14076",5
2019,"14076",0
2020,"14076",1
2021,"14076",0
2022,"14076",0
2023,"14076",0
2024,"14076",0
2025,"14076",0
2014,"14077",4.84670583527357
2015,"14077",6
2016,"14077",7
2017,"14077",7
2018,"14077",6
2019,"14077",6
2020,"14077",4
2021,"14077",5
2022,"14077",4
2023,"14077",5
2024,"14077",2
2025,"14077",4
2014,"14078",13.570776338766
2015,"14078",7
2016,"14078",8
2017,"14078",2
2018,"14078",9
2019,"14078",11
2020,"14078",4
2021,"14078",10
2022,"14078",7
2023,"14078",9
2024,"14078",5
2025,"14078",6
2014,"14079",2.90802350116414
2015,"14079",8
2016,"14079",8
2017,"14079",5
2018,"14079",10
2019,"14079",9
2020,"14079",4
2021,"14079",2
2022,"14079",4
2023,"14079",9
2024,"14079",6
2025,"14079",6
2014,"14080",1.93868233410943
2015,"14080",7
2016,"14080",2
2017,"14080",1
2018,"14080",2
2019,"14080",2
2020,"14080",1
2021,"14080",3
2022,"14080",2
2023,"14080",5
2024,"14080",3
2025,"14080",1
2014,"14081",0
2015,"14081",1
2016,"14081",1
2017,"14081",0
2018,"14081",1
2019,"14081",6
2020,"14081",1
2021,"14081",4
2022,"14081",1
2023,"14081",2
2024,"14081",2
2025,"14081",0
2014,"14082",1.93868233410943
2015,"14082",10
2016,"14082",10
2017,"14082",11
2018,"14082",14
2019,"14082",7
2020,"14082",16
2021,"14082",9
2022,"14082",11
2023,"14082",9
2024,"14082",14
2025,"14082",9
2014,"14083",22.2948468422584
2015,"14083",25
2016,"14083",21
2017,"14083",23
2018,"14083",30
2019,"14083",24
2020,"14083",26
2021,"14083",28
2022,"14083",21
2023,"14083",34
2024,"14083",26
2025,"14083",20
2014,"14084",0.969341167054715
2015,"14084",4
2016,"14084",8
2017,"14084",1
2018,"14084",0
2019,"14084",0
2020,"14084",2
2021,"14084",1
2022,"14084",3
2023,"14084",3
2024,"14084",0
2025,"14084",5
2014,"14085",13.570776338766
2015,"14085",15
2016,"14085",6
2017,"14085",10
2018,"14085",6
2019,"14085",11
2020,"14085",8
2021,"14085",4
2022,"14085",13
2023,"14085",9
2024,"14085",5
2025,"14085",3
2014,"14086",1.93868233410943
2015,"14086",5
2016,"14086",3
2017,"14086",5
2018,"14086",4
2019,"14086",2
2020,"14086",2
2021,"14086",4
2022,"14086",2
2023,"14086",6
2024,"14086",3
2025,"14086",0
2014,"14087",5.81604700232829
2015,"14087",3
2016,"14087",3
2017,"14087",5
2018,"14087",5
2019,"14087",2
2020,"14087",5
2021,"14087",3
2022,"14087",0
2023,"14087",1
2024,"14087",3
2025,"14087",1
2014,"14088",3.87736466821886
2015,"14088",4
2016,"14088",12
2017,"14088",4
2018,"14088",3
2019,"14088",7
2020,"14088",5
2021,"14088",6
2022,"14088",10
2023,"14088",3
2024,"14088",4
2025,"14088",6
2014,"14089",0.969341167054715
2015,"14089",0
2016,"14089",3
2017,"14089",4
2018,"14089",3
2019,"14089",3
2020,"14089",3
2021,"14089",5
2022,"14089",3
2023,"14089",1
2024,"14089",1
2025,"14089",3
2014,"14090",0
2015,"14090",1
2016,"14090",0
2017,"14090",2
2018,"14090",4
2019,"14090",2
2020,"14090",0
2021,"14090",1
2022,"14090",2
2023,"14090",2
2024,"14090",1
2025,"14090",0
2014,"14091",4.84670583527357
2015,"14091",5
2016,"14091",7
2017,"14091",7
2018,"14091",9
2019,"14091",9
2020,"14091",4
2021,"14091",12
2022,"14091",9
2023,"14091",7
2024,"14091",4
2025,"14091",38
2014,"14092",0.969341167054715
2015,"14092",4
2016,"14092",5
2017,"14092",1
2018,"14092",4
2019,"14092",3
2020,"14092",1
2021,"14092",6
2022,"14092",5
2023,"14092",3
2024,"14092",4
2025,"14092",7
2011,"14093",32.9575996798603
2012,"14093",31.9882585128056
2013,"14093",0
2014,"14093",35.8656231810244
2015,"14093",33
2016,"14093",34
2017,"14093",46
2018,"14093",39
2019,"14093",35
2020,"14093",32
2021,"14093",30
2022,"14093",38
2023,"14093",58
2024,"14093",40
2025,"14093",32
2014,"14094",15.5094586728754
2015,"14094",11
2016,"14094",15
2017,"14094",13
2018,"14094",15
2019,"14094",14
2020,"14094",10
2021,"14094",17
2022,"14094",22
2023,"14094",19
2024,"14094",11
2025,"14094",9
2014,"14095",1.93868233410943
2015,"14095",4
2016,"14095",5
2017,"14095",4
2018,"14095",2
2019,"14095",3
2020,"14095",2
2021,"14095",1
2022,"14095",4
2023,"14095",5
2024,"14095",0
2025,"14095",2
2014,"14096",4.84670583527357
2015,"14096",2
2016,"14096",9
2017,"14096",0
2018,"14096",3
2019,"14096",3
2020,"14096",0
2021,"14096",4
2022,"14096",15
2023,"14096",9
2024,"14096",4
2025,"14096",2
2011,"14097",108.566210710128
2012,"14097",101.780822540745
2013,"14097",115.351598879511
2014,"14097",119.22896354773
2015,"14097",114
2016,"14097",161
2017,"14097",186
2018,"14097",299
2019,"14097",302
2020,"14097",285
2021,"14097",300
2022,"14097",362
2023,"14097",328
2024,"14097",364
2025,"14097",225
2011,"14098",133.769081053551
2012,"14098",173.512068902794
2013,"14098",138.615786888824
2014,"14098",151.217222060536
2015,"14098",125
2016,"14098",153
2017,"14098",207
2018,"14098",391
2019,"14098",342
2020,"14098",349
2021,"14098",346
2022,"14098",327
2023,"14098",348
2024,"14098",341
2025,"14098",281
2014,"14099",3.87736466821886
2015,"14099",1
2016,"14099",3
2017,"14099",1
2018,"14099",2
2019,"14099",2
2020,"14099",2
2021,"14099",4
2022,"14099",2
2023,"14099",2
2024,"14099",4
2025,"14099",2
2014,"14100",16.4787998399302
2015,"14100",15
2016,"14100",22
2017,"14100",16
2018,"14100",14
2019,"14100",7
2020,"14100",10
2021,"14100",11
2022,"14100",17
2023,"14100",4
2024,"14100",4
2025,"14100",9
2011,"14101",73.6699286961583
2012,"14101",99.8421402066356
2013,"14101",83.3633403667055
2014,"14101",88.210046201979
2015,"14101",86
2016,"14101",95
2017,"14101",171
2018,"14101",171
2019,"14101",218
2020,"14101",206
2021,"14101",228
2022,"14101",162
2023,"14101",127
2024,"14101",161
2025,"14101",159
2014,"14102",3.87736466821886
2015,"14102",0
2016,"14102",1
2017,"14102",0
2018,"14102",3
2019,"14102",1
2020,"14102",4
2021,"14102",3
2022,"14102",1
2023,"14102",2
2024,"14102",2
2025,"14102",1
2014,"14103",4.84670583527357
2015,"14103",0
2016,"14103",3
2017,"14103",2
2018,"14103",2
2019,"14103",4
2020,"14103",1
2021,"14103",0
2022,"14103",2
2023,"14103",0
2024,"14103",0
2025,"14103",1
2014,"14104",0.969341167054715
2015,"14104",0
2016,"14104",0
2017,"14104",1
2018,"14104",1
2019,"14104",4
2020,"14104",2
2021,"14104",0
2022,"14104",0
2023,"14104",0
2024,"14104",0
2025,"14104",0
2014,"14105",8.72407050349243
2015,"14105",12
2016,"14105",11
2017,"14105",11
2018,"14105",8
2019,"14105",8
2020,"14105",9
2021,"14105",7
2022,"14105",6
2023,"14105",9
2024,"14105",9
2025,"14105",1
2014,"14106",0.969341167054715
2015,"14106",0
2016,"14106",1
2017,"14106",1
2018,"14106",2
2019,"14106",0
2020,"14106",1
2021,"14106",1
2022,"14106",0
2023,"14106",1
2024,"14106",0
2025,"14106",2
2014,"14107",0.969341167054715
2015,"14107",6
2016,"14107",4
2017,"14107",3
2018,"14107",2
2019,"14107",6
2020,"14107",5
2021,"14107",3
2022,"14107",15
2023,"14107",7
2024,"14107",2
2025,"14107",2
2014,"14108",6.785388169383
2015,"14108",18
2016,"14108",12
2017,"14108",2
2018,"14108",5
2019,"14108",10
2020,"14108",18
2021,"14108",9
2022,"14108",8
2023,"14108",10
2024,"14108",6
2025,"14108",6
2014,"14109",7.75472933643772
2015,"14109",3
2016,"14109",4
2017,"14109",9
2018,"14109",12
2019,"14109",9
2020,"14109",7
2021,"14109",5
2022,"14109",8
2023,"14109",3
2024,"14109",10
2025,"14109",3
2014,"14110",5.81604700232829
2015,"14110",5
2016,"14110",6
2017,"14110",5
2018,"14110",4
2019,"14110",8
2020,"14110",2
2021,"14110",2
2022,"14110",3
2023,"14110",6
2024,"14110",7
2025,"14110",3
2014,"14111",2.90802350116414
2015,"14111",4
2016,"14111",2
2017,"14111",6
2018,"14111",5
2019,"14111",5
2020,"14111",2
2021,"14111",2
2022,"14111",1
2023,"14111",7
2024,"14111",4
2025,"14111",5
2014,"14112",1.93868233410943
2015,"14112",1
2016,"14112",2
2017,"14112",3
2018,"14112",3
2019,"14112",0
2020,"14112",1
2021,"14112",3
2022,"14112",9
2023,"14112",2
2024,"14112",2
2025,"14112",1
2014,"14113",1.93868233410943
2015,"14113",5
2016,"14113",2
2017,"14113",5
2018,"14113",5
2019,"14113",9
2020,"14113",5
2021,"14113",0
2022,"14113",6
2023,"14113",6
2024,"14113",5
2025,"14113",5
2014,"14114",1.93868233410943
2015,"14114",0
2016,"14114",5
2017,"14114",7
2018,"14114",2
2019,"14114",4
2020,"14114",5
2021,"14114",0
2022,"14114",4
2023,"14114",9
2024,"14114",1
2025,"14114",7
2014,"14115",3.87736466821886
2015,"14115",2
2016,"14115",4
2017,"14115",1
2018,"14115",1
2019,"14115",2
2020,"14115",2
2021,"14115",2
2022,"14115",4
2023,"14115",0
2024,"14115",1
2025,"14115",1
2014,"14116",2.90802350116414
2015,"14116",1
2016,"14116",0
2017,"14116",1
2018,"14116",4
2019,"14116",4
2020,"14116",8
2021,"14116",5
2022,"14116",4
2023,"14116",3
2024,"14116",3
2025,"14116",5
2014,"14117",0
2015,"14117",0
2016,"14117",3
2017,"14117",1
2018,"14117",0
2019,"14117",0
2020,"14117",0
2021,"14117",0
2022,"14117",3
2023,"14117",1
2024,"14117",2
2025,"14117",1
2014,"14118",3.87736466821886
2015,"14118",9
2016,"14118",8
2017,"14118",3
2018,"14118",3
2019,"14118",3
2020,"14118",7
2021,"14118",3
2022,"14118",7
2023,"14118",2
2024,"14118",2
2025,"14118",3
2014,"14119",13.570776338766
2015,"14119",5
2016,"14119",12
2017,"14119",15
2018,"14119",12
2019,"14119",6
2020,"14119",16
2021,"14119",10
2022,"14119",4
2023,"14119",8
2024,"14119",11
2025,"14119",7
2011,"14120",301.465102954016
2012,"14120",261.722115104773
2013,"14120",269.476844441211
2014,"14120",210.347033250873
2015,"14120",242
2016,"14120",238
2017,"14120",273
2018,"14120",272
2019,"14120",329
2020,"14120",322
2021,"14120",313
2022,"14120",297
2023,"14120",282
2024,"14120",251
2025,"14120",240
2014,"14121",9.69341167054715
2015,"14121",10
2016,"14121",5
2017,"14121",13
2018,"14121",14
2019,"14121",10
2020,"14121",7
2021,"14121",7
2022,"14121",14
2023,"14121",8
2024,"14121",9
2025,"14121",10
2014,"14122",1.93868233410943
2015,"14122",0
2016,"14122",3
2017,"14122",3
2018,"14122",0
2019,"14122",5
2020,"14122",0
2021,"14122",1
2022,"14122",0
2023,"14122",1
2024,"14122",2
2025,"14122",0
2014,"14123",5.81604700232829
2015,"14123",4
2016,"14123",9
2017,"14123",8
2018,"14123",5
2019,"14123",4
2020,"14123",4
2021,"14123",4
2022,"14123",4
2023,"14123",5
2024,"14123",8
2025,"14123",3
2014,"14124",26.1722115104773
2015,"14124",35
2016,"14124",36
2017,"14124",25
2018,"14124",27
2019,"14124",24
2020,"14124",20
2021,"14124",21
2022,"14124",26
2023,"14124",37
2024,"14124",26
2025,"14124",24
2014,"14125",2.90802350116414
2015,"14125",4
2016,"14125",2
2017,"14125",7
2018,"14125",8
2019,"14125",3
2020,"14125",7
2021,"14125",7
2022,"14125",4
2023,"14125",7
2024,"14125",6
2025,"14125",3
2014,"14998",4.84670583527357
2015,"14998",6
2016,"14998",29
2017,"14998",9
2018,"14998",8
2019,"14998",14
2020,"14998",4
2021,"14998",0
2022,"14998",1
2023,"14998",2
2024,"14998",0
2025,"14998",0
2011,"15001",22.2948468422584
2012,"15001",18.4174821740396
2013,"15001",8.72407050349243
2014,"15001",4.84670583527357
2015,"15001",3
2016,"15001",9
2017,"15001",5
2018,"15001",12
2019,"15001",9
2020,"15001",25
2021,"15001",22
2022,"15001",23
2023,"15001",17
2024,"15001",19
2025,"15001",12
2011,"15002",17.4481410069849
2012,"15002",20.356164508149
2013,"15002",29.0802350116414
2014,"15002",34.8962820139697
2015,"15002",30
2016,"15002",25
2017,"15002",31
2018,"15002",38
2019,"15002",36
2020,"15002",35
2021,"15002",27
2022,"15002",35
2023,"15002",30
2024,"15002",30
2025,"15002",34
2011,"15003",6.785388169383
2012,"15003",17.4481410069849
2013,"15003",4.84670583527357
2014,"15003",6.785388169383
2015,"15003",7
2016,"15003",2
2017,"15003",4
2018,"15003",14
2019,"15003",14
2020,"15003",9
2021,"15003",17
2022,"15003",12
2023,"15003",12
2024,"15003",12
2025,"15003",19
2011,"15004",0.969341167054715
2012,"15004",2.90802350116414
2013,"15004",0
2014,"15004",1.93868233410943
2015,"15004",2
2016,"15004",4
2017,"15004",0
2018,"15004",3
2019,"15004",4
2020,"15004",1
2021,"15004",1
2022,"15004",4
2023,"15004",0
2024,"15004",0
2025,"15004",1
2011,"15005",21.3255056752037
2012,"15005",37.8043055151339
2013,"15005",33.926940846915
2014,"15005",31.0189173457509
2015,"15005",25
2016,"15005",25
2017,"15005",19
2018,"15005",28
2019,"15005",39
2020,"15005",42
2021,"15005",52
2022,"15005",46
2023,"15005",34
2024,"15005",47
2025,"15005",36
2011,"15006",0
2012,"15006",0
2013,"15006",0
2014,"15006",2.90802350116414
2015,"15006",0
2016,"15006",0
2017,"15006",1
2018,"15006",0
2019,"15006",0
2020,"15006",2
2021,"15006",0
2022,"15006",1
2023,"15006",2
2024,"15006",3
2025,"15006",2
2011,"15007",2.90802350116414
2012,"15007",3.87736466821886
2013,"15007",9.69341167054715
2014,"15007",0.969341167054715
2015,"15007",4
2016,"15007",3
2017,"15007",1
2018,"15007",5
2019,"15007",2
2020,"15007",1
2021,"15007",9
2022,"15007",5
2023,"15007",9
2024,"15007",4
2025,"15007",6
2011,"15008",3.87736466821886
2012,"15008",0.969341167054715
2013,"15008",3.87736466821886
2014,"15008",6.785388169383
2015,"15008",8
2016,"15008",2
2017,"15008",3
2018,"15008",6
2019,"15008",2
2020,"15008",1
2021,"15008",3
2022,"15008",6
2023,"15008",2
2024,"15008",1
2025,"15008",4
2011,"15009",13.570776338766
2012,"15009",19.3868233410943
2013,"15009",18.4174821740396
2014,"15009",32.9575996798603
2015,"15009",21
2016,"15009",7
2017,"15009",11
2018,"15009",10
2019,"15009",8
2020,"15009",19
2021,"15009",9
2022,"15009",14
2023,"15009",9
2024,"15009",12
2025,"15009",9
2011,"15010",4.84670583527357
2012,"15010",7.75472933643772
2013,"15010",3.87736466821886
2014,"15010",6.785388169383
2015,"15010",5
2016,"15010",4
2017,"15010",3
2018,"15010",9
2019,"15010",12
2020,"15010",4
2021,"15010",6
2022,"15010",10
2023,"15010",13
2024,"15010",23
2025,"15010",9
2011,"15011",9.69341167054715
2012,"15011",23.2641880093132
2013,"15011",6.785388169383
2014,"15011",14.5401175058207
2015,"15011",9
2016,"15011",11
2017,"15011",14
2018,"15011",14
2019,"15011",8
2020,"15011",8
2021,"15011",16
2022,"15011",16
2023,"15011",17
2024,"15011",20
2025,"15011",13
2011,"15012",4.84670583527357
2012,"15012",1.93868233410943
2013,"15012",2.90802350116414
2014,"15012",1.93868233410943
2015,"15012",3
2016,"15012",1
2017,"15012",0
2018,"15012",4
2019,"15012",6
2020,"15012",6
2021,"15012",1
2022,"15012",6
2023,"15012",0
2024,"15012",6
2025,"15012",2
2011,"15013",40.712329016298
2012,"15013",63.9765170256112
2013,"15013",94.995434371362
2014,"15013",97.9034578725262
2015,"15013",48
2016,"15013",69
2017,"15013",78
2018,"15013",79
2019,"15013",73
2020,"15013",70
2021,"15013",55
2022,"15013",53
2023,"15013",70
2024,"15013",111
2025,"15013",48
2011,"15014",29.0802350116414
2012,"15014",33.926940846915
2013,"15014",19.3868233410943
2014,"15014",5.81604700232829
2015,"15014",9
2016,"15014",4
2017,"15014",6
2018,"15014",16
2019,"15014",18
2020,"15014",22
2021,"15014",16
2022,"15014",31
2023,"15014",30
2024,"15014",22
2025,"15014",31
2011,"15015",1.93868233410943
2012,"15015",3.87736466821886
2013,"15015",0.969341167054715
2014,"15015",3.87736466821886
2015,"15015",6
2016,"15015",4
2017,"15015",3
2018,"15015",6
2019,"15015",4
2020,"15015",3
2021,"15015",3
2022,"15015",4
2023,"15015",4
2024,"15015",4
2025,"15015",5
2011,"15016",3.87736466821886
2012,"15016",5.81604700232829
2013,"15016",1.93868233410943
2014,"15016",15.5094586728754
2015,"15016",15
2016,"15016",14
2017,"15016",17
2018,"15016",14
2019,"15016",17
2020,"15016",8
2021,"15016",21
2022,"15016",24
2023,"15016",18
2024,"15016",23
2025,"15016",18
2011,"15017",0.969341167054715
2012,"15017",0.969341167054715
2013,"15017",0.969341167054715
2014,"15017",2.90802350116414
2015,"15017",3
2016,"15017",1
2017,"15017",0
2018,"15017",2
2019,"15017",2
2020,"15017",1
2021,"15017",0
2022,"15017",5
2023,"15017",1
2024,"15017",0
2025,"15017",0
2011,"15018",2.90802350116414
2012,"15018",12.6014351717113
2013,"15018",6.785388169383
2014,"15018",3.87736466821886
2015,"15018",2
2016,"15018",3
2017,"15018",7
2018,"15018",10
2019,"15018",6
2020,"15018",20
2021,"15018",7
2022,"15018",9
2023,"15018",12
2024,"15018",11
2025,"15018",6
2011,"15019",2.90802350116414
2012,"15019",2.90802350116414
2013,"15019",5.81604700232829
2014,"15019",0.969341167054715
2015,"15019",8
2016,"15019",3
2017,"15019",3
2018,"15019",3
2019,"15019",2
2020,"15019",6
2021,"15019",5
2022,"15019",7
2023,"15019",2
2024,"15019",3
2025,"15019",3
2011,"15020",23.2641880093132
2012,"15020",44.5896936845169
2013,"15020",47.497717185681
2014,"15020",46.5283760186263
2015,"15020",42
2016,"15020",45
2017,"15020",49
2018,"15020",40
2019,"15020",66
2020,"15020",44
2021,"15020",37
2022,"15020",42
2023,"15020",56
2024,"15020",50
2025,"15020",36
2011,"15021",4.84670583527357
2012,"15021",14.5401175058207
2013,"15021",4.84670583527357
2014,"15021",9.69341167054715
2015,"15021",3
2016,"15021",7
2017,"15021",2
2018,"15021",6
2019,"15021",10
2020,"15021",20
2021,"15021",14
2022,"15021",4
2023,"15021",8
2024,"15021",7
2025,"15021",5
2011,"15022",9.69341167054715
2012,"15022",9.69341167054715
2013,"15022",2.90802350116414
2014,"15022",5.81604700232829
2015,"15022",2
2016,"15022",2
2017,"15022",11
2018,"15022",9
2019,"15022",4
2020,"15022",3
2021,"15022",14
2022,"15022",12
2023,"15022",6
2024,"15022",10
2025,"15022",10
2011,"15023",16.4787998399302
2012,"15023",14.5401175058207
2013,"15023",16.4787998399302
2014,"15023",23.2641880093132
2015,"15023",25
2016,"15023",19
2017,"15023",25
2018,"15023",14
2019,"15023",26
2020,"15023",14
2021,"15023",31
2022,"15023",28
2023,"15023",51
2024,"15023",38
2025,"15023",40
2011,"15024",17.4481410069849
2012,"15024",30.0495761786962
2013,"15024",39.7429878492433
2014,"15024",37.8043055151339
2015,"15024",18
2016,"15024",21
2017,"15024",21
2018,"15024",34
2019,"15024",24
2020,"15024",31
2021,"15024",41
2022,"15024",48
2023,"15024",36
2024,"15024",22
2025,"15024",19
2011,"15025",88.210046201979
2012,"15025",112.443575378347
2013,"15025",101.780822540745
2014,"15025",73.6699286961583
2015,"15025",77
2016,"15025",61
2017,"15025",94
2018,"15025",96
2019,"15025",96
2020,"15025",94
2021,"15025",84
2022,"15025",99
2023,"15025",86
2024,"15025",103
2025,"15025",91
2011,"15026",0.969341167054715
2012,"15026",3.87736466821886
2013,"15026",1.93868233410943
2014,"15026",2.90802350116414
2015,"15026",1
2016,"15026",2
2017,"15026",1
2018,"15026",3
2019,"15026",2
2020,"15026",4
2021,"15026",6
2022,"15026",4
2023,"15026",8
2024,"15026",5
2025,"15026",5
2011,"15027",0.969341167054715
2012,"15027",2.90802350116414
2013,"15027",0.969341167054715
2014,"15027",0.969341167054715
2015,"15027",0
2016,"15027",0
2017,"15027",1
2018,"15027",2
2019,"15027",2
2020,"15027",3
2021,"15027",1
2022,"15027",1
2023,"15027",3
2024,"15027",0
2025,"15027",1
2011,"15028",1.93868233410943
2012,"15028",0.969341167054715
2013,"15028",4.84670583527357
2014,"15028",4.84670583527357
2015,"15028",7
2016,"15028",4
2017,"15028",4
2018,"15028",5
2019,"15028",5
2020,"15028",2
2021,"15028",1
2022,"15028",5
2023,"15028",5
2024,"15028",8
2025,"15028",2
2011,"15029",14.5401175058207
2012,"15029",25.2028703434226
2013,"15029",36.8349643480792
2014,"15029",32.9575996798603
2015,"15029",43
2016,"15029",37
2017,"15029",29
2018,"15029",40
2019,"15029",26
2020,"15029",47
2021,"15029",33
2022,"15029",25
2023,"15029",41
2024,"15029",37
2025,"15029",35
2011,"15030",5.81604700232829
2012,"15030",4.84670583527357
2013,"15030",1.93868233410943
2014,"15030",3.87736466821886
2015,"15030",0
2016,"15030",0
2017,"15030",6
2018,"15030",3
2019,"15030",4
2020,"15030",2
2021,"15030",3
2022,"15030",5
2023,"15030",4
2024,"15030",0
2025,"15030",1
2011,"15031",52.3444230209546
2012,"15031",94.0260932043073
2013,"15031",153.155904394645
2014,"15031",153.155904394645
2015,"15031",172
2016,"15031",158
2017,"15031",160
2018,"15031",133
2019,"15031",125
2020,"15031",149
2021,"15031",147
2022,"15031",140
2023,"15031",171
2024,"15031",120
2025,"15031",86
2011,"15032",3.87736466821886
2012,"15032",11.6320940046566
2013,"15032",4.84670583527357
2014,"15032",4.84670583527357
2015,"15032",7
2016,"15032",5
2017,"15032",0
2018,"15032",7
2019,"15032",14
2020,"15032",14
2021,"15032",5
2022,"15032",4
2023,"15032",6
2024,"15032",6
2025,"15032",6
2011,"15033",414.878019499418
2012,"15033",537.015006548312
2013,"15033",511.812136204889
2014,"15033",576.757994397555
2015,"15033",440
2016,"15033",390
2017,"15033",398
2018,"15033",391
2019,"15033",395
2020,"15033",338
2021,"15033",334
2022,"15033",312
2023,"15033",320
2024,"15033",292
2025,"15033",214
2011,"15034",0
2012,"15034",0.969341167054715
2013,"15034",0
2014,"15034",0.969341167054715
2015,"15034",1
2016,"15034",1
2017,"15034",2
2018,"15034",0
2019,"15034",2
2020,"15034",0
2021,"15034",3
2022,"15034",2
2023,"15034",3
2024,"15034",2
2025,"15034",1
2011,"15035",13.570776338766
2012,"15035",26.1722115104773
2013,"15035",37.8043055151339
2014,"15035",35.8656231810244
2015,"15035",35
2016,"15035",33
2017,"15035",48
2018,"15035",69
2019,"15035",51
2020,"15035",48
2021,"15035",65
2022,"15035",61
2023,"15035",59
2024,"15035",56
2025,"15035",30
2011,"15036",7.75472933643772
2012,"15036",1.93868233410943
2013,"15036",8.72407050349243
2014,"15036",16.4787998399302
2015,"15036",8
2016,"15036",14
2017,"15036",16
2018,"15036",20
2019,"15036",19
2020,"15036",14
2021,"15036",17
2022,"15036",17
2023,"15036",16
2024,"15036",15
2025,"15036",12
2011,"15037",27.141552677532
2012,"15037",34.8962820139697
2013,"15037",46.5283760186263
2014,"15037",50.4057406868452
2015,"15037",32
2016,"15037",32
2017,"15037",39
2018,"15037",31
2019,"15037",44
2020,"15037",55
2021,"15037",47
2022,"15037",34
2023,"15037",37
2024,"15037",37
2025,"15037",23
2011,"15038",3.87736466821886
2012,"15038",0.969341167054715
2013,"15038",0.969341167054715
2014,"15038",3.87736466821886
2015,"15038",4
2016,"15038",0
2017,"15038",11
2018,"15038",5
2019,"15038",6
2020,"15038",4
2021,"15038",4
2022,"15038",6
2023,"15038",5
2024,"15038",5
2025,"15038",5
2011,"15039",69.7925640279395
2012,"15039",68.8232228608847
2013,"15039",78.5166345314319
2014,"15039",88.210046201979
2015,"15039",64
2016,"15039",74
2017,"15039",65
2018,"15039",46
2019,"15039",82
2020,"15039",87
2021,"15039",86
2022,"15039",109
2023,"15039",106
2024,"15039",96
2025,"15039",56
2011,"15040",8.72407050349243
2012,"15040",8.72407050349243
2013,"15040",5.81604700232829
2014,"15040",11.6320940046566
2015,"15040",2
2016,"15040",2
2017,"15040",7
2018,"15040",12
2019,"15040",18
2020,"15040",21
2021,"15040",18
2022,"15040",18
2023,"15040",22
2024,"15040",13
2025,"15040",9
2011,"15041",1.93868233410943
2012,"15041",0
2013,"15041",0
2014,"15041",0.969341167054715
2015,"15041",1
2016,"15041",1
2017,"15041",1
2018,"15041",5
2019,"15041",4
2020,"15041",4
2021,"15041",0
2022,"15041",2
2023,"15041",1
2024,"15041",1
2025,"15041",1
2011,"15042",24.2335291763679
2012,"15042",34.8962820139697
2013,"15042",25.2028703434226
2014,"15042",28.1108938445867
2015,"15042",17
2016,"15042",15
2017,"15042",3
2018,"15042",12
2019,"15042",27
2020,"15042",29
2021,"15042",28
2022,"15042",29
2023,"15042",26
2024,"15042",21
2025,"15042",22
2011,"15043",3.87736466821886
2012,"15043",6.785388169383
2013,"15043",7.75472933643772
2014,"15043",1.93868233410943
2015,"15043",2
2016,"15043",5
2017,"15043",2
2018,"15043",5
2019,"15043",4
2020,"15043",9
2021,"15043",7
2022,"15043",7
2023,"15043",5
2024,"15043",5
2025,"15043",6
2011,"15044",0.969341167054715
2012,"15044",1.93868233410943
2013,"15044",2.90802350116414
2014,"15044",3.87736466821886
2015,"15044",1
2016,"15044",5
2017,"15044",4
2018,"15044",6
2019,"15044",5
2020,"15044",3
2021,"15044",9
2022,"15044",5
2023,"15044",4
2024,"15044",4
2025,"15044",10
2011,"15045",23.2641880093132
2012,"15045",44.5896936845169
2013,"15045",30.0495761786962
2014,"15045",27.141552677532
2015,"15045",18
2016,"15045",10
2017,"15045",4
2018,"15045",14
2019,"15045",21
2020,"15045",28
2021,"15045",25
2022,"15045",29
2023,"15045",34
2024,"15045",30
2025,"15045",30
2011,"15046",2.90802350116414
2012,"15046",1.93868233410943
2013,"15046",3.87736466821886
2014,"15046",3.87736466821886
2015,"15046",4
2016,"15046",11
2017,"15046",11
2018,"15046",10
2019,"15046",8
2020,"15046",11
2021,"15046",7
2022,"15046",9
2023,"15046",6
2024,"15046",7
2025,"15046",3
2011,"15047",3.87736466821886
2012,"15047",8.72407050349243
2013,"15047",3.87736466821886
2014,"15047",9.69341167054715
2015,"15047",4
2016,"15047",4
2017,"15047",2
2018,"15047",9
2019,"15047",8
2020,"15047",7
2021,"15047",13
2022,"15047",10
2023,"15047",8
2024,"15047",6
2025,"15047",12
2011,"15048",8.72407050349243
2012,"15048",10.6627528376019
2013,"15048",7.75472933643772
2014,"15048",3.87736466821886
2015,"15048",7
2016,"15048",8
2017,"15048",7
2018,"15048",10
2019,"15048",8
2020,"15048",10
2021,"15048",18
2022,"15048",19
2023,"15048",13
2024,"15048",15
2025,"15048",21
2011,"15049",0
2012,"15049",1.93868233410943
2013,"15049",3.87736466821886
2014,"15049",0.969341167054715
2015,"15049",1
2016,"15049",4
2017,"15049",5
2018,"15049",2
2019,"15049",5
2020,"15049",5
2021,"15049",6
2022,"15049",2
2023,"15049",2
2024,"15049",6
2025,"15049",6
2011,"15050",5.81604700232829
2012,"15050",3.87736466821886
2013,"15050",6.785388169383
2014,"15050",6.785388169383
2015,"15050",3
2016,"15050",2
2017,"15050",9
2018,"15050",3
2019,"15050",5
2020,"15050",11
2021,"15050",5
2022,"15050",4
2023,"15050",6
2024,"15050",12
2025,"15050",8
2011,"15051",26.1722115104773
2012,"15051",37.8043055151339
2013,"15051",41.6816701833527
2014,"15051",48.4670583527357
2015,"15051",27
2016,"15051",15
2017,"15051",15
2018,"15051",20
2019,"15051",33
2020,"15051",37
2021,"15051",44
2022,"15051",34
2023,"15051",33
2024,"15051",29
2025,"15051",23
2011,"15052",7.75472933643772
2012,"15052",6.785388169383
2013,"15052",7.75472933643772
2014,"15052",5.81604700232829
2015,"15052",10
2016,"15052",17
2017,"15052",2
2018,"15052",5
2019,"15052",10
2020,"15052",7
2021,"15052",11
2022,"15052",16
2023,"15052",16
2024,"15052",17
2025,"15052",7
2011,"15053",4.84670583527357
2012,"15053",3.87736466821886
2013,"15053",8.72407050349243
2014,"15053",7.75472933643772
2015,"15053",8
2016,"15053",8
2017,"15053",3
2018,"15053",9
2019,"15053",6
2020,"15053",6
2021,"15053",25
2022,"15053",25
2023,"15053",16
2024,"15053",17
2025,"15053",10
2011,"15054",36.8349643480792
2012,"15054",45.5590348515716
2013,"15054",38.7736466821886
2014,"15054",50.4057406868452
2015,"15054",32
2016,"15054",15
2017,"15054",22
2018,"15054",20
2019,"15054",20
2020,"15054",28
2021,"15054",35
2022,"15054",35
2023,"15054",34
2024,"15054",35
2025,"15054",46
2011,"15055",2.90802350116414
2012,"15055",3.87736466821886
2013,"15055",5.81604700232829
2014,"15055",8.72407050349243
2015,"15055",0
2016,"15055",2
2017,"15055",3
2018,"15055",3
2019,"15055",2
2020,"15055",2
2021,"15055",4
2022,"15055",5
2023,"15055",6
2024,"15055",11
2025,"15055",2
2011,"15056",1.93868233410943
2012,"15056",3.87736466821886
2013,"15056",0.969341167054715
2014,"15056",6.785388169383
2015,"15056",0
2016,"15056",0
2017,"15056",2
2018,"15056",2
2019,"15056",3
2020,"15056",5
2021,"15056",6
2022,"15056",6
2023,"15056",5
2024,"15056",4
2025,"15056",5
2011,"15057",247.181997598952
2012,"15057",337.330726135041
2013,"15057",265.599479772992
2014,"15057",248.151338766007
2015,"15057",161
2016,"15057",146
2017,"15057",220
2018,"15057",168
2019,"15057",171
2020,"15057",179
2021,"15057",187
2022,"15057",234
2023,"15057",196
2024,"15057",191
2025,"15057",160
2011,"15058",169.634704234575
2012,"15058",212.285715584983
2013,"15058",282.078279612922
2014,"15058",241.365950596624
2015,"15058",260
2016,"15058",222
2017,"15058",229
2018,"15058",215
2019,"15058",226
2020,"15058",155
2021,"15058",168
2022,"15058",176
2023,"15058",151
2024,"15058",121
2025,"15058",97
2011,"15059",5.81604700232829
2012,"15059",10.6627528376019
2013,"15059",7.75472933643772
2014,"15059",9.69341167054715
2015,"15059",12
2016,"15059",14
2017,"15059",13
2018,"15059",17
2019,"15059",8
2020,"15059",11
2021,"15059",24
2022,"15059",22
2023,"15059",18
2024,"15059",14
2025,"15059",13
2011,"15060",33.926940846915
2012,"15060",52.3444230209546
2013,"15060",58.1604700232829
2014,"15060",55.2524465221187
2015,"15060",32
2016,"15060",74
2017,"15060",97
2018,"15060",84
2019,"15060",115
2020,"15060",75
2021,"15060",69
2022,"15060",67
2023,"15060",86
2024,"15060",98
2025,"15060",84
2011,"15061",4.84670583527357
2012,"15061",3.87736466821886
2013,"15061",8.72407050349243
2014,"15061",5.81604700232829
2015,"15061",11
2016,"15061",9
2017,"15061",7
2018,"15061",8
2019,"15061",6
2020,"15061",3
2021,"15061",6
2022,"15061",13
2023,"15061",15
2024,"15061",11
2025,"15061",8
2011,"15062",14.5401175058207
2012,"15062",17.4481410069849
2013,"15062",15.5094586728754
2014,"15062",25.2028703434226
2015,"15062",24
2016,"15062",13
2017,"15062",16
2018,"15062",13
2019,"15062",23
2020,"15062",26
2021,"15062",29
2022,"15062",28
2023,"15062",19
2024,"15062",27
2025,"15062",18
2011,"15063",6.785388169383
2012,"15063",9.69341167054715
2013,"15063",8.72407050349243
2014,"15063",8.72407050349243
2015,"15063",8
2016,"15063",8
2017,"15063",5
2018,"15063",6
2019,"15063",16
2020,"15063",4
2021,"15063",8
2022,"15063",3
2023,"15063",12
2024,"15063",9
2025,"15063",10
2011,"15064",4.84670583527357
2012,"15064",8.72407050349243
2013,"15064",4.84670583527357
2014,"15064",0
2015,"15064",1
2016,"15064",2
2017,"15064",0
2018,"15064",3
2019,"15064",5
2020,"15064",3
2021,"15064",4
2022,"15064",3
2023,"15064",8
2024,"15064",3
2025,"15064",5
2011,"15065",4.84670583527357
2012,"15065",5.81604700232829
2013,"15065",15.5094586728754
2014,"15065",15.5094586728754
2015,"15065",8
2016,"15065",14
2017,"15065",14
2018,"15065",16
2019,"15065",12
2020,"15065",13
2021,"15065",17
2022,"15065",9
2023,"15065",7
2024,"15065",19
2025,"15065",12
2011,"15066",0
2012,"15066",2.90802350116414
2013,"15066",0
2014,"15066",1.93868233410943
2015,"15066",1
2016,"15066",0
2017,"15066",1
2018,"15066",1
2019,"15066",0
2020,"15066",0
2021,"15066",1
2022,"15066",0
2023,"15066",0
2024,"15066",1
2025,"15066",1
2011,"15067",12.6014351717113
2012,"15067",12.6014351717113
2013,"15067",8.72407050349243
2014,"15067",10.6627528376019
2015,"15067",10
2016,"15067",8
2017,"15067",7
2018,"15067",3
2019,"15067",9
2020,"15067",13
2021,"15067",21
2022,"15067",15
2023,"15067",10
2024,"15067",13
2025,"15067",7
2011,"15068",3.87736466821886
2012,"15068",2.90802350116414
2013,"15068",5.81604700232829
2014,"15068",6.785388169383
2015,"15068",6
2016,"15068",3
2017,"15068",3
2018,"15068",4
2019,"15068",4
2020,"15068",6
2021,"15068",6
2022,"15068",5
2023,"15068",4
2024,"15068",6
2025,"15068",4
2011,"15069",0
2012,"15069",0
2013,"15069",0
2014,"15069",0
2015,"15069",1
2016,"15069",0
2017,"15069",0
2018,"15069",1
2019,"15069",0
2020,"15069",1
2021,"15069",0
2022,"15069",0
2023,"15069",0
2024,"15069",1
2025,"15069",0
2011,"15070",48.4670583527357
2012,"15070",58.1604700232829
2013,"15070",82.3939991996508
2014,"15070",80.4553168655413
2015,"15070",84
2016,"15070",91
2017,"15070",108
2018,"15070",84
2019,"15070",75
2020,"15070",95
2021,"15070",86
2022,"15070",77
2023,"15070",84
2024,"15070",72
2025,"15070",44
2011,"15071",6.785388169383
2012,"15071",11.6320940046566
2013,"15071",2.90802350116414
2014,"15071",6.785388169383
2015,"15071",6
2016,"15071",4
2017,"15071",4
2018,"15071",11
2019,"15071",11
2020,"15071",20
2021,"15071",16
2022,"15071",22
2023,"15071",28
2024,"15071",13
2025,"15071",22
2011,"15072",0.969341167054715
2012,"15072",0.969341167054715
2013,"15072",0
2014,"15072",0
2015,"15072",0
2016,"15072",0
2017,"15072",1
2018,"15072",0
2019,"15072",3
2020,"15072",2
2021,"15072",3
2022,"15072",6
2023,"15072",2
2024,"15072",6
2025,"15072",3
2011,"15073",2.90802350116414
2012,"15073",2.90802350116414
2013,"15073",1.93868233410943
2014,"15073",3.87736466821886
2015,"15073",3
2016,"15073",0
2017,"15073",2
2018,"15073",9
2019,"15073",4
2020,"15073",7
2021,"15073",3
2022,"15073",8
2023,"15073",6
2024,"15073",6
2025,"15073",2
2011,"15074",11.6320940046566
2012,"15074",18.4174821740396
2013,"15074",8.72407050349243
2014,"15074",13.570776338766
2015,"15074",9
2016,"15074",2
2017,"15074",1
2018,"15074",3
2019,"15074",10
2020,"15074",11
2021,"15074",12
2022,"15074",14
2023,"15074",12
2024,"15074",18
2025,"15074",8
2011,"15075",5.81604700232829
2012,"15075",5.81604700232829
2013,"15075",6.785388169383
2014,"15075",5.81604700232829
2015,"15075",8
2016,"15075",5
2017,"15075",4
2018,"15075",8
2019,"15075",12
2020,"15075",6
2021,"15075",6
2022,"15075",6
2023,"15075",14
2024,"15075",13
2025,"15075",9
2011,"15076",8.72407050349243
2012,"15076",18.4174821740396
2013,"15076",15.5094586728754
2014,"15076",10.6627528376019
2015,"15076",9
2016,"15076",11
2017,"15076",10
2018,"15076",23
2019,"15076",19
2020,"15076",18
2021,"15076",29
2022,"15076",32
2023,"15076",25
2024,"15076",20
2025,"15076",22
2011,"15077",1.93868233410943
2012,"15077",2.90802350116414
2013,"15077",0.969341167054715
2014,"15077",1.93868233410943
2015,"15077",2
2016,"15077",1
2017,"15077",4
2018,"15077",0
2019,"15077",2
2020,"15077",2
2021,"15077",1
2022,"15077",2
2023,"15077",2
2024,"15077",2
2025,"15077",0
2011,"15078",0.969341167054715
2012,"15078",3.87736466821886
2013,"15078",0
2014,"15078",0.969341167054715
2015,"15078",1
2016,"15078",2
2017,"15078",2
2018,"15078",2
2019,"15078",2
2020,"15078",1
2021,"15078",3
2022,"15078",0
2023,"15078",0
2024,"15078",1
2025,"15078",0
2011,"15079",8.72407050349243
2012,"15079",6.785388169383
2013,"15079",4.84670583527357
2014,"15079",7.75472933643772
2015,"15079",2
2016,"15079",1
2017,"15079",0
2018,"15079",6
2019,"15079",6
2020,"15079",8
2021,"15079",9
2022,"15079",6
2023,"15079",9
2024,"15079",5
2025,"15079",7
2011,"15080",4.84670583527357
2012,"15080",4.84670583527357
2013,"15080",3.87736466821886
2014,"15080",3.87736466821886
2015,"15080",5
2016,"15080",5
2017,"15080",7
2018,"15080",4
2019,"15080",9
2020,"15080",3
2021,"15080",3
2022,"15080",2
2023,"15080",3
2024,"15080",2
2025,"15080",3
2011,"15081",65.9151993597206
2012,"15081",85.3020227008149
2013,"15081",91.1180697031432
2014,"15081",113.412916545402
2015,"15081",91
2016,"15081",105
2017,"15081",133
2018,"15081",131
2019,"15081",97
2020,"15081",102
2021,"15081",112
2022,"15081",100
2023,"15081",114
2024,"15081",117
2025,"15081",81
2011,"15082",22.2948468422584
2012,"15082",31.9882585128056
2013,"15082",18.4174821740396
2014,"15082",15.5094586728754
2015,"15082",21
2016,"15082",12
2017,"15082",28
2018,"15082",12
2019,"15082",18
2020,"15082",18
2021,"15082",23
2022,"15082",21
2023,"15082",12
2024,"15082",18
2025,"15082",12
2011,"15083",0
2012,"15083",2.90802350116414
2013,"15083",1.93868233410943
2014,"15083",0
2015,"15083",1
2016,"15083",1
2017,"15083",0
2018,"15083",1
2019,"15083",1
2020,"15083",2
2021,"15083",4
2022,"15083",2
2023,"15083",9
2024,"15083",2
2025,"15083",7
2011,"15084",2.90802350116414
2012,"15084",5.81604700232829
2013,"15084",3.87736466821886
2014,"15084",10.6627528376019
2015,"15084",7
2016,"15084",9
2017,"15084",12
2018,"15084",8
2019,"15084",6
2020,"15084",5
2021,"15084",12
2022,"15084",5
2023,"15084",16
2024,"15084",8
2025,"15084",8
2011,"15085",6.785388169383
2012,"15085",11.6320940046566
2013,"15085",8.72407050349243
2014,"15085",5.81604700232829
2015,"15085",7
2016,"15085",0
2017,"15085",4
2018,"15085",3
2019,"15085",3
2020,"15085",4
2021,"15085",11
2022,"15085",10
2023,"15085",13
2024,"15085",7
2025,"15085",12
2011,"15086",12.6014351717113
2012,"15086",9.69341167054715
2013,"15086",10.6627528376019
2014,"15086",14.5401175058207
2015,"15086",8
2016,"15086",7
2017,"15086",10
2018,"15086",10
2019,"15086",14
2020,"15086",14
2021,"15086",15
2022,"15086",6
2023,"15086",6
2024,"15086",7
2025,"15086",3
2011,"15087",7.75472933643772
2012,"15087",13.570776338766
2013,"15087",15.5094586728754
2014,"15087",14.5401175058207
2015,"15087",12
2016,"15087",7
2017,"15087",5
2018,"15087",12
2019,"15087",15
2020,"15087",13
2021,"15087",23
2022,"15087",16
2023,"15087",19
2024,"15087",16
2025,"15087",17
2011,"15088",16.4787998399302
2012,"15088",12.6014351717113
2013,"15088",10.6627528376019
2014,"15088",7.75472933643772
2015,"15088",11
2016,"15088",15
2017,"15088",16
2018,"15088",7
2019,"15088",11
2020,"15088",12
2021,"15088",18
2022,"15088",19
2023,"15088",20
2024,"15088",24
2025,"15088",15
2011,"15089",4.84670583527357
2012,"15089",0.969341167054715
2013,"15089",0.969341167054715
2014,"15089",0
2015,"15089",1
2016,"15089",0
2017,"15089",1
2018,"15089",3
2019,"15089",0
2020,"15089",0
2021,"15089",2
2022,"15089",2
2023,"15089",2
2024,"15089",2
2025,"15089",0
2011,"15090",15.5094586728754
2012,"15090",22.2948468422584
2013,"15090",15.5094586728754
2014,"15090",15.5094586728754
2015,"15090",9
2016,"15090",9
2017,"15090",16
2018,"15090",19
2019,"15090",14
2020,"15090",18
2021,"15090",27
2022,"15090",18
2023,"15090",13
2024,"15090",27
2025,"15090",11
2011,"15091",9.69341167054715
2012,"15091",18.4174821740396
2013,"15091",12.6014351717113
2014,"15091",26.1722115104773
2015,"15091",12
2016,"15091",17
2017,"15091",27
2018,"15091",47
2019,"15091",44
2020,"15091",33
2021,"15091",47
2022,"15091",65
2023,"15091",63
2024,"15091",57
2025,"15091",24
2011,"15092",6.785388169383
2012,"15092",7.75472933643772
2013,"15092",13.570776338766
2014,"15092",23.2641880093132
2015,"15092",16
2016,"15092",22
2017,"15092",18
2018,"15092",23
2019,"15092",18
2020,"15092",8
2021,"15092",14
2022,"15092",18
2023,"15092",16
2024,"15092",12
2025,"15092",14
2011,"15093",4.84670583527357
2012,"15093",5.81604700232829
2013,"15093",3.87736466821886
2014,"15093",3.87736466821886
2015,"15093",6
2016,"15093",4
2017,"15093",14
2018,"15093",10
2019,"15093",9
2020,"15093",13
2021,"15093",8
2022,"15093",5
2023,"15093",12
2024,"15093",9
2025,"15093",3
2011,"15094",3.87736466821886
2012,"15094",4.84670583527357
2013,"15094",2.90802350116414
2014,"15094",2.90802350116414
2015,"15094",7
2016,"15094",4
2017,"15094",8
2018,"15094",8
2019,"15094",5
2020,"15094",8
2021,"15094",11
2022,"15094",7
2023,"15094",6
2024,"15094",8
2025,"15094",6
2011,"15095",17.4481410069849
2012,"15095",26.1722115104773
2013,"15095",29.0802350116414
2014,"15095",34.8962820139697
2015,"15095",27
2016,"15095",21
2017,"15095",21
2018,"15095",38
2019,"15095",27
2020,"15095",42
2021,"15095",32
2022,"15095",33
2023,"15095",39
2024,"15095",39
2025,"15095",21
2011,"15096",5.81604700232829
2012,"15096",6.785388169383
2013,"15096",3.87736466821886
2014,"15096",8.72407050349243
2015,"15096",8
2016,"15096",3
2017,"15096",9
2018,"15096",9
2019,"15096",10
2020,"15096",8
2021,"15096",7
2022,"15096",17
2023,"15096",21
2024,"15096",9
2025,"15096",17
2011,"15097",1.93868233410943
2012,"15097",1.93868233410943
2013,"15097",5.81604700232829
2014,"15097",2.90802350116414
2015,"15097",2
2016,"15097",1
2017,"15097",3
2018,"15097",7
2019,"15097",2
2020,"15097",2
2021,"15097",3
2022,"15097",2
2023,"15097",2
2024,"15097",6
2025,"15097",0
2011,"15098",0
2012,"15098",0
2013,"15098",0.969341167054715
2014,"15098",2.90802350116414
2015,"15098",2
2016,"15098",0
2017,"15098",0
2018,"15098",0
2019,"15098",0
2020,"15098",0
2021,"15098",1
2022,"15098",2
2023,"15098",1
2024,"15098",1
2025,"15098",0
2011,"15099",50.4057406868452
2012,"15099",89.1793873690338
2013,"15099",91.1180697031432
2014,"15099",80.4553168655413
2015,"15099",44
2016,"15099",51
2017,"15099",70
2018,"15099",67
2019,"15099",74
2020,"15099",64
2021,"15099",80
2022,"15099",63
2023,"15099",82
2024,"15099",73
2025,"15099",71
2011,"15100",7.75472933643772
2012,"15100",14.5401175058207
2013,"15100",3.87736466821886
2014,"15100",13.570776338766
2015,"15100",12
2016,"15100",11
2017,"15100",12
2018,"15100",10
2019,"15100",15
2020,"15100",12
2021,"15100",14
2022,"15100",14
2023,"15100",15
2024,"15100",19
2025,"15100",12
2011,"15101",13.570776338766
2012,"15101",13.570776338766
2013,"15101",11.6320940046566
2014,"15101",17.4481410069849
2015,"15101",10
2016,"15101",4
2017,"15101",9
2018,"15101",9
2019,"15101",14
2020,"15101",11
2021,"15101",11
2022,"15101",20
2023,"15101",12
2024,"15101",13
2025,"15101",8
2011,"15102",0.969341167054715
2012,"15102",0.969341167054715
2013,"15102",2.90802350116414
2014,"15102",0.969341167054715
2015,"15102",1
2016,"15102",2
2017,"15102",1
2018,"15102",2
2019,"15102",2
2020,"15102",4
2021,"15102",4
2022,"15102",4
2023,"15102",4
2024,"15102",3
2025,"15102",0
2011,"15103",13.570776338766
2012,"15103",12.6014351717113
2013,"15103",9.69341167054715
2014,"15103",6.785388169383
2015,"15103",7
2016,"15103",9
2017,"15103",9
2018,"15103",7
2019,"15103",10
2020,"15103",14
2021,"15103",12
2022,"15103",15
2023,"15103",9
2024,"15103",6
2025,"15103",13
2011,"15104",111.474234211292
2012,"15104",129.891716385332
2013,"15104",204.530986248545
2014,"15104",229.733856591967
2015,"15104",176
2016,"15104",195
2017,"15104",247
2018,"15104",186
2019,"15104",180
2020,"15104",178
2021,"15104",187
2022,"15104",202
2023,"15104",190
2024,"15104",158
2025,"15104",127
2011,"15105",0.969341167054715
2012,"15105",4.84670583527357
2013,"15105",3.87736466821886
2014,"15105",3.87736466821886
2015,"15105",6
2016,"15105",10
2017,"15105",3
2018,"15105",2
2019,"15105",0
2020,"15105",1
2021,"15105",2
2022,"15105",1
2023,"15105",4
2024,"15105",1
2025,"15105",2
2011,"15106",214.224397919092
2012,"15106",284.986303114086
2013,"15106",331.514679132712
2014,"15106",217.132421420256
2015,"15106",144
2016,"15106",123
2017,"15106",82
2018,"15106",129
2019,"15106",126
2020,"15106",169
2021,"15106",176
2022,"15106",206
2023,"15106",157
2024,"15106",146
2025,"15106",140
2011,"15107",3.87736466821886
2012,"15107",0.969341167054715
2013,"15107",3.87736466821886
2014,"15107",4.84670583527357
2015,"15107",3
2016,"15107",2
2017,"15107",3
2018,"15107",5
2019,"15107",3
2020,"15107",11
2021,"15107",5
2022,"15107",1
2023,"15107",3
2024,"15107",3
2025,"15107",2
2011,"15108",13.570776338766
2012,"15108",13.570776338766
2013,"15108",32.9575996798603
2014,"15108",19.3868233410943
2015,"15108",22
2016,"15108",21
2017,"15108",31
2018,"15108",20
2019,"15108",30
2020,"15108",33
2021,"15108",46
2022,"15108",47
2023,"15108",50
2024,"15108",37
2025,"15108",54
2011,"15109",80.4553168655413
2012,"15109",119.22896354773
2013,"15109",103.719504874854
2014,"15109",126.014351717113
2015,"15109",81
2016,"15109",101
2017,"15109",97
2018,"15109",129
2019,"15109",108
2020,"15109",172
2021,"15109",143
2022,"15109",149
2023,"15109",142
2024,"15109",127
2025,"15109",90
2011,"15110",10.6627528376019
2012,"15110",17.4481410069849
2013,"15110",22.2948468422584
2014,"15110",20.356164508149
2015,"15110",17
2016,"15110",7
2017,"15110",13
2018,"15110",15
2019,"15110",13
2020,"15110",15
2021,"15110",22
2022,"15110",24
2023,"15110",20
2024,"15110",14
2025,"15110",14
2011,"15111",4.84670583527357
2012,"15111",8.72407050349243
2013,"15111",9.69341167054715
2014,"15111",6.785388169383
2015,"15111",14
2016,"15111",7
2017,"15111",14
2018,"15111",6
2019,"15111",11
2020,"15111",16
2021,"15111",12
2022,"15111",10
2023,"15111",9
2024,"15111",10
2025,"15111",8
2011,"15112",3.87736466821886
2012,"15112",4.84670583527357
2013,"15112",6.785388169383
2014,"15112",3.87736466821886
2015,"15112",7
2016,"15112",2
2017,"15112",1
2018,"15112",3
2019,"15112",5
2020,"15112",9
2021,"15112",9
2022,"15112",6
2023,"15112",9
2024,"15112",10
2025,"15112",13
2011,"15113",14.5401175058207
2012,"15113",15.5094586728754
2013,"15113",10.6627528376019
2014,"15113",7.75472933643772
2015,"15113",10
2016,"15113",6
2017,"15113",13
2018,"15113",7
2019,"15113",17
2020,"15113",19
2021,"15113",15
2022,"15113",19
2023,"15113",22
2024,"15113",17
2025,"15113",9
2011,"15114",20.356164508149
2012,"15114",27.141552677532
2013,"15114",17.4481410069849
2014,"15114",21.3255056752037
2015,"15114",21
2016,"15114",13
2017,"15114",15
2018,"15114",27
2019,"15114",21
2020,"15114",28
2021,"15114",23
2022,"15114",14
2023,"15114",22
2024,"15114",17
2025,"15114",23
2011,"15115",10.6627528376019
2012,"15115",12.6014351717113
2013,"15115",8.72407050349243
2014,"15115",10.6627528376019
2015,"15115",11
2016,"15115",4
2017,"15115",8
2018,"15115",10
2019,"15115",8
2020,"15115",13
2021,"15115",17
2022,"15115",18
2023,"15115",8
2024,"15115",12
2025,"15115",10
2011,"15116",0.969341167054715
2012,"15116",1.93868233410943
2013,"15116",0.969341167054715
2014,"15116",1.93868233410943
2015,"15116",0
2016,"15116",0
2017,"15116",0
2018,"15116",2
2019,"15116",0
2020,"15116",3
2021,"15116",1
2022,"15116",0
2023,"15116",1
2024,"15116",0
2025,"15116",0
2011,"15117",4.84670583527357
2012,"15117",4.84670583527357
2013,"15117",3.87736466821886
2014,"15117",4.84670583527357
2015,"15117",7
2016,"15117",3
2017,"15117",3
2018,"15117",3
2019,"15117",1
2020,"15117",5
2021,"15117",2
2022,"15117",3
2023,"15117",1
2024,"15117",2
2025,"15117",1
2011,"15118",21.3255056752037
2012,"15118",28.1108938445867
2013,"15118",34.8962820139697
2014,"15118",36.8349643480792
2015,"15118",20
2016,"15118",21
2017,"15118",17
2018,"15118",22
2019,"15118",27
2020,"15118",34
2021,"15118",44
2022,"15118",45
2023,"15118",35
2024,"15118",36
2025,"15118",32
2011,"15119",4.84670583527357
2012,"15119",4.84670583527357
2013,"15119",2.90802350116414
2014,"15119",3.87736466821886
2015,"15119",5
2016,"15119",1
2017,"15119",5
2018,"15119",2
2019,"15119",3
2020,"15119",5
2021,"15119",6
2022,"15119",3
2023,"15119",5
2024,"15119",9
2025,"15119",2
2011,"15120",20.356164508149
2012,"15120",40.712329016298
2013,"15120",44.5896936845169
2014,"15120",39.7429878492433
2015,"15120",61
2016,"15120",55
2017,"15120",61
2018,"15120",80
2019,"15120",101
2020,"15120",84
2021,"15120",70
2022,"15120",98
2023,"15120",107
2024,"15120",84
2025,"15120",44
2011,"15121",74.639269863213
2012,"15121",112.443575378347
2013,"15121",123.106328215949
2014,"15121",126.983692884168
2015,"15121",81
2016,"15121",72
2017,"15121",94
2018,"15121",100
2019,"15121",111
2020,"15121",144
2021,"15121",144
2022,"15121",135
2023,"15121",117
2024,"15121",138
2025,"15121",115
2011,"15122",64.9458581926659
2012,"15122",71.7312463620489
2013,"15122",85.3020227008149
2014,"15122",118.259622380675
2015,"15122",81
2016,"15122",72
2017,"15122",59
2018,"15122",69
2019,"15122",76
2020,"15122",71
2021,"15122",58
2022,"15122",77
2023,"15122",73
2024,"15122",81
2025,"15122",55
2011,"15123",2.90802350116414
2012,"15123",6.785388169383
2013,"15123",6.785388169383
2014,"15123",13.570776338766
2015,"15123",4
2016,"15123",5
2017,"15123",5
2018,"15123",5
2019,"15123",4
2020,"15123",4
2021,"15123",5
2022,"15123",3
2023,"15123",2
2024,"15123",2
2025,"15123",5
2011,"15124",4.84670583527357
2012,"15124",9.69341167054715
2013,"15124",12.6014351717113
2014,"15124",3.87736466821886
2015,"15124",7
2016,"15124",3
2017,"15124",2
2018,"15124",7
2019,"15124",8
2020,"15124",8
2021,"15124",17
2022,"15124",19
2023,"15124",9
2024,"15124",7
2025,"15124",10
2011,"15125",2.90802350116414
2012,"15125",4.84670583527357
2013,"15125",3.87736466821886
2014,"15125",10.6627528376019
2015,"15125",7
2016,"15125",7
2017,"15125",4
2018,"15125",4
2019,"15125",10
2020,"15125",5
2021,"15125",8
2022,"15125",4
2023,"15125",5
2024,"15125",3
2025,"15125",5
2011,"16001",3.87736466821886
2012,"16001",8.72407050349243
2013,"16001",5.81604700232829
2014,"16001",1.93868233410943
2015,"16001",4
2016,"16001",3
2017,"16001",7
2018,"16001",4
2019,"16001",5
2020,"16001",8
2021,"16001",9
2022,"16001",1
2023,"16001",10
2024,"16001",12
2025,"16001",3
2011,"16002",9.69341167054715
2012,"16002",16.4787998399302
2013,"16002",15.5094586728754
2014,"16002",18.4174821740396
2015,"16002",10
2016,"16002",12
2017,"16002",21
2018,"16002",8
2019,"16002",12
2020,"16002",11
2021,"16002",5
2022,"16002",3
2023,"16002",1
2024,"16002",0
2025,"16002",0
2011,"16003",2.90802350116414
2012,"16003",5.81604700232829
2013,"16003",8.72407050349243
2014,"16003",6.785388169383
2015,"16003",5
2016,"16003",3
2017,"16003",3
2018,"16003",10
2019,"16003",13
2020,"16003",18
2021,"16003",30
2022,"16003",25
2023,"16003",26
2024,"16003",27
2025,"16003",22
2011,"16004",7.75472933643772
2012,"16004",5.81604700232829
2013,"16004",11.6320940046566
2014,"16004",3.87736466821886
2015,"16004",4
2016,"16004",7
2017,"16004",7
2018,"16004",4
2019,"16004",14
2020,"16004",3
2021,"16004",4
2022,"16004",3
2023,"16004",1
2024,"16004",12
2025,"16004",6
2011,"16005",4.84670583527357
2012,"16005",1.93868233410943
2013,"16005",1.93868233410943
2014,"16005",3.87736466821886
2015,"16005",1
2016,"16005",1
2017,"16005",3
2018,"16005",2
2019,"16005",2
2020,"16005",1
2021,"16005",2
2022,"16005",1
2023,"16005",1
2024,"16005",3
2025,"16005",4
2011,"16006",99.8421402066356
2012,"16006",77.5472933643772
2013,"16006",111.474234211292
2014,"16006",68.8232228608847
2015,"16006",89
2016,"16006",135
2017,"16006",130
2018,"16006",137
2019,"16006",97
2020,"16006",61
2021,"16006",74
2022,"16006",60
2023,"16006",131
2024,"16006",184
2025,"16006",165
2011,"16007",1.93868233410943
2012,"16007",3.87736466821886
2013,"16007",0
2014,"16007",0
2015,"16007",0
2016,"16007",0
2017,"16007",0
2018,"16007",1
2019,"16007",0
2020,"16007",0
2021,"16007",1
2022,"16007",1
2023,"16007",0
2024,"16007",2
2025,"16007",0
2011,"16008",37.8043055151339
2012,"16008",12.6014351717113
2013,"16008",23.2641880093132
2014,"16008",21.3255056752037
2015,"16008",17
2016,"16008",16
2017,"16008",5
2018,"16008",8
2019,"16008",15
2020,"16008",14
2021,"16008",20
2022,"16008",16
2023,"16008",27
2024,"16008",23
2025,"16008",21
2011,"16009",14.5401175058207
2012,"16009",16.4787998399302
2013,"16009",26.1722115104773
2014,"16009",17.4481410069849
2015,"16009",14
2016,"16009",18
2017,"16009",22
2018,"16009",29
2019,"16009",29
2020,"16009",46
2021,"16009",23
2022,"16009",20
2023,"16009",24
2024,"16009",15
2025,"16009",20
2011,"16010",17.4481410069849
2012,"16010",8.72407050349243
2013,"16010",17.4481410069849
2014,"16010",19.3868233410943
2015,"16010",33
2016,"16010",19
2017,"16010",12
2018,"16010",6
2019,"16010",13
2020,"16010",6
2021,"16010",8
2022,"16010",18
2023,"16010",17
2024,"16010",8
2025,"16010",8
2011,"16011",5.81604700232829
2012,"16011",7.75472933643772
2013,"16011",5.81604700232829
2014,"16011",5.81604700232829
2015,"16011",8
2016,"16011",8
2017,"16011",1
2018,"16011",6
2019,"16011",3
2020,"16011",5
2021,"16011",2
2022,"16011",2
2023,"16011",5
2024,"16011",5
2025,"16011",4
2011,"16012",28.1108938445867
2012,"16012",22.2948468422584
2013,"16012",52.3444230209546
2014,"16012",26.1722115104773
2015,"16012",30
2016,"16012",41
2017,"16012",55
2018,"16012",61
2019,"16012",40
2020,"16012",53
2021,"16012",47
2022,"16012",30
2023,"16012",29
2024,"16012",34
2025,"16012",39
2011,"16013",6.785388169383
2012,"16013",8.72407050349243
2013,"16013",1.93868233410943
2014,"16013",5.81604700232829
2015,"16013",6
2016,"16013",4
2017,"16013",2
2018,"16013",5
2019,"16013",0
2020,"16013",4
2021,"16013",3
2022,"16013",1
2023,"16013",4
2024,"16013",2
2025,"16013",3
2011,"16014",26.1722115104773
2012,"16014",17.4481410069849
2013,"16014",8.72407050349243
2014,"16014",18.4174821740396
2015,"16014",5
2016,"16014",10
2017,"16014",6
2018,"16014",9
2019,"16014",6
2020,"16014",11
2021,"16014",14
2022,"16014",10
2023,"16014",12
2024,"16014",17
2025,"16014",14
2011,"16015",8.72407050349243
2012,"16015",8.72407050349243
2013,"16015",17.4481410069849
2014,"16015",12.6014351717113
2015,"16015",13
2016,"16015",19
2017,"16015",5
2018,"16015",13
2019,"16015",25
2020,"16015",25
2021,"16015",27
2022,"16015",9
2023,"16015",5
2024,"16015",5
2025,"16015",12
2011,"16016",7.75472933643772
2012,"16016",6.785388169383
2013,"16016",7.75472933643772
2014,"16016",7.75472933643772
2015,"16016",4
2016,"16016",4
2017,"16016",8
2018,"16016",5
2019,"16016",22
2020,"16016",8
2021,"16016",7
2022,"16016",12
2023,"16016",8
2024,"16016",7
2025,"16016",10
2011,"16017",6.785388169383
2012,"16017",11.6320940046566
2013,"16017",12.6014351717113
2014,"16017",17.4481410069849
2015,"16017",7
2016,"16017",6
2017,"16017",15
2018,"16017",9
2019,"16017",9
2020,"16017",4
2021,"16017",16
2022,"16017",12
2023,"16017",10
2024,"16017",12
2025,"16017",13
2011,"16018",6.785388169383
2012,"16018",3.87736466821886
2013,"16018",0.969341167054715
2014,"16018",3.87736466821886
2015,"16018",0
2016,"16018",4
2017,"16018",4
2018,"16018",9
2019,"16018",12
2020,"16018",9
2021,"16018",16
2022,"16018",9
2023,"16018",17
2024,"16018",28
2025,"16018",14
2011,"16019",10.6627528376019
2012,"16019",1.93868233410943
2013,"16019",10.6627528376019
2014,"16019",5.81604700232829
2015,"16019",9
2016,"16019",4
2017,"16019",8
2018,"16019",5
2019,"16019",25
2020,"16019",21
2021,"16019",33
2022,"16019",13
2023,"16019",19
2024,"16019",18
2025,"16019",9
2011,"16020",23.2641880093132
2012,"16020",27.141552677532
2013,"16020",24.2335291763679
2014,"16020",18.4174821740396
2015,"16020",4
2016,"16020",8
2017,"16020",10
2018,"16020",14
2019,"16020",26
2020,"16020",32
2021,"16020",54
2022,"16020",31
2023,"16020",29
2024,"16020",38
2025,"16020",25
2011,"16021",6.785388169383
2012,"16021",2.90802350116414
2013,"16021",0.969341167054715
2014,"16021",2.90802350116414
2015,"16021",4
2016,"16021",4
2017,"16021",1
2018,"16021",0
2019,"16021",3
2020,"16021",3
2021,"16021",4
2022,"16021",3
2023,"16021",4
2024,"16021",2
2025,"16021",4
2011,"16022",10.6627528376019
2012,"16022",11.6320940046566
2013,"16022",42.6510113504075
2014,"16022",35.8656231810244
2015,"16022",13
2016,"16022",36
2017,"16022",23
2018,"16022",23
2019,"16022",18
2020,"16022",28
2021,"16022",50
2022,"16022",42
2023,"16022",49
2024,"16022",41
2025,"16022",51
2011,"16023",0.969341167054715
2012,"16023",4.84670583527357
2013,"16023",4.84670583527357
2014,"16023",1.93868233410943
2015,"16023",7
2016,"16023",3
2017,"16023",2
2018,"16023",5
2019,"16023",6
2020,"16023",10
2021,"16023",5
2022,"16023",2
2023,"16023",3
2024,"16023",4
2025,"16023",6
2011,"16024",4.84670583527357
2012,"16024",12.6014351717113
2013,"16024",5.81604700232829
2014,"16024",0.969341167054715
2015,"16024",4
2016,"16024",2
2017,"16024",3
2018,"16024",3
2019,"16024",3
2020,"16024",3
2021,"16024",4
2022,"16024",5
2023,"16024",8
2024,"16024",2
2025,"16024",5
2011,"16025",10.6627528376019
2012,"16025",10.6627528376019
2013,"16025",9.69341167054715
2014,"16025",14.5401175058207
2015,"16025",12
2016,"16025",5
2017,"16025",10
2018,"16025",9
2019,"16025",11
2020,"16025",16
2021,"16025",27
2022,"16025",12
2023,"16025",14
2024,"16025",14
2025,"16025",9
2011,"16026",0.969341167054715
2012,"16026",2.90802350116414
2013,"16026",4.84670583527357
2014,"16026",4.84670583527357
2015,"16026",0
2016,"16026",3
2017,"16026",4
2018,"16026",3
2019,"16026",8
2020,"16026",5
2021,"16026",3
2022,"16026",6
2023,"16026",4
2024,"16026",5
2025,"16026",1
2011,"16027",3.87736466821886
2012,"16027",0
2013,"16027",2.90802350116414
2014,"16027",1.93868233410943
2015,"16027",3
2016,"16027",0
2017,"16027",3
2018,"16027",2
2019,"16027",3
2020,"16027",2
2021,"16027",1
2022,"16027",6
2023,"16027",2
2024,"16027",3
2025,"16027",3
2011,"16028",1.93868233410943
2012,"16028",4.84670583527357
2013,"16028",2.90802350116414
2014,"16028",4.84670583527357
2015,"16028",8
2016,"16028",8
2017,"16028",4
2018,"16028",8
2019,"16028",9
2020,"16028",3
2021,"16028",6
2022,"16028",6
2023,"16028",3
2024,"16028",2
2025,"16028",4
2011,"16029",5.81604700232829
2012,"16029",2.90802350116414
2013,"16029",8.72407050349243
2014,"16029",7.75472933643772
2015,"16029",3
2016,"16029",8
2017,"16029",4
2018,"16029",6
2019,"16029",3
2020,"16029",9
2021,"16029",2
2022,"16029",3
2023,"16029",1
2024,"16029",2
2025,"16029",2
2011,"16030",11.6320940046566
2012,"16030",6.785388169383
2013,"16030",4.84670583527357
2014,"16030",9.69341167054715
2015,"16030",10
2016,"16030",8
2017,"16030",15
2018,"16030",9
2019,"16030",9
2020,"16030",11
2021,"16030",4
2022,"16030",4
2023,"16030",9
2024,"16030",11
2025,"16030",7
2011,"16031",6.785388169383
2012,"16031",3.87736466821886
2013,"16031",5.81604700232829
2014,"16031",5.81604700232829
2015,"16031",4
2016,"16031",3
2017,"16031",9
2018,"16031",5
2019,"16031",6
2020,"16031",7
2021,"16031",3
2022,"16031",2
2023,"16031",7
2024,"16031",8
2025,"16031",4
2011,"16032",0
2012,"16032",6.785388169383
2013,"16032",1.93868233410943
2014,"16032",7.75472933643772
2015,"16032",0
2016,"16032",1
2017,"16032",2
2018,"16032",0
2019,"16032",5
2020,"16032",4
2021,"16032",3
2022,"16032",2
2023,"16032",3
2024,"16032",1
2025,"16032",6
2011,"16033",20.356164508149
2012,"16033",24.2335291763679
2013,"16033",28.1108938445867
2014,"16033",25.2028703434226
2015,"16033",18
2016,"16033",33
2017,"16033",19
2018,"16033",25
2019,"16033",15
2020,"16033",19
2021,"16033",11
2022,"16033",6
2023,"16033",8
2024,"16033",9
2025,"16033",7
2011,"16034",54.283105355064
2012,"16034",49.4363995197904
2013,"16034",43.6203525174622
2014,"16034",39.7429878492433
2015,"16034",39
2016,"16034",37
2017,"16034",29
2018,"16034",33
2019,"16034",49
2020,"16034",49
2021,"16034",49
2022,"16034",86
2023,"16034",57
2024,"16034",36
2025,"16034",32
2011,"16035",27.141552677532
2012,"16035",13.570776338766
2013,"16035",24.2335291763679
2014,"16035",27.141552677532
2015,"16035",16
2016,"16035",30
2017,"16035",24
2018,"16035",10
2019,"16035",16
2020,"16035",9
2021,"16035",7
2022,"16035",4
2023,"16035",7
2024,"16035",6
2025,"16035",5
2011,"16036",2.90802350116414
2012,"16036",4.84670583527357
2013,"16036",5.81604700232829
2014,"16036",5.81604700232829
2015,"16036",3
2016,"16036",2
2017,"16036",11
2018,"16036",5
2019,"16036",3
2020,"16036",12
2021,"16036",9
2022,"16036",3
2023,"16036",1
2024,"16036",3
2025,"16036",1
2011,"16037",1.93868233410943
2012,"16037",5.81604700232829
2013,"16037",4.84670583527357
2014,"16037",8.72407050349243
2015,"16037",4
2016,"16037",3
2017,"16037",6
2018,"16037",5
2019,"16037",5
2020,"16037",5
2021,"16037",3
2022,"16037",11
2023,"16037",10
2024,"16037",6
2025,"16037",1
2011,"16038",21.3255056752037
2012,"16038",31.0189173457509
2013,"16038",15.5094586728754
2014,"16038",22.2948468422584
2015,"16038",23
2016,"16038",22
2017,"16038",26
2018,"16038",5
2019,"16038",11
2020,"16038",19
2021,"16038",19
2022,"16038",16
2023,"16038",16
2024,"16038",16
2025,"16038",17
2011,"16039",0
2012,"16039",0.969341167054715
2013,"16039",2.90802350116414
2014,"16039",5.81604700232829
2015,"16039",3
2016,"16039",9
2017,"16039",3
2018,"16039",2
2019,"16039",3
2020,"16039",4
2021,"16039",4
2022,"16039",1
2023,"16039",3
2024,"16039",4
2025,"16039",8
2011,"16040",6.785388169383
2012,"16040",9.69341167054715
2013,"16040",4.84670583527357
2014,"16040",2.90802350116414
2015,"16040",2
2016,"16040",1
2017,"16040",1
2018,"16040",5
2019,"16040",7
2020,"16040",7
2021,"16040",2
2022,"16040",7
2023,"16040",8
2024,"16040",6
2025,"16040",16
2011,"16041",3.87736466821886
2012,"16041",6.785388169383
2013,"16041",3.87736466821886
2014,"16041",2.90802350116414
2015,"16041",5
2016,"16041",4
2017,"16041",3
2018,"16041",3
2019,"16041",7
2020,"16041",6
2021,"16041",12
2022,"16041",9
2023,"16041",4
2024,"16041",4
2025,"16041",8
2011,"16042",10.6627528376019
2012,"16042",2.90802350116414
2013,"16042",3.87736466821886
2014,"16042",3.87736466821886
2015,"16042",10
2016,"16042",5
2017,"16042",12
2018,"16042",8
2019,"16042",5
2020,"16042",6
2021,"16042",3
2022,"16042",3
2023,"16042",4
2024,"16042",5
2025,"16042",3
2011,"16043",31.0189173457509
2012,"16043",18.4174821740396
2013,"16043",16.4787998399302
2014,"16043",22.2948468422584
2015,"16043",35
2016,"16043",34
2017,"16043",40
2018,"16043",38
2019,"16043",105
2020,"16043",107
2021,"16043",179
2022,"16043",157
2023,"16043",76
2024,"16043",72
2025,"16043",70
2011,"16044",6.785388169383
2012,"16044",2.90802350116414
2013,"16044",8.72407050349243
2014,"16044",1.93868233410943
2015,"16044",3
2016,"16044",0
2017,"16044",4
2018,"16044",10
2019,"16044",10
2020,"16044",7
2021,"16044",9
2022,"16044",9
2023,"16044",8
2024,"16044",1
2025,"16044",3
2011,"16045",11.6320940046566
2012,"16045",26.1722115104773
2013,"16045",21.3255056752037
2014,"16045",20.356164508149
2015,"16045",26
2016,"16045",27
2017,"16045",22
2018,"16045",23
2019,"16045",18
2020,"16045",9
2021,"16045",10
2022,"16045",35
2023,"16045",24
2024,"16045",3
2025,"16045",16
2011,"16046",7.75472933643772
2012,"16046",5.81604700232829
2013,"16046",2.90802350116414
2014,"16046",0
2015,"16046",8
2016,"16046",2
2017,"16046",4
2018,"16046",3
2019,"16046",2
2020,"16046",4
2021,"16046",4
2022,"16046",5
2023,"16046",4
2024,"16046",6
2025,"16046",4
2011,"16047",6.785388169383
2012,"16047",15.5094586728754
2013,"16047",4.84670583527357
2014,"16047",12.6014351717113
2015,"16047",5
2016,"16047",4
2017,"16047",5
2018,"16047",4
2019,"16047",4
2020,"16047",5
2021,"16047",11
2022,"16047",9
2023,"16047",6
2024,"16047",7
2025,"16047",9
2011,"16048",0.969341167054715
2012,"16048",4.84670583527357
2013,"16048",9.69341167054715
2014,"16048",8.72407050349243
2015,"16048",4
2016,"16048",2
2017,"16048",1
2018,"16048",5
2019,"16048",3
2020,"16048",5
2021,"16048",2
2022,"16048",4
2023,"16048",4
2024,"16048",0
2025,"16048",3
2011,"16049",13.570776338766
2012,"16049",5.81604700232829
2013,"16049",15.5094586728754
2014,"16049",16.4787998399302
2015,"16049",4
2016,"16049",6
2017,"16049",11
2018,"16049",13
2019,"16049",9
2020,"16049",22
2021,"16049",11
2022,"16049",7
2023,"16049",11
2024,"16049",5
2025,"16049",13
2011,"16050",27.141552677532
2012,"16050",39.7429878492433
2013,"16050",39.7429878492433
2014,"16050",43.6203525174622
2015,"16050",38
2016,"16050",42
2017,"16050",36
2018,"16050",31
2019,"16050",28
2020,"16050",31
2021,"16050",43
2022,"16050",69
2023,"16050",66
2024,"16050",30
2025,"16050",36
2011,"16051",4.84670583527357
2012,"16051",8.72407050349243
2013,"16051",1.93868233410943
2014,"16051",3.87736466821886
2015,"16051",1
2016,"16051",2
2017,"16051",2
2018,"16051",7
2019,"16051",1
2020,"16051",1
2021,"16051",4
2022,"16051",2
2023,"16051",3
2024,"16051",3
2025,"16051",5
2011,"16052",124.075669383003
2012,"16052",97.9034578725262
2013,"16052",119.22896354773
2014,"16052",117.29028121362
2015,"16052",117
2016,"16052",166
2017,"16052",104
2018,"16052",56
2019,"16052",83
2020,"16052",75
2021,"16052",66
2022,"16052",62
2023,"16052",86
2024,"16052",80
2025,"16052",91
2011,"16053",378.043055151339
2012,"16053",440.08088984284
2013,"16053",433.295501673457
2014,"16053",388.705807988941
2015,"16053",385
2016,"16053",416
2017,"16053",392
2018,"16053",388
2019,"16053",436
2020,"16053",517
2021,"16053",487
2022,"16053",536
2023,"16053",491
2024,"16053",472
2025,"16053",382
2011,"16054",2.90802350116414
2012,"16054",0
2013,"16054",3.87736466821886
2014,"16054",0.969341167054715
2015,"16054",2
2016,"16054",0
2017,"16054",10
2018,"16054",4
2019,"16054",2
2020,"16054",1
2021,"16054",4
2022,"16054",5
2023,"16054",3
2024,"16054",2
2025,"16054",1
2011,"16055",31.0189173457509
2012,"16055",31.0189173457509
2013,"16055",33.926940846915
2014,"16055",26.1722115104773
2015,"16055",43
2016,"16055",51
2017,"16055",77
2018,"16055",38
2019,"16055",26
2020,"16055",20
2021,"16055",23
2022,"16055",29
2023,"16055",34
2024,"16055",20
2025,"16055",17
2011,"16056",4.84670583527357
2012,"16056",6.785388169383
2013,"16056",7.75472933643772
2014,"16056",7.75472933643772
2015,"16056",5
2016,"16056",3
2017,"16056",4
2018,"16056",6
2019,"16056",2
2020,"16056",4
2021,"16056",2
2022,"16056",3
2023,"16056",3
2024,"16056",1
2025,"16056",6
2011,"16057",8.72407050349243
2012,"16057",7.75472933643772
2013,"16057",3.87736466821886
2014,"16057",8.72407050349243
2015,"16057",0
2016,"16057",6
2017,"16057",3
2018,"16057",4
2019,"16057",4
2020,"16057",7
2021,"16057",6
2022,"16057",1
2023,"16057",2
2024,"16057",3
2025,"16057",5
2011,"16058",6.785388169383
2012,"16058",1.93868233410943
2013,"16058",6.785388169383
2014,"16058",5.81604700232829
2015,"16058",5
2016,"16058",4
2017,"16058",3
2018,"16058",8
2019,"16058",6
2020,"16058",6
2021,"16058",2
2022,"16058",3
2023,"16058",4
2024,"16058",8
2025,"16058",3
2011,"16059",3.87736466821886
2012,"16059",4.84670583527357
2013,"16059",0
2014,"16059",0.969341167054715
2015,"16059",7
2016,"16059",4
2017,"16059",1
2018,"16059",6
2019,"16059",9
2020,"16059",6
2021,"16059",4
2022,"16059",2
2023,"16059",4
2024,"16059",3
2025,"16059",3
2011,"16060",2.90802350116414
2012,"16060",1.93868233410943
2013,"16060",5.81604700232829
2014,"16060",2.90802350116414
2015,"16060",4
2016,"16060",8
2017,"16060",2
2018,"16060",4
2019,"16060",4
2020,"16060",0
2021,"16060",2
2022,"16060",4
2023,"16060",5
2024,"16060",1
2025,"16060",3
2011,"16061",2.90802350116414
2012,"16061",4.84670583527357
2013,"16061",2.90802350116414
2014,"16061",7.75472933643772
2015,"16061",2
2016,"16061",2
2017,"16061",0
2018,"16061",2
2019,"16061",4
2020,"16061",5
2021,"16061",1
2022,"16061",3
2023,"16061",6
2024,"16061",2
2025,"16061",2
2011,"16062",2.90802350116414
2012,"16062",5.81604700232829
2013,"16062",2.90802350116414
2014,"16062",11.6320940046566
2015,"16062",6
2016,"16062",6
2017,"16062",9
2018,"16062",3
2019,"16062",3
2020,"16062",5
2021,"16062",3
2022,"16062",7
2023,"16062",4
2024,"16062",6
2025,"16062",5
2011,"16063",6.785388169383
2012,"16063",8.72407050349243
2013,"16063",9.69341167054715
2014,"16063",10.6627528376019
2015,"16063",10
2016,"16063",9
2017,"16063",8
2018,"16063",13
2019,"16063",12
2020,"16063",8
2021,"16063",20
2022,"16063",16
2023,"16063",7
2024,"16063",7
2025,"16063",5
2011,"16064",12.6014351717113
2012,"16064",10.6627528376019
2013,"16064",9.69341167054715
2014,"16064",12.6014351717113
2015,"16064",19
2016,"16064",20
2017,"16064",23
2018,"16064",22
2019,"16064",17
2020,"16064",15
2021,"16064",11
2022,"16064",11
2023,"16064",20
2024,"16064",20
2025,"16064",17
2011,"16065",11.6320940046566
2012,"16065",7.75472933643772
2013,"16065",15.5094586728754
2014,"16065",21.3255056752037
2015,"16065",19
2016,"16065",9
2017,"16065",3
2018,"16065",3
2019,"16065",15
2020,"16065",13
2021,"16065",9
2022,"16065",12
2023,"16065",11
2024,"16065",7
2025,"16065",7
2011,"16066",69.7925640279395
2012,"16066",56.2217876891735
2013,"16066",58.1604700232829
2014,"16066",48.4670583527357
2015,"16066",22
2016,"16066",49
2017,"16066",37
2018,"16066",42
2019,"16066",40
2020,"16066",39
2021,"16066",52
2022,"16066",37
2023,"16066",44
2024,"16066",41
2025,"16066",44
2011,"16067",0
2012,"16067",2.90802350116414
2013,"16067",6.785388169383
2014,"16067",2.90802350116414
2015,"16067",5
2016,"16067",5
2017,"16067",8
2018,"16067",6
2019,"16067",10
2020,"16067",6
2021,"16067",2
2022,"16067",9
2023,"16067",5
2024,"16067",3
2025,"16067",5
2011,"16068",9.69341167054715
2012,"16068",10.6627528376019
2013,"16068",11.6320940046566
2014,"16068",6.785388169383
2015,"16068",16
2016,"16068",7
2017,"16068",9
2018,"16068",11
2019,"16068",16
2020,"16068",10
2021,"16068",11
2022,"16068",9
2023,"16068",12
2024,"16068",17
2025,"16068",18
2011,"16069",44.5896936845169
2012,"16069",35.8656231810244
2013,"16069",28.1108938445867
2014,"16069",64.9458581926659
2015,"16069",55
2016,"16069",91
2017,"16069",77
2018,"16069",56
2019,"16069",47
2020,"16069",42
2021,"16069",46
2022,"16069",33
2023,"16069",50
2024,"16069",58
2025,"16069",43
2011,"16070",2.90802350116414
2012,"16070",2.90802350116414
2013,"16070",0.969341167054715
2014,"16070",4.84670583527357
2015,"16070",1
2016,"16070",2
2017,"16070",2
2018,"16070",3
2019,"16070",7
2020,"16070",6
2021,"16070",3
2022,"16070",8
2023,"16070",4
2024,"16070",4
2025,"16070",7
2011,"16071",28.1108938445867
2012,"16071",25.2028703434226
2013,"16071",23.2641880093132
2014,"16071",30.0495761786962
2015,"16071",19
2016,"16071",24
2017,"16071",37
2018,"16071",33
2019,"16071",44
2020,"16071",52
2021,"16071",100
2022,"16071",63
2023,"16071",38
2024,"16071",26
2025,"16071",38
2011,"16072",3.87736466821886
2012,"16072",8.72407050349243
2013,"16072",6.785388169383
2014,"16072",4.84670583527357
2015,"16072",5
2016,"16072",4
2017,"16072",3
2018,"16072",9
2019,"16072",4
2020,"16072",12
2021,"16072",4
2022,"16072",5
2023,"16072",5
2024,"16072",4
2025,"16072",10
2011,"16073",14.5401175058207
2012,"16073",12.6014351717113
2013,"16073",9.69341167054715
2014,"16073",7.75472933643772
2015,"16073",4
2016,"16073",4
2017,"16073",1
2018,"16073",8
2019,"16073",16
2020,"16073",7
2021,"16073",6
2022,"16073",2
2023,"16073",2
2024,"16073",5
2025,"16073",7
2011,"16074",7.75472933643772
2012,"16074",6.785388169383
2013,"16074",1.93868233410943
2014,"16074",2.90802350116414
2015,"16074",4
2016,"16074",4
2017,"16074",1
2018,"16074",3
2019,"16074",3
2020,"16074",3
2021,"16074",8
2022,"16074",15
2023,"16074",2
2024,"16074",1
2025,"16074",0
2011,"16075",20.356164508149
2012,"16075",21.3255056752037
2013,"16075",18.4174821740396
2014,"16075",39.7429878492433
2015,"16075",31
2016,"16075",20
2017,"16075",24
2018,"16075",20
2019,"16075",24
2020,"16075",32
2021,"16075",21
2022,"16075",28
2023,"16075",35
2024,"16075",36
2025,"16075",27
2011,"16076",17.4481410069849
2012,"16076",19.3868233410943
2013,"16076",24.2335291763679
2014,"16076",18.4174821740396
2015,"16076",41
2016,"16076",70
2017,"16076",85
2018,"16076",57
2019,"16076",92
2020,"16076",48
2021,"16076",70
2022,"16076",105
2023,"16076",51
2024,"16076",23
2025,"16076",28
2011,"16077",10.6627528376019
2012,"16077",18.4174821740396
2013,"16077",7.75472933643772
2014,"16077",3.87736466821886
2015,"16077",5
2016,"16077",7
2017,"16077",8
2018,"16077",6
2019,"16077",12
2020,"16077",8
2021,"16077",7
2022,"16077",2
2023,"16077",2
2024,"16077",3
2025,"16077",6
2011,"16078",5.81604700232829
2012,"16078",5.81604700232829
2013,"16078",0.969341167054715
2014,"16078",1.93868233410943
2015,"16078",3
2016,"16078",4
2017,"16078",6
2018,"16078",4
2019,"16078",6
2020,"16078",2
2021,"16078",7
2022,"16078",7
2023,"16078",3
2024,"16078",2
2025,"16078",2
2011,"16079",10.6627528376019
2012,"16079",20.356164508149
2013,"16079",15.5094586728754
2014,"16079",5.81604700232829
2015,"16079",5
2016,"16079",5
2017,"16079",13
2018,"16079",21
2019,"16079",22
2020,"16079",24
2021,"16079",16
2022,"16079",14
2023,"16079",8
2024,"16079",27
2025,"16079",17
2011,"16080",7.75472933643772
2012,"16080",6.785388169383
2013,"16080",4.84670583527357
2014,"16080",3.87736466821886
2015,"16080",4
2016,"16080",4
2017,"16080",4
2018,"16080",3
2019,"16080",6
2020,"16080",3
2021,"16080",6
2022,"16080",5
2023,"16080",4
2024,"16080",7
2025,"16080",2
2011,"16081",1.93868233410943
2012,"16081",5.81604700232829
2013,"16081",0
2014,"16081",6.785388169383
2015,"16081",2
2016,"16081",2
2017,"16081",1
2018,"16081",4
2019,"16081",1
2020,"16081",0
2021,"16081",2
2022,"16081",0
2023,"16081",1
2024,"16081",2
2025,"16081",2
2011,"16082",33.926940846915
2012,"16082",37.8043055151339
2013,"16082",36.8349643480792
2014,"16082",31.9882585128056
2015,"16082",31
2016,"16082",33
2017,"16082",23
2018,"16082",48
2019,"16082",42
2020,"16082",56
2021,"16082",37
2022,"16082",24
2023,"16082",28
2024,"16082",29
2025,"16082",33
2011,"16083",23.2641880093132
2012,"16083",15.5094586728754
2013,"16083",31.0189173457509
2014,"16083",19.3868233410943
2015,"16083",10
2016,"16083",8
2017,"16083",10
2018,"16083",7
2019,"16083",12
2020,"16083",15
2021,"16083",18
2022,"16083",16
2023,"16083",16
2024,"16083",12
2025,"16083",9
2011,"16084",9.69341167054715
2012,"16084",9.69341167054715
2013,"16084",9.69341167054715
2014,"16084",14.5401175058207
2015,"16084",8
2016,"16084",4
2017,"16084",5
2018,"16084",12
2019,"16084",13
2020,"16084",27
2021,"16084",38
2022,"16084",12
2023,"16084",14
2024,"16084",20
2025,"16084",12
2011,"16085",15.5094586728754
2012,"16085",10.6627528376019
2013,"16085",9.69341167054715
2014,"16085",19.3868233410943
2015,"16085",20
2016,"16085",15
2017,"16085",19
2018,"16085",18
2019,"16085",26
2020,"16085",58
2021,"16085",56
2022,"16085",33
2023,"16085",19
2024,"16085",20
2025,"16085",9
2011,"16086",11.6320940046566
2012,"16086",24.2335291763679
2013,"16086",11.6320940046566
2014,"16086",6.785388169383
2015,"16086",12
2016,"16086",11
2017,"16086",9
2018,"16086",6
2019,"16086",6
2020,"16086",9
2021,"16086",7
2022,"16086",6
2023,"16086",7
2024,"16086",8
2025,"16086",4
2011,"16087",12.6014351717113
2012,"16087",9.69341167054715
2013,"16087",20.356164508149
2014,"16087",7.75472933643772
2015,"16087",4
2016,"16087",6
2017,"16087",8
2018,"16087",11
2019,"16087",10
2020,"16087",10
2021,"16087",4
2022,"16087",8
2023,"16087",5
2024,"16087",10
2025,"16087",16
2011,"16088",26.1722115104773
2012,"16088",39.7429878492433
2013,"16088",40.712329016298
2014,"16088",35.8656231810244
2015,"16088",19
2016,"16088",15
2017,"16088",23
2018,"16088",37
2019,"16088",50
2020,"16088",49
2021,"16088",91
2022,"16088",82
2023,"16088",67
2024,"16088",49
2025,"16088",64
2011,"16089",12.6014351717113
2012,"16089",16.4787998399302
2013,"16089",25.2028703434226
2014,"16089",9.69341167054715
2015,"16089",8
2016,"16089",11
2017,"16089",7
2018,"16089",9
2019,"16089",7
2020,"16089",12
2021,"16089",14
2022,"16089",14
2023,"16089",17
2024,"16089",10
2025,"16089",11
2011,"16090",0.969341167054715
2012,"16090",2.90802350116414
2013,"16090",2.90802350116414
2014,"16090",2.90802350116414
2015,"16090",3
2016,"16090",6
2017,"16090",8
2018,"16090",12
2019,"16090",6
2020,"16090",6
2021,"16090",6
2022,"16090",5
2023,"16090",6
2024,"16090",8
2025,"16090",7
2011,"16091",3.87736466821886
2012,"16091",5.81604700232829
2013,"16091",3.87736466821886
2014,"16091",5.81604700232829
2015,"16091",5
2016,"16091",2
2017,"16091",8
2018,"16091",9
2019,"16091",7
2020,"16091",7
2021,"16091",16
2022,"16091",8
2023,"16091",5
2024,"16091",3
2025,"16091",9
2011,"16092",10.6627528376019
2012,"16092",4.84670583527357
2013,"16092",9.69341167054715
2014,"16092",1.93868233410943
2015,"16092",7
2016,"16092",8
2017,"16092",5
2018,"16092",3
2019,"16092",5
2020,"16092",4
2021,"16092",4
2022,"16092",6
2023,"16092",3
2024,"16092",2
2025,"16092",5
2011,"16093",8.72407050349243
2012,"16093",9.69341167054715
2013,"16093",4.84670583527357
2014,"16093",6.785388169383
2015,"16093",5
2016,"16093",7
2017,"16093",10
2018,"16093",2
2019,"16093",4
2020,"16093",5
2021,"16093",10
2022,"16093",3
2023,"16093",9
2024,"16093",6
2025,"16093",6
2011,"16094",4.84670583527357
2012,"16094",3.87736466821886
2013,"16094",6.785388169383
2014,"16094",4.84670583527357
2015,"16094",2
2016,"16094",1
2017,"16094",5
2018,"16094",3
2019,"16094",2
2020,"16094",4
2021,"16094",3
2022,"16094",3
2023,"16094",6
2024,"16094",3
2025,"16094",3
2011,"16095",4.84670583527357
2012,"16095",5.81604700232829
2013,"16095",3.87736466821886
2014,"16095",10.6627528376019
2015,"16095",7
2016,"16095",4
2017,"16095",7
2018,"16095",7
2019,"16095",9
2020,"16095",8
2021,"16095",13
2022,"16095",7
2023,"16095",3
2024,"16095",3
2025,"16095",6
2011,"16096",2.90802350116414
2012,"16096",0.969341167054715
2013,"16096",4.84670583527357
2014,"16096",11.6320940046566
2015,"16096",6
2016,"16096",3
2017,"16096",6
2018,"16096",4
2019,"16096",0
2020,"16096",4
2021,"16096",0
2022,"16096",2
2023,"16096",5
2024,"16096",5
2025,"16096",1
2011,"16097",6.785388169383
2012,"16097",14.5401175058207
2013,"16097",7.75472933643772
2014,"16097",10.6627528376019
2015,"16097",8
2016,"16097",18
2017,"16097",13
2018,"16097",13
2019,"16097",17
2020,"16097",15
2021,"16097",9
2022,"16097",16
2023,"16097",5
2024,"16097",11
2025,"16097",7
2011,"16098",7.75472933643772
2012,"16098",10.6627528376019
2013,"16098",12.6014351717113
2014,"16098",20.356164508149
2015,"16098",3
2016,"16098",6
2017,"16098",10
2018,"16098",10
2019,"16098",4
2020,"16098",8
2021,"16098",8
2022,"16098",12
2023,"16098",11
2024,"16098",7
2025,"16098",5
2011,"16099",8.72407050349243
2012,"16099",14.5401175058207
2013,"16099",5.81604700232829
2014,"16099",7.75472933643772
2015,"16099",8
2016,"16099",7
2017,"16099",6
2018,"16099",6
2019,"16099",9
2020,"16099",6
2021,"16099",3
2022,"16099",4
2023,"16099",6
2024,"16099",5
2025,"16099",3
2011,"16100",5.81604700232829
2012,"16100",9.69341167054715
2013,"16100",3.87736466821886
2014,"16100",10.6627528376019
2015,"16100",3
2016,"16100",1
2017,"16100",2
2018,"16100",8
2019,"16100",8
2020,"16100",5
2021,"16100",3
2022,"16100",2
2023,"16100",3
2024,"16100",4
2025,"16100",2
2011,"16101",3.87736466821886
2012,"16101",2.90802350116414
2013,"16101",1.93868233410943
2014,"16101",8.72407050349243
2015,"16101",8
2016,"16101",12
2017,"16101",6
2018,"16101",9
2019,"16101",4
2020,"16101",6
2021,"16101",7
2022,"16101",10
2023,"16101",4
2024,"16101",3
2025,"16101",6
2011,"16102",154.1252455617
2012,"16102",156.063927895809
2013,"16102",212.285715584983
2014,"16102",201.622962747381
2015,"16102",171
2016,"16102",178
2017,"16102",145
2018,"16102",193
2019,"16102",313
2020,"16102",251
2021,"16102",320
2022,"16102",297
2023,"16102",258
2024,"16102",248
2025,"16102",199
2011,"16103",13.570776338766
2012,"16103",12.6014351717113
2013,"16103",9.69341167054715
2014,"16103",12.6014351717113
2015,"16103",9
2016,"16103",12
2017,"16103",17
2018,"16103",25
2019,"16103",22
2020,"16103",15
2021,"16103",8
2022,"16103",19
2023,"16103",22
2024,"16103",9
2025,"16103",12
2011,"16104",3.87736466821886
2012,"16104",12.6014351717113
2013,"16104",7.75472933643772
2014,"16104",5.81604700232829
2015,"16104",4
2016,"16104",7
2017,"16104",9
2018,"16104",22
2019,"16104",20
2020,"16104",11
2021,"16104",1
2022,"16104",21
2023,"16104",8
2024,"16104",3
2025,"16104",7
2011,"16105",19.3868233410943
2012,"16105",19.3868233410943
2013,"16105",14.5401175058207
2014,"16105",13.570776338766
2015,"16105",10
2016,"16105",9
2017,"16105",11
2018,"16105",6
2019,"16105",8
2020,"16105",9
2021,"16105",11
2022,"16105",8
2023,"16105",6
2024,"16105",9
2025,"16105",10
2011,"16106",32.9575996798603
2012,"16106",39.7429878492433
2013,"16106",24.2335291763679
2014,"16106",24.2335291763679
2015,"16106",12
2016,"16106",11
2017,"16106",9
2018,"16106",19
2019,"16106",10
2020,"16106",5
2021,"16106",7
2022,"16106",8
2023,"16106",13
2024,"16106",14
2025,"16106",14
2011,"16107",20.356164508149
2012,"16107",26.1722115104773
2013,"16107",34.8962820139697
2014,"16107",31.0189173457509
2015,"16107",25
2016,"16107",17
2017,"16107",28
2018,"16107",37
2019,"16107",17
2020,"16107",19
2021,"16107",26
2022,"16107",28
2023,"16107",24
2024,"16107",19
2025,"16107",8
2011,"16108",95.9647755384168
2012,"16108",70.7619051949942
2013,"16108",82.3939991996508
2014,"16108",86.2713638678696
2015,"16108",121
2016,"16108",162
2017,"16108",133
2018,"16108",135
2019,"16108",200
2020,"16108",403
2021,"16108",447
2022,"16108",371
2023,"16108",258
2024,"16108",232
2025,"16108",213
2011,"16109",0
2012,"16109",3.87736466821886
2013,"16109",1.93868233410943
2014,"16109",1.93868233410943
2015,"16109",5
2016,"16109",1
2017,"16109",3
2018,"16109",2
2019,"16109",1
2020,"16109",1
2021,"16109",1
2022,"16109",1
2023,"16109",0
2024,"16109",0
2025,"16109",2
2011,"16110",36.8349643480792
2012,"16110",34.8962820139697
2013,"16110",31.9882585128056
2014,"16110",34.8962820139697
2015,"16110",14
2016,"16110",28
2017,"16110",17
2018,"16110",45
2019,"16110",33
2020,"16110",39
2021,"16110",24
2022,"16110",40
2023,"16110",40
2024,"16110",33
2025,"16110",18
2011,"16111",5.81604700232829
2012,"16111",7.75472933643772
2013,"16111",16.4787998399302
2014,"16111",5.81604700232829
2015,"16111",8
2016,"16111",18
2017,"16111",13
2018,"16111",13
2019,"16111",26
2020,"16111",23
2021,"16111",17
2022,"16111",18
2023,"16111",14
2024,"16111",17
2025,"16111",16
2011,"16112",83.3633403667055
2012,"16112",68.8232228608847
2013,"16112",42.6510113504075
2014,"16112",82.3939991996508
2015,"16112",53
2016,"16112",53
2017,"16112",47
2018,"16112",36
2019,"16112",46
2020,"16112",65
2021,"16112",98
2022,"16112",91
2023,"16112",41
2024,"16112",47
2025,"16112",52
2011,"16113",8.72407050349243
2012,"16113",1.93868233410943
2013,"16113",9.69341167054715
2014,"16113",9.69341167054715
2015,"16113",8
2016,"16113",7
2017,"16113",6
2018,"16113",13
2019,"16113",23
2020,"16113",22
2021,"16113",30
2022,"16113",10
2023,"16113",8
2024,"16113",10
2025,"16113",3
2011,"17001",1.93868233410943
2012,"17001",6.785388169383
2013,"17001",9.69341167054715
2014,"17001",9.69341167054715
2015,"17001",9
2016,"17001",22
2017,"17001",7
2018,"17001",17
2019,"17001",20
2020,"17001",32
2021,"17001",18
2022,"17001",33
2023,"17001",7
2024,"17001",11
2025,"17001",15
2011,"17002",0.969341167054715
2012,"17002",11.6320940046566
2013,"17002",16.4787998399302
2014,"17002",7.75472933643772
2015,"17002",15
2016,"17002",17
2017,"17002",16
2018,"17002",19
2019,"17002",15
2020,"17002",11
2021,"17002",11
2022,"17002",18
2023,"17002",25
2024,"17002",33
2025,"17002",14
2011,"17003",11.6320940046566
2012,"17003",12.6014351717113
2013,"17003",14.5401175058207
2014,"17003",9.69341167054715
2015,"17003",15
2016,"17003",18
2017,"17003",23
2018,"17003",14
2019,"17003",22
2020,"17003",25
2021,"17003",11
2022,"17003",38
2023,"17003",45
2024,"17003",37
2025,"17003",15
2011,"17004",30.0495761786962
2012,"17004",20.356164508149
2013,"17004",19.3868233410943
2014,"17004",13.570776338766
2015,"17004",19
2016,"17004",29
2017,"17004",27
2018,"17004",43
2019,"17004",41
2020,"17004",29
2021,"17004",35
2022,"17004",56
2023,"17004",69
2024,"17004",56
2025,"17004",43
2011,"17005",2.90802350116414
2012,"17005",2.90802350116414
2013,"17005",4.84670583527357
2014,"17005",1.93868233410943
2015,"17005",4
2016,"17005",13
2017,"17005",7
2018,"17005",4
2019,"17005",16
2020,"17005",7
2021,"17005",6
2022,"17005",21
2023,"17005",20
2024,"17005",16
2025,"17005",15
2011,"17006",117.29028121362
2012,"17006",169.634704234575
2013,"17006",142.493151557043
2014,"17006",147.339857392317
2015,"17006",106
2016,"17006",84
2017,"17006",77
2018,"17006",103
2019,"17006",108
2020,"17006",82
2021,"17006",123
2022,"17006",145
2023,"17006",237
2024,"17006",197
2025,"17006",142
2011,"17007",363.502937645518
2012,"17007",439.111548675786
2013,"17007",298.557079452852
2014,"17007",205.5003274156
2015,"17007",199
2016,"17007",156
2017,"17007",117
2018,"17007",162
2019,"17007",218
2020,"17007",192
2021,"17007",256
2022,"17007",238
2023,"17007",285
2024,"17007",294
2025,"17007",254
2011,"17008",39.7429878492433
2012,"17008",20.356164508149
2013,"17008",39.7429878492433
2014,"17008",26.1722115104773
2015,"17008",23
2016,"17008",31
2017,"17008",31
2018,"17008",41
2019,"17008",63
2020,"17008",63
2021,"17008",51
2022,"17008",70
2023,"17008",94
2024,"17008",93
2025,"17008",88
2011,"17009",0.969341167054715
2012,"17009",13.570776338766
2013,"17009",8.72407050349243
2014,"17009",17.4481410069849
2015,"17009",26
2016,"17009",15
2017,"17009",23
2018,"17009",29
2019,"17009",30
2020,"17009",26
2021,"17009",29
2022,"17009",32
2023,"17009",26
2024,"17009",43
2025,"17009",48
2011,"17010",0.969341167054715
2012,"17010",5.81604700232829
2013,"17010",6.785388169383
2014,"17010",9.69341167054715
2015,"17010",2
2016,"17010",8
2017,"17010",12
2018,"17010",18
2019,"17010",14
2020,"17010",12
2021,"17010",10
2022,"17010",12
2023,"17010",14
2024,"17010",20
2025,"17010",18
2011,"17011",31.0189173457509
2012,"17011",60.0991523573923
2013,"17011",85.3020227008149
2014,"17011",45.5590348515716
2015,"17011",38
2016,"17011",40
2017,"17011",73
2018,"17011",58
2019,"17011",92
2020,"17011",88
2021,"17011",100
2022,"17011",77
2023,"17011",96
2024,"17011",130
2025,"17011",88
2011,"17012",69.7925640279395
2012,"17012",106.627528376019
2013,"17012",70.7619051949942
2014,"17012",48.4670583527357
2015,"17012",38
2016,"17012",27
2017,"17012",28
2018,"17012",56
2019,"17012",44
2020,"17012",26
2021,"17012",53
2022,"17012",34
2023,"17012",65
2024,"17012",65
2025,"17012",48
2011,"17013",1.93868233410943
2012,"17013",32.9575996798603
2013,"17013",10.6627528376019
2014,"17013",13.570776338766
2015,"17013",9
2016,"17013",8
2017,"17013",5
2018,"17013",9
2019,"17013",3
2020,"17013",9
2021,"17013",3
2022,"17013",8
2023,"17013",15
2024,"17013",9
2025,"17013",10
2011,"17014",1.93868233410943
2012,"17014",5.81604700232829
2013,"17014",3.87736466821886
2014,"17014",0.969341167054715
2015,"17014",5
2016,"17014",11
2017,"17014",10
2018,"17014",12
2019,"17014",15
2020,"17014",7
2021,"17014",6
2022,"17014",6
2023,"17014",1
2024,"17014",10
2025,"17014",18
2011,"17015",26.1722115104773
2012,"17015",14.5401175058207
2013,"17015",16.4787998399302
2014,"17015",12.6014351717113
2015,"17015",12
2016,"17015",31
2017,"17015",26
2018,"17015",28
2019,"17015",30
2020,"17015",12
2021,"17015",11
2022,"17015",16
2023,"17015",7
2024,"17015",17
2025,"17015",13
2011,"17016",1.93868233410943
2012,"17016",5.81604700232829
2013,"17016",5.81604700232829
2014,"17016",2.90802350116414
2015,"17016",3
2016,"17016",4
2017,"17016",5
2018,"17016",8
2019,"17016",4
2020,"17016",3
2021,"17016",5
2022,"17016",5
2023,"17016",10
2024,"17016",2
2025,"17016",0
2011,"17017",54.283105355064
2012,"17017",74.639269863213
2013,"17017",68.8232228608847
2014,"17017",45.5590348515716
2015,"17017",42
2016,"17017",58
2017,"17017",52
2018,"17017",45
2019,"17017",71
2020,"17017",48
2021,"17017",57
2022,"17017",40
2023,"17017",33
2024,"17017",58
2025,"17017",54
2011,"17018",54.283105355064
2012,"17018",63.9765170256112
2013,"17018",54.283105355064
2014,"17018",33.926940846915
2015,"17018",52
2016,"17018",47
2017,"17018",43
2018,"17018",61
2019,"17018",82
2020,"17018",84
2021,"17018",90
2022,"17018",79
2023,"17018",106
2024,"17018",103
2025,"17018",117
2011,"17019",0.969341167054715
2012,"17019",7.75472933643772
2013,"17019",0.969341167054715
2014,"17019",2.90802350116414
2015,"17019",5
2016,"17019",8
2017,"17019",4
2018,"17019",6
2019,"17019",7
2020,"17019",7
2021,"17019",12
2022,"17019",9
2023,"17019",13
2024,"17019",18
2025,"17019",18
2011,"17020",2.90802350116414
2012,"17020",19.3868233410943
2013,"17020",16.4787998399302
2014,"17020",14.5401175058207
2015,"17020",24
2016,"17020",13
2017,"17020",23
2018,"17020",25
2019,"17020",24
2020,"17020",35
2021,"17020",42
2022,"17020",50
2023,"17020",41
2024,"17020",51
2025,"17020",50
2011,"17021",0.969341167054715
2012,"17021",15.5094586728754
2013,"17021",2.90802350116414
2014,"17021",12.6014351717113
2015,"17021",4
2016,"17021",8
2017,"17021",3
2018,"17021",10
2019,"17021",17
2020,"17021",8
2021,"17021",15
2022,"17021",8
2023,"17021",18
2024,"17021",7
2025,"17021",17
2011,"17022",0.969341167054715
2012,"17022",4.84670583527357
2013,"17022",3.87736466821886
2014,"17022",2.90802350116414
2015,"17022",3
2016,"17022",5
2017,"17022",2
2018,"17022",4
2019,"17022",2
2020,"17022",0
2021,"17022",2
2022,"17022",1
2023,"17022",3
2024,"17022",0
2025,"17022",3
2011,"17023",0
2012,"17023",2.90802350116414
2013,"17023",3.87736466821886
2014,"17023",1.93868233410943
2015,"17023",1
2016,"17023",2
2017,"17023",1
2018,"17023",1
2019,"17023",1
2020,"17023",4
2021,"17023",6
2022,"17023",3
2023,"17023",7
2024,"17023",3
2025,"17023",12
2011,"17024",5.81604700232829
2012,"17024",51.3750818538999
2013,"17024",42.6510113504075
2014,"17024",24.2335291763679
2015,"17024",25
2016,"17024",15
2017,"17024",33
2018,"17024",35
2019,"17024",29
2020,"17024",35
2021,"17024",46
2022,"17024",40
2023,"17024",38
2024,"17024",31
2025,"17024",27
2011,"17025",5.81604700232829
2012,"17025",16.4787998399302
2013,"17025",13.570776338766
2014,"17025",4.84670583527357
2015,"17025",12
2016,"17025",15
2017,"17025",20
2018,"17025",23
2019,"17025",14
2020,"17025",20
2021,"17025",32
2022,"17025",33
2023,"17025",24
2024,"17025",18
2025,"17025",21
2011,"17026",0
2012,"17026",7.75472933643772
2013,"17026",13.570776338766
2014,"17026",6.785388169383
2015,"17026",8
2016,"17026",11
2017,"17026",11
2018,"17026",10
2019,"17026",7
2020,"17026",10
2021,"17026",16
2022,"17026",18
2023,"17026",16
2024,"17026",23
2025,"17026",18
2011,"17027",0
2012,"17027",3.87736466821886
2013,"17027",5.81604700232829
2014,"17027",0
2015,"17027",4
2016,"17027",3
2017,"17027",5
2018,"17027",2
2019,"17027",0
2020,"17027",2
2021,"17027",2
2022,"17027",1
2023,"17027",12
2024,"17027",7
2025,"17027",6
2011,"17028",37.8043055151339
2012,"17028",34.8962820139697
2013,"17028",54.283105355064
2014,"17028",25.2028703434226
2015,"17028",36
2016,"17028",44
2017,"17028",39
2018,"17028",52
2019,"17028",62
2020,"17028",54
2021,"17028",83
2022,"17028",53
2023,"17028",52
2024,"17028",78
2025,"17028",44
2011,"17029",90.1487285360885
2012,"17029",91.1180697031432
2013,"17029",66.8845405267753
2014,"17029",59.1298111903376
2015,"17029",59
2016,"17029",59
2017,"17029",60
2018,"17029",49
2019,"17029",62
2020,"17029",70
2021,"17029",118
2022,"17029",121
2023,"17029",117
2024,"17029",111
2025,"17029",77
2011,"17030",7.75472933643772
2012,"17030",26.1722115104773
2013,"17030",23.2641880093132
2014,"17030",12.6014351717113
2015,"17030",28
2016,"17030",17
2017,"17030",20
2018,"17030",22
2019,"17030",15
2020,"17030",8
2021,"17030",37
2022,"17030",32
2023,"17030",37
2024,"17030",29
2025,"17030",41
2011,"17031",0.969341167054715
2012,"17031",22.2948468422584
2013,"17031",14.5401175058207
2014,"17031",9.69341167054715
2015,"17031",20
2016,"17031",10
2017,"17031",17
2018,"17031",25
2019,"17031",23
2020,"17031",15
2021,"17031",26
2022,"17031",19
2023,"17031",27
2024,"17031",23
2025,"17031",18
2011,"17032",0
2012,"17032",3.87736466821886
2013,"17032",0
2014,"17032",0
2015,"17032",0
2016,"17032",0
2017,"17032",0
2018,"17032",0
2019,"17032",2
2020,"17032",0
2021,"17032",0
2022,"17032",3
2023,"17032",1
2024,"17032",1
2025,"17032",1
2011,"17033",1.93868233410943
2012,"17033",2.90802350116414
2013,"17033",1.93868233410943
2014,"17033",3.87736466821886
2015,"17033",5
2016,"17033",4
2017,"17033",8
2018,"17033",9
2019,"17033",9
2020,"17033",9
2021,"17033",5
2022,"17033",9
2023,"17033",9
2024,"17033",4
2025,"17033",4
2021,"17034",1
2022,"17034",6
2023,"17034",12
2024,"17034",7
2025,"17034",12
2021,"17035",5
2022,"17035",15
2023,"17035",12
2024,"17035",22
2025,"17035",15
2021,"17036",0
2022,"17036",1
2023,"17036",0
2024,"17036",0
2025,"17036",2
2011,"18001",40.712329016298
2012,"18001",25.2028703434226
2013,"18001",19.3868233410943
2014,"18001",7.75472933643772
2015,"18001",6
2016,"18001",3
2017,"18001",5
2018,"18001",18
2019,"18001",11
2020,"18001",14
2021,"18001",18
2022,"18001",15
2023,"18001",21
2024,"18001",15
2025,"18001",24
2011,"18002",7.75472933643772
2012,"18002",13.570776338766
2013,"18002",10.6627528376019
2014,"18002",7.75472933643772
2015,"18002",5
2016,"18002",2
2017,"18002",1
2018,"18002",7
2019,"18002",6
2020,"18002",9
2021,"18002",11
2022,"18002",15
2023,"18002",11
2024,"18002",6
2025,"18002",5
2011,"18003",1.93868233410943
2012,"18003",2.90802350116414
2013,"18003",0.969341167054715
2014,"18003",0
2015,"18003",1
2016,"18003",1
2017,"18003",1
2018,"18003",0
2019,"18003",3
2020,"18003",5
2021,"18003",9
2022,"18003",3
2023,"18003",9
2024,"18003",3
2025,"18003",5
2011,"18004",28.1108938445867
2012,"18004",36.8349643480792
2013,"18004",12.6014351717113
2014,"18004",12.6014351717113
2015,"18004",9
2016,"18004",5
2017,"18004",16
2018,"18004",22
2019,"18004",30
2020,"18004",33
2021,"18004",38
2022,"18004",43
2023,"18004",40
2024,"18004",48
2025,"18004",42
2011,"18005",8.72407050349243
2012,"18005",10.6627528376019
2013,"18005",4.84670583527357
2014,"18005",6.785388169383
2015,"18005",7
2016,"18005",0
2017,"18005",4
2018,"18005",11
2019,"18005",7
2020,"18005",11
2021,"18005",8
2022,"18005",6
2023,"18005",7
2024,"18005",38
2025,"18005",23
2011,"18006",15.5094586728754
2012,"18006",6.785388169383
2013,"18006",10.6627528376019
2014,"18006",6.785388169383
2015,"18006",7
2016,"18006",1
2017,"18006",0
2018,"18006",12
2019,"18006",4
2020,"18006",16
2021,"18006",10
2022,"18006",11
2023,"18006",12
2024,"18006",11
2025,"18006",15
2011,"18007",8.72407050349243
2012,"18007",13.570776338766
2013,"18007",7.75472933643772
2014,"18007",1.93868233410943
2015,"18007",3
2016,"18007",2
2017,"18007",0
2018,"18007",10
2019,"18007",9
2020,"18007",4
2021,"18007",3
2022,"18007",11
2023,"18007",5
2024,"18007",8
2025,"18007",12
2011,"18008",36.8349643480792
2012,"18008",10.6627528376019
2013,"18008",14.5401175058207
2014,"18008",7.75472933643772
2015,"18008",8
2016,"18008",1
2017,"18008",19
2018,"18008",39
2019,"18008",18
2020,"18008",12
2021,"18008",10
2022,"18008",12
2023,"18008",6
2024,"18008",6
2025,"18008",7
2011,"18009",31.9882585128056
2012,"18009",21.3255056752037
2013,"18009",20.356164508149
2014,"18009",15.5094586728754
2015,"18009",9
2016,"18009",4
2017,"18009",6
2018,"18009",34
2019,"18009",19
2020,"18009",20
2021,"18009",40
2022,"18009",25
2023,"18009",26
2024,"18009",26
2025,"18009",24
2011,"18010",27.141552677532
2012,"18010",16.4787998399302
2013,"18010",21.3255056752037
2014,"18010",5.81604700232829
2015,"18010",4
2016,"18010",2
2017,"18010",3
2018,"18010",23
2019,"18010",23
2020,"18010",13
2021,"18010",24
2022,"18010",22
2023,"18010",25
2024,"18010",30
2025,"18010",21
2011,"18011",32.9575996798603
2012,"18011",24.2335291763679
2013,"18011",22.2948468422584
2014,"18011",21.3255056752037
2015,"18011",6
2016,"18011",3
2017,"18011",1
2018,"18011",10
2019,"18011",4
2020,"18011",7
2021,"18011",12
2022,"18011",11
2023,"18011",10
2024,"18011",9
2025,"18011",13
2011,"18012",19.3868233410943
2012,"18012",17.4481410069849
2013,"18012",7.75472933643772
2014,"18012",1.93868233410943
2015,"18012",2
2016,"18012",1
2017,"18012",18
2018,"18012",11
2019,"18012",11
2020,"18012",10
2021,"18012",14
2022,"18012",12
2023,"18012",15
2024,"18012",19
2025,"18012",27
2011,"18013",0
2012,"18013",0.969341167054715
2013,"18013",1.93868233410943
2014,"18013",3.87736466821886
2015,"18013",0
2016,"18013",1
2017,"18013",2
2018,"18013",2
2019,"18013",4
2020,"18013",5
2021,"18013",2
2022,"18013",2
2023,"18013",3
2024,"18013",3
2025,"18013",2
2011,"18014",28.1108938445867
2012,"18014",22.2948468422584
2013,"18014",5.81604700232829
2014,"18014",2.90802350116414
2015,"18014",1
2016,"18014",1
2017,"18014",4
2018,"18014",5
2019,"18014",3
2020,"18014",4
2021,"18014",20
2022,"18014",18
2023,"18014",15
2024,"18014",8
2025,"18014",10
2011,"18015",44.5896936845169
2012,"18015",31.0189173457509
2013,"18015",14.5401175058207
2014,"18015",11.6320940046566
2015,"18015",10
2016,"18015",5
2017,"18015",8
2018,"18015",17
2019,"18015",9
2020,"18015",20
2021,"18015",29
2022,"18015",23
2023,"18015",34
2024,"18015",29
2025,"18015",30
2011,"18016",18.4174821740396
2012,"18016",17.4481410069849
2013,"18016",10.6627528376019
2014,"18016",15.5094586728754
2015,"18016",12
2016,"18016",3
2017,"18016",5
2018,"18016",23
2019,"18016",6
2020,"18016",8
2021,"18016",13
2022,"18016",20
2023,"18016",14
2024,"18016",22
2025,"18016",14
2011,"18017",274.323550276484
2012,"18017",101.780822540745
2013,"18017",49.4363995197904
2014,"18017",42.6510113504075
2015,"18017",43
2016,"18017",39
2017,"18017",177
2018,"18017",159
2019,"18017",61
2020,"18017",46
2021,"18017",53
2022,"18017",52
2023,"18017",56
2024,"18017",48
2025,"18017",73
2011,"18018",20.356164508149
2012,"18018",10.6627528376019
2013,"18018",3.87736466821886
2014,"18018",0.969341167054715
2015,"18018",3
2016,"18018",1
2017,"18018",2
2018,"18018",3
2019,"18018",3
2020,"18018",7
2021,"18018",5
2022,"18018",3
2023,"18018",5
2024,"18018",1
2025,"18018",8
2011,"18019",5.81604700232829
2012,"18019",4.84670583527357
2013,"18019",8.72407050349243
2014,"18019",0.969341167054715
2015,"18019",0
2016,"18019",0
2017,"18019",0
2018,"18019",0
2019,"18019",3
2020,"18019",3
2021,"18019",1
2022,"18019",2
2023,"18019",1
2024,"18019",2
2025,"18019",8
2011,"18020",37.8043055151339
2012,"18020",39.7429878492433
2013,"18020",18.4174821740396
2014,"18020",10.6627528376019
2015,"18020",11
2016,"18020",9
2017,"18020",17
2018,"18020",40
2019,"18020",36
2020,"18020",61
2021,"18020",55
2022,"18020",46
2023,"18020",51
2024,"18020",54
2025,"18020",56
2011,"19001",2.90802350116414
2012,"19001",2.90802350116414
2013,"19001",0.969341167054715
2014,"19001",0
2015,"19001",3
2016,"19001",1
2017,"19001",0
2018,"19001",1
2019,"19001",3
2020,"19001",1
2021,"19001",2
2022,"19001",2
2023,"19001",11
2024,"19001",0
2025,"19001",1
2011,"19002",10.6627528376019
2012,"19002",0
2013,"19002",1.93868233410943
2014,"19002",4.84670583527357
2015,"19002",3
2016,"19002",0
2017,"19002",3
2018,"19002",2
2019,"19002",1
2020,"19002",6
2021,"19002",2
2022,"19002",1
2023,"19002",1
2024,"19002",0
2025,"19002",0
2011,"19003",7.75472933643772
2012,"19003",3.87736466821886
2013,"19003",0
2014,"19003",0.969341167054715
2015,"19003",2
2016,"19003",0
2017,"19003",1
2018,"19003",0
2019,"19003",1
2020,"19003",1
2021,"19003",5
2022,"19003",1
2023,"19003",3
2024,"19003",1
2025,"19003",1
2011,"19004",37.8043055151339
2012,"19004",14.5401175058207
2013,"19004",6.785388169383
2014,"19004",14.5401175058207
2015,"19004",10
2016,"19004",13
2017,"19004",14
2018,"19004",6
2019,"19004",9
2020,"19004",3
2021,"19004",10
2022,"19004",12
2023,"19004",17
2024,"19004",19
2025,"19004",18
2011,"19005",9.69341167054715
2012,"19005",9.69341167054715
2013,"19005",14.5401175058207
2014,"19005",8.72407050349243
2015,"19005",17
2016,"19005",6
2017,"19005",17
2018,"19005",16
2019,"19005",9
2020,"19005",12
2021,"19005",10
2022,"19005",20
2023,"19005",18
2024,"19005",13
2025,"19005",10
2011,"19006",160.910633731083
2012,"19006",166.726680733411
2013,"19006",105.658187208964
2014,"19006",74.639269863213
2015,"19006",65
2016,"19006",89
2017,"19006",81
2018,"19006",93
2019,"19006",100
2020,"19006",99
2021,"19006",163
2022,"19006",120
2023,"19006",124
2024,"19006",143
2025,"19006",98
2011,"19007",7.75472933643772
2012,"19007",5.81604700232829
2013,"19007",1.93868233410943
2014,"19007",0.969341167054715
2015,"19007",8
2016,"19007",5
2017,"19007",3
2018,"19007",7
2019,"19007",3
2020,"19007",4
2021,"19007",4
2022,"19007",3
2023,"19007",4
2024,"19007",6
2025,"19007",4
2011,"19008",2.90802350116414
2012,"19008",0.969341167054715
2013,"19008",0
2014,"19008",0
2015,"19008",1
2016,"19008",0
2017,"19008",1
2018,"19008",0
2019,"19008",0
2020,"19008",5
2021,"19008",0
2022,"19008",0
2023,"19008",0
2024,"19008",1
2025,"19008",1
2011,"19009",130.861057552386
2012,"19009",170.60404540163
2013,"19009",37.8043055151339
2014,"19009",41.6816701833527
2015,"19009",42
2016,"19009",46
2017,"19009",69
2018,"19009",45
2019,"19009",67
2020,"19009",66
2021,"19009",74
2022,"19009",83
2023,"19009",37
2024,"19009",41
2025,"19009",27
2011,"19010",18.4174821740396
2012,"19010",4.84670583527357
2013,"19010",2.90802350116414
2014,"19010",8.72407050349243
2015,"19010",9
2016,"19010",10
2017,"19010",12
2018,"19010",16
2019,"19010",24
2020,"19010",11
2021,"19010",27
2022,"19010",43
2023,"19010",42
2024,"19010",34
2025,"19010",25
2011,"19011",2.90802350116414
2012,"19011",14.5401175058207
2013,"19011",1.93868233410943
2014,"19011",0.969341167054715
2015,"19011",2
2016,"19011",2
2017,"19011",4
2018,"19011",6
2019,"19011",3
2020,"19011",1
2021,"19011",10
2022,"19011",4
2023,"19011",6
2024,"19011",3
2025,"19011",2
2011,"19012",21.3255056752037
2012,"19012",24.2335291763679
2013,"19012",30.0495761786962
2014,"19012",16.4787998399302
2015,"19012",16
2016,"19012",29
2017,"19012",29
2018,"19012",34
2019,"19012",43
2020,"19012",52
2021,"19012",56
2022,"19012",91
2023,"19012",62
2024,"19012",56
2025,"19012",26
2011,"19013",27.141552677532
2012,"19013",8.72407050349243
2013,"19013",7.75472933643772
2014,"19013",7.75472933643772
2015,"19013",13
2016,"19013",16
2017,"19013",10
2018,"19013",9
2019,"19013",7
2020,"19013",7
2021,"19013",14
2022,"19013",17
2023,"19013",8
2024,"19013",11
2025,"19013",4
2011,"19014",22.2948468422584
2012,"19014",26.1722115104773
2013,"19014",32.9575996798603
2014,"19014",22.2948468422584
2015,"19014",13
2016,"19014",26
2017,"19014",21
2018,"19014",18
2019,"19014",14
2020,"19014",15
2021,"19014",20
2022,"19014",23
2023,"19014",30
2024,"19014",18
2025,"19014",25
2011,"19015",2.90802350116414
2012,"19015",0
2013,"19015",1.93868233410943
2014,"19015",1.93868233410943
2015,"19015",0
2016,"19015",2
2017,"19015",1
2018,"19015",1
2019,"19015",1
2020,"19015",23
2021,"19015",15
2022,"19015",4
2023,"19015",14
2024,"19015",17
2025,"19015",2
2011,"19016",3.87736466821886
2012,"19016",0
2013,"19016",0.969341167054715
2014,"19016",0.969341167054715
2015,"19016",4
2016,"19016",3
2017,"19016",1
2018,"19016",7
2019,"19016",3
2020,"19016",2
2021,"19016",4
2022,"19016",3
2023,"19016",2
2024,"19016",5
2025,"19016",3
2011,"19017",28.1108938445867
2012,"19017",24.2335291763679
2013,"19017",27.141552677532
2014,"19017",20.356164508149
2015,"19017",31
2016,"19017",31
2017,"19017",25
2018,"19017",32
2019,"19017",34
2020,"19017",16
2021,"19017",47
2022,"19017",24
2023,"19017",33
2024,"19017",54
2025,"19017",23
2011,"19018",28.1108938445867
2012,"19018",49.4363995197904
2013,"19018",51.3750818538999
2014,"19018",39.7429878492433
2015,"19018",45
2016,"19018",53
2017,"19018",50
2018,"19018",68
2019,"19018",92
2020,"19018",72
2021,"19018",97
2022,"19018",133
2023,"19018",148
2024,"19018",221
2025,"19018",117
2011,"19019",24.2335291763679
2012,"19019",23.2641880093132
2013,"19019",12.6014351717113
2014,"19019",19.3868233410943
2015,"19019",19
2016,"19019",25
2017,"19019",28
2018,"19019",19
2019,"19019",21
2020,"19019",16
2021,"19019",20
2022,"19019",7
2023,"19019",25
2024,"19019",14
2025,"19019",7
2011,"19020",7.75472933643772
2012,"19020",12.6014351717113
2013,"19020",0.969341167054715
2014,"19020",9.69341167054715
2015,"19020",13
2016,"19020",10
2017,"19020",10
2018,"19020",9
2019,"19020",5
2020,"19020",10
2021,"19020",12
2022,"19020",10
2023,"19020",13
2024,"19020",8
2025,"19020",9
2011,"19021",111.474234211292
2012,"19021",102.7501637078
2013,"19021",67.85388169383
2014,"19021",56.2217876891735
2015,"19021",69
2016,"19021",49
2017,"19021",93
2018,"19021",90
2019,"19021",101
2020,"19021",88
2021,"19021",150
2022,"19021",160
2023,"19021",112
2024,"19021",126
2025,"19021",86
2011,"19022",18.4174821740396
2012,"19022",5.81604700232829
2013,"19022",2.90802350116414
2014,"19022",1.93868233410943
2015,"19022",7
2016,"19022",7
2017,"19022",4
2018,"19022",6
2019,"19022",3
2020,"19022",5
2021,"19022",6
2022,"19022",6
2023,"19022",13
2024,"19022",13
2025,"19022",5
2011,"19023",1.93868233410943
2012,"19023",0
2013,"19023",0
2014,"19023",0.969341167054715
2015,"19023",2
2016,"19023",0
2017,"19023",1
2018,"19023",1
2019,"19023",3
2020,"19023",1
2021,"19023",5
2022,"19023",2
2023,"19023",1
2024,"19023",0
2025,"19023",0
2011,"19024",0.969341167054715
2012,"19024",0
2013,"19024",0.969341167054715
2014,"19024",2.90802350116414
2015,"19024",1
2016,"19024",1
2017,"19024",0
2018,"19024",0
2019,"19024",0
2020,"19024",3
2021,"19024",1
2022,"19024",1
2023,"19024",0
2024,"19024",5
2025,"19024",2
2011,"19025",6.785388169383
2012,"19025",2.90802350116414
2013,"19025",2.90802350116414
2014,"19025",6.785388169383
2015,"19025",8
2016,"19025",11
2017,"19025",2
2018,"19025",10
2019,"19025",19
2020,"19025",15
2021,"19025",18
2022,"19025",33
2023,"19025",31
2024,"19025",52
2025,"19025",18
2011,"19026",289.83300894936
2012,"19026",125.045010550058
2013,"19026",96.9341167054715
2014,"19026",67.85388169383
2015,"19026",65
2016,"19026",103
2017,"19026",91
2018,"19026",94
2019,"19026",124
2020,"19026",113
2021,"19026",128
2022,"19026",168
2023,"19026",186
2024,"19026",186
2025,"19026",98
2011,"19027",0.969341167054715
2012,"19027",6.785388169383
2013,"19027",0
2014,"19027",1.93868233410943
2015,"19027",1
2016,"19027",1
2017,"19027",1
2018,"19027",0
2019,"19027",0
2020,"19027",0
2021,"19027",1
2022,"19027",7
2023,"19027",4
2024,"19027",0
2025,"19027",1
2011,"19028",0.969341167054715
2012,"19028",0
2013,"19028",0
2014,"19028",0.969341167054715
2015,"19028",0
2016,"19028",0
2017,"19028",1
2018,"19028",0
2019,"19028",0
2020,"19028",0
2021,"19028",0
2022,"19028",1
2023,"19028",2
2024,"19028",1
2025,"19028",0
2011,"19029",6.785388169383
2012,"19029",2.90802350116414
2013,"19029",0
2014,"19029",0.969341167054715
2015,"19029",2
2016,"19029",6
2017,"19029",4
2018,"19029",4
2019,"19029",1
2020,"19029",2
2021,"19029",2
2022,"19029",10
2023,"19029",4
2024,"19029",7
2025,"19029",3
2011,"19030",0
2012,"19030",0.969341167054715
2013,"19030",0
2014,"19030",0.969341167054715
2015,"19030",0
2016,"19030",1
2017,"19030",1
2018,"19030",0
2019,"19030",2
2020,"19030",0
2021,"19030",1
2022,"19030",1
2023,"19030",3
2024,"19030",2
2025,"19030",4
2011,"19031",88.210046201979
2012,"19031",114.382257712456
2013,"19031",53.3137641880093
2014,"19031",48.4670583527357
2015,"19031",51
2016,"19031",47
2017,"19031",46
2018,"19031",86
2019,"19031",108
2020,"19031",123
2021,"19031",107
2022,"19031",152
2023,"19031",200
2024,"19031",189
2025,"19031",85
2011,"19032",6.785388169383
2012,"19032",6.785388169383
2013,"19032",0
2014,"19032",3.87736466821886
2015,"19032",1
2016,"19032",7
2017,"19032",3
2018,"19032",3
2019,"19032",2
2020,"19032",7
2021,"19032",3
2022,"19032",2
2023,"19032",5
2024,"19032",2
2025,"19032",0
2011,"19033",32.9575996798603
2012,"19033",26.1722115104773
2013,"19033",19.3868233410943
2014,"19033",13.570776338766
2015,"19033",13
2016,"19033",13
2017,"19033",18
2018,"19033",23
2019,"19033",17
2020,"19033",16
2021,"19033",26
2022,"19033",48
2023,"19033",43
2024,"19033",50
2025,"19033",41
2011,"19034",4.84670583527357
2012,"19034",5.81604700232829
2013,"19034",6.785388169383
2014,"19034",2.90802350116414
2015,"19034",0
2016,"19034",1
2017,"19034",3
2018,"19034",7
2019,"19034",9
2020,"19034",5
2021,"19034",3
2022,"19034",2
2023,"19034",4
2024,"19034",5
2025,"19034",5
2011,"19035",1.93868233410943
2012,"19035",0
2013,"19035",0
2014,"19035",0
2015,"19035",0
2016,"19035",0
2017,"19035",2
2018,"19035",1
2019,"19035",0
2020,"19035",0
2021,"19035",0
2022,"19035",0
2023,"19035",0
2024,"19035",0
2025,"19035",2
2011,"19036",0
2012,"19036",0
2013,"19036",0
2014,"19036",0.969341167054715
2015,"19036",4
2016,"19036",1
2017,"19036",2
2018,"19036",0
2019,"19036",3
2020,"19036",0
2021,"19036",2
2022,"19036",2
2023,"19036",2
2024,"19036",2
2025,"19036",2
2011,"19037",4.84670583527357
2012,"19037",8.72407050349243
2013,"19037",20.356164508149
2014,"19037",4.84670583527357
2015,"19037",3
2016,"19037",5
2017,"19037",3
2018,"19037",10
2019,"19037",8
2020,"19037",10
2021,"19037",12
2022,"19037",3
2023,"19037",10
2024,"19037",11
2025,"19037",4
2011,"19038",78.5166345314319
2012,"19038",37.8043055151339
2013,"19038",28.1108938445867
2014,"19038",28.1108938445867
2015,"19038",23
2016,"19038",27
2017,"19038",26
2018,"19038",25
2019,"19038",26
2020,"19038",19
2021,"19038",27
2022,"19038",50
2023,"19038",51
2024,"19038",52
2025,"19038",25
2011,"19039",788.074368815483
2012,"19039",639.765170256112
2013,"19039",357.68689064319
2014,"19039",211.316374417928
2015,"19039",233
2016,"19039",298
2017,"19039",221
2018,"19039",323
2019,"19039",317
2020,"19039",274
2021,"19039",320
2022,"19039",331
2023,"19039",308
2024,"19039",362
2025,"19039",228
2011,"19040",5.81604700232829
2012,"19040",0.969341167054715
2013,"19040",0
2014,"19040",0.969341167054715
2015,"19040",1
2016,"19040",2
2017,"19040",0
2018,"19040",1
2019,"19040",3
2020,"19040",0
2021,"19040",0
2022,"19040",0
2023,"19040",2
2024,"19040",1
2025,"19040",0
2011,"19041",29.0802350116414
2012,"19041",18.4174821740396
2013,"19041",15.5094586728754
2014,"19041",18.4174821740396
2015,"19041",15
2016,"19041",26
2017,"19041",27
2018,"19041",17
2019,"19041",39
2020,"19041",30
2021,"19041",40
2022,"19041",62
2023,"19041",63
2024,"19041",95
2025,"19041",41
2011,"19042",15.5094586728754
2012,"19042",0
2013,"19042",2.90802350116414
2014,"19042",2.90802350116414
2015,"19042",3
2016,"19042",5
2017,"19042",4
2018,"19042",6
2019,"19042",8
2020,"19042",2
2021,"19042",6
2022,"19042",16
2023,"19042",15
2024,"19042",27
2025,"19042",2
2011,"19043",0
2012,"19043",1.93868233410943
2013,"19043",0
2014,"19043",1.93868233410943
2015,"19043",2
2016,"19043",4
2017,"19043",2
2018,"19043",0
2019,"19043",2
2020,"19043",1
2021,"19043",0
2022,"19043",2
2023,"19043",2
2024,"19043",0
2025,"19043",2
2011,"19044",37.8043055151339
2012,"19044",10.6627528376019
2013,"19044",24.2335291763679
2014,"19044",21.3255056752037
2015,"19044",13
2016,"19044",9
2017,"19044",11
2018,"19044",13
2019,"19044",13
2020,"19044",6
2021,"19044",18
2022,"19044",11
2023,"19044",7
2024,"19044",15
2025,"19044",9
2011,"19045",15.5094586728754
2012,"19045",25.2028703434226
2013,"19045",20.356164508149
2014,"19045",25.2028703434226
2015,"19045",19
2016,"19045",24
2017,"19045",29
2018,"19045",31
2019,"19045",45
2020,"19045",31
2021,"19045",35
2022,"19045",38
2023,"19045",54
2024,"19045",33
2025,"19045",33
2011,"19046",140.554469222934
2012,"19046",100.81148137369
2013,"19046",65.9151993597206
2014,"19046",47.497717185681
2015,"19046",32
2016,"19046",57
2017,"19046",34
2018,"19046",55
2019,"19046",77
2020,"19046",58
2021,"19046",72
2022,"19046",72
2023,"19046",76
2024,"19046",91
2025,"19046",59
2011,"19047",2.90802350116414
2012,"19047",9.69341167054715
2013,"19047",3.87736466821886
2014,"19047",2.90802350116414
2015,"19047",2
2016,"19047",3
2017,"19047",6
2018,"19047",5
2019,"19047",5
2020,"19047",11
2021,"19047",1
2022,"19047",6
2023,"19047",13
2024,"19047",3
2025,"19047",4
2011,"19048",64.9458581926659
2012,"19048",66.8845405267753
2013,"19048",54.283105355064
2014,"19048",55.2524465221187
2015,"19048",71
2016,"19048",70
2017,"19048",59
2018,"19048",56
2019,"19048",56
2020,"19048",85
2021,"19048",74
2022,"19048",116
2023,"19048",100
2024,"19048",89
2025,"19048",52
2011,"19049",91.1180697031432
2012,"19049",35.8656231810244
2013,"19049",15.5094586728754
2014,"19049",19.3868233410943
2015,"19049",21
2016,"19049",18
2017,"19049",19
2018,"19049",22
2019,"19049",18
2020,"19049",16
2021,"19049",32
2022,"19049",26
2023,"19049",22
2024,"19049",17
2025,"19049",22
2011,"19050",26.1722115104773
2012,"19050",5.81604700232829
2013,"19050",9.69341167054715
2014,"19050",3.87736466821886
2015,"19050",8
2016,"19050",5
2017,"19050",3
2018,"19050",5
2019,"19050",5
2020,"19050",3
2021,"19050",5
2022,"19050",4
2023,"19050",7
2024,"19050",7
2025,"19050",3
2011,"19051",2.90802350116414
2012,"19051",1.93868233410943
2013,"19051",2.90802350116414
2014,"19051",0.969341167054715
2015,"19051",2
2016,"19051",3
2017,"19051",3
2018,"19051",1
2019,"19051",0
2020,"19051",1
2021,"19051",1
2022,"19051",4
2023,"19051",6
2024,"19051",3
2025,"19051",0
2017,"20001",0
2018,"20001",0
2019,"20001",0
2020,"20001",1
2021,"20001",1
2022,"20001",0
2023,"20001",0
2024,"20001",0
2025,"20001",0
2015,"20002",12
2016,"20002",19
2017,"20002",15
2018,"20002",18
2019,"20002",16
2020,"20002",12
2021,"20002",15
2022,"20002",13
2023,"20002",11
2024,"20002",23
2025,"20002",6
2017,"20003",0
2018,"20003",0
2019,"20003",1
2020,"20003",0
2021,"20003",0
2022,"20003",2
2023,"20003",0
2024,"20003",2
2025,"20003",2
2017,"20004",1
2018,"20004",2
2019,"20004",0
2020,"20004",0
2021,"20004",0
2022,"20004",0
2023,"20004",1
2024,"20004",2
2025,"20004",0
2017,"20005",0
2018,"20005",8
2019,"20005",12
2020,"20005",10
2021,"20005",7
2022,"20005",3
2023,"20005",4
2024,"20005",9
2025,"20005",6
2017,"20006",2
2018,"20006",18
2019,"20006",14
2020,"20006",6
2021,"20006",19
2022,"20006",18
2023,"20006",14
2024,"20006",7
2025,"20006",12
2017,"20007",0
2018,"20007",1
2019,"20007",1
2020,"20007",0
2021,"20007",1
2022,"20007",1
2023,"20007",1
2024,"20007",2
2025,"20007",1
2017,"20008",0
2018,"20008",0
2019,"20008",0
2020,"20008",0
2021,"20008",0
2022,"20008",1
2023,"20008",0
2024,"20008",0
2025,"20008",0
2017,"20009",0
2018,"20009",1
2019,"20009",4
2020,"20009",3
2021,"20009",1
2022,"20009",2
2023,"20009",0
2024,"20009",1
2025,"20009",3
2017,"20010",0
2018,"20010",7
2019,"20010",12
2020,"20010",5
2021,"20010",5
2022,"20010",4
2023,"20010",3
2024,"20010",7
2025,"20010",5
2017,"20011",0
2018,"20011",1
2019,"20011",1
2020,"20011",1
2021,"20011",1
2022,"20011",0
2023,"20011",0
2024,"20011",1
2025,"20011",0
2017,"20012",0
2018,"20012",7
2019,"20012",2
2020,"20012",6
2021,"20012",3
2022,"20012",3
2023,"20012",9
2024,"20012",8
2025,"20012",3
2017,"20013",0
2018,"20013",0
2019,"20013",0
2020,"20013",1
2021,"20013",0
2022,"20013",2
2023,"20013",0
2024,"20013",0
2025,"20013",1
2015,"20014",9
2016,"20014",10
2017,"20014",10
2018,"20014",12
2019,"20014",13
2020,"20014",15
2021,"20014",9
2022,"20014",15
2023,"20014",16
2024,"20014",7
2025,"20014",11
2017,"20015",1
2018,"20015",1
2019,"20015",1
2020,"20015",0
2021,"20015",2
2022,"20015",2
2023,"20015",1
2024,"20015",7
2025,"20015",1
2017,"20016",0
2018,"20016",1
2019,"20016",3
2020,"20016",1
2021,"20016",2
2022,"20016",3
2023,"20016",1
2024,"20016",3
2025,"20016",0
2017,"20017",0
2018,"20017",1
2019,"20017",0
2020,"20017",0
2021,"20017",0
2022,"20017",1
2023,"20017",4
2024,"20017",1
2025,"20017",0
2017,"20018",0
2018,"20018",0
2019,"20018",0
2020,"20018",0
2021,"20018",0
2022,"20018",0
2023,"20018",0
2024,"20018",0
2025,"20018",0
2017,"20019",1
2018,"20019",0
2019,"20019",0
2020,"20019",0
2021,"20019",0
2022,"20019",0
2023,"20019",1
2024,"20019",1
2025,"20019",1
2017,"20020",0
2018,"20020",5
2019,"20020",1
2020,"20020",2
2021,"20020",3
2022,"20020",1
2023,"20020",1
2024,"20020",2
2025,"20020",1
2017,"20021",0
2018,"20021",5
2019,"20021",3
2020,"20021",3
2021,"20021",6
2022,"20021",9
2023,"20021",2
2024,"20021",4
2025,"20021",3
2017,"20022",0
2018,"20022",0
2019,"20022",0
2020,"20022",0
2021,"20022",1
2022,"20022",0
2023,"20022",0
2024,"20022",1
2025,"20022",1
2017,"20023",0
2018,"20023",3
2019,"20023",3
2020,"20023",10
2021,"20023",4
2022,"20023",6
2023,"20023",7
2024,"20023",11
2025,"20023",8
2017,"20024",0
2018,"20024",2
2019,"20024",4
2020,"20024",5
2021,"20024",2
2022,"20024",1
2023,"20024",4
2024,"20024",0
2025,"20024",1
2017,"20025",3
2018,"20025",13
2019,"20025",7
2020,"20025",12
2021,"20025",11
2022,"20025",9
2023,"20025",9
2024,"20025",9
2025,"20025",12
2017,"20026",1
2018,"20026",3
2019,"20026",2
2020,"20026",2
2021,"20026",0
2022,"20026",2
2023,"20026",0
2024,"20026",3
2025,"20026",4
2017,"20027",0
2018,"20027",0
2019,"20027",0
2020,"20027",0
2021,"20027",0
2022,"20027",0
2023,"20027",1
2024,"20027",3
2025,"20027",1
2017,"20028",1
2018,"20028",14
2019,"20028",18
2020,"20028",15
2021,"20028",9
2022,"20028",16
2023,"20028",17
2024,"20028",28
2025,"20028",22
2017,"20029",0
2018,"20029",2
2019,"20029",1
2020,"20029",0
2021,"20029",0
2022,"20029",1
2023,"20029",2
2024,"20029",2
2025,"20029",0
2017,"20030",0
2018,"20030",1
2019,"20030",5
2020,"20030",1
2021,"20030",0
2022,"20030",0
2023,"20030",2
2024,"20030",3
2025,"20030",5
2017,"20031",0
2018,"20031",0
2019,"20031",1
2020,"20031",2
2021,"20031",2
2022,"20031",4
2023,"20031",4
2024,"20031",5
2025,"20031",5
2017,"20032",0
2018,"20032",1
2019,"20032",1
2020,"20032",1
2021,"20032",2
2022,"20032",1
2023,"20032",3
2024,"20032",1
2025,"20032",1
2017,"20033",0
2018,"20033",0
2019,"20033",1
2020,"20033",0
2021,"20033",2
2022,"20033",0
2023,"20033",1
2024,"20033",1
2025,"20033",1
2017,"20034",0
2018,"20034",0
2019,"20034",2
2020,"20034",0
2021,"20034",4
2022,"20034",0
2023,"20034",0
2024,"20034",0
2025,"20034",2
2017,"20035",0
2018,"20035",0
2019,"20035",0
2020,"20035",1
2021,"20035",0
2022,"20035",0
2023,"20035",3
2024,"20035",1
2025,"20035",0
2017,"20036",1
2018,"20036",1
2019,"20036",1
2020,"20036",3
2021,"20036",1
2022,"20036",2
2023,"20036",0
2024,"20036",0
2025,"20036",0
2017,"20037",1
2018,"20037",0
2019,"20037",2
2020,"20037",0
2021,"20037",2
2022,"20037",4
2023,"20037",4
2024,"20037",4
2025,"20037",3
2017,"20038",0
2018,"20038",0
2019,"20038",0
2020,"20038",0
2021,"20038",0
2022,"20038",1
2023,"20038",0
2024,"20038",0
2025,"20038",0
2014,"20039",67.85388169383
2015,"20039",18
2016,"20039",21
2017,"20039",25
2018,"20039",31
2019,"20039",34
2020,"20039",27
2021,"20039",28
2022,"20039",40
2023,"20039",54
2024,"20039",43
2025,"20039",33
2017,"20040",0
2018,"20040",0
2019,"20040",0
2020,"20040",0
2021,"20040",1
2022,"20040",1
2023,"20040",1
2024,"20040",2
2025,"20040",2
2015,"20041",0
2016,"20041",14
2017,"20041",14
2018,"20041",8
2019,"20041",18
2020,"20041",18
2021,"20041",12
2022,"20041",17
2023,"20041",16
2024,"20041",13
2025,"20041",7
2017,"20042",1
2018,"20042",4
2019,"20042",2
2020,"20042",3
2021,"20042",4
2022,"20042",3
2023,"20042",2
2024,"20042",6
2025,"20042",2
2014,"20043",94.0260932043073
2015,"20043",33
2016,"20043",81
2017,"20043",66
2018,"20043",74
2019,"20043",71
2020,"20043",47
2021,"20043",67
2022,"20043",59
2023,"20043",81
2024,"20043",106
2025,"20043",96
2015,"20044",3
2016,"20044",25
2017,"20044",19
2018,"20044",28
2019,"20044",17
2020,"20044",14
2021,"20044",15
2022,"20044",10
2023,"20044",10
2024,"20044",18
2025,"20044",5
2017,"20045",0
2018,"20045",0
2019,"20045",2
2020,"20045",1
2021,"20045",0
2022,"20045",5
2023,"20045",2
2024,"20045",3
2025,"20045",1
2017,"20046",0
2018,"20046",0
2019,"20046",3
2020,"20046",0
2021,"20046",3
2022,"20046",1
2023,"20046",1
2024,"20046",0
2025,"20046",0
2017,"20047",0
2018,"20047",0
2019,"20047",0
2020,"20047",0
2021,"20047",0
2022,"20047",0
2023,"20047",0
2024,"20047",0
2025,"20047",0
2017,"20048",0
2018,"20048",0
2019,"20048",1
2020,"20048",0
2021,"20048",0
2022,"20048",0
2023,"20048",1
2024,"20048",0
2025,"20048",0
2017,"20049",0
2018,"20049",1
2019,"20049",0
2020,"20049",0
2021,"20049",1
2022,"20049",1
2023,"20049",1
2024,"20049",1
2025,"20049",0
2017,"20050",1
2018,"20050",1
2019,"20050",1
2020,"20050",0
2021,"20050",1
2022,"20050",1
2023,"20050",1
2024,"20050",0
2025,"20050",2
2017,"20051",0
2018,"20051",0
2019,"20051",0
2020,"20051",1
2021,"20051",0
2022,"20051",0
2023,"20051",0
2024,"20051",1
2025,"20051",2
2017,"20052",0
2018,"20052",2
2019,"20052",3
2020,"20052",4
2021,"20052",4
2022,"20052",3
2023,"20052",5
2024,"20052",4
2025,"20052",0
2017,"20053",0
2018,"20053",0
2019,"20053",1
2020,"20053",0
2021,"20053",2
2022,"20053",0
2023,"20053",0
2024,"20053",1
2025,"20053",0
2017,"20054",0
2018,"20054",0
2019,"20054",0
2020,"20054",0
2021,"20054",0
2022,"20054",0
2023,"20054",0
2024,"20054",0
2025,"20054",0
2017,"20055",0
2018,"20055",3
2019,"20055",1
2020,"20055",2
2021,"20055",5
2022,"20055",2
2023,"20055",1
2024,"20055",2
2025,"20055",1
2017,"20056",1
2018,"20056",0
2019,"20056",0
2020,"20056",0
2021,"20056",1
2022,"20056",1
2023,"20056",0
2024,"20056",1
2025,"20056",0
2015,"20057",19
2016,"20057",24
2017,"20057",44
2018,"20057",39
2019,"20057",52
2020,"20057",39
2021,"20057",36
2022,"20057",47
2023,"20057",39
2024,"20057",47
2025,"20057",39
2017,"20058",1
2018,"20058",6
2019,"20058",7
2020,"20058",7
2021,"20058",3
2022,"20058",4
2023,"20058",4
2024,"20058",6
2025,"20058",3
2015,"20059",0
2016,"20059",24
2017,"20059",23
2018,"20059",41
2019,"20059",33
2020,"20059",33
2021,"20059",28
2022,"20059",47
2023,"20059",35
2024,"20059",63
2025,"20059",34
2017,"20060",0
2018,"20060",0
2019,"20060",0
2020,"20060",1
2021,"20060",1
2022,"20060",0
2023,"20060",4
2024,"20060",1
2025,"20060",0
2017,"20061",0
2018,"20061",0
2019,"20061",2
2020,"20061",1
2021,"20061",2
2022,"20061",1
2023,"20061",1
2024,"20061",3
2025,"20061",1
2017,"20062",0
2018,"20062",0
2019,"20062",0
2020,"20062",0
2021,"20062",0
2022,"20062",0
2023,"20062",1
2024,"20062",1
2025,"20062",0
2017,"20063",0
2018,"20063",0
2019,"20063",0
2020,"20063",0
2021,"20063",3
2022,"20063",1
2023,"20063",1
2024,"20063",2
2025,"20063",1
2017,"20064",0
2018,"20064",2
2019,"20064",5
2020,"20064",2
2021,"20064",3
2022,"20064",6
2023,"20064",8
2024,"20064",6
2025,"20064",0
2017,"20065",0
2018,"20065",2
2019,"20065",1
2020,"20065",0
2021,"20065",0
2022,"20065",0
2023,"20065",2
2024,"20065",0
2025,"20065",0
2017,"20066",1
2018,"20066",4
2019,"20066",3
2020,"20066",4
2021,"20066",3
2022,"20066",2
2023,"20066",14
2024,"20066",6
2025,"20066",5
2011,"20067",175.450751236903
2012,"20067",232.641880093132
2013,"20067",195.806915745052
2014,"20067",38.7736466821886
2015,"20067",5
2016,"20067",112
2017,"20067",108
2018,"20067",147
2019,"20067",129
2020,"20067",115
2021,"20067",148
2022,"20067",153
2023,"20067",158
2024,"20067",167
2025,"20067",93
2015,"20068",0
2016,"20068",10
2017,"20068",9
2018,"20068",8
2019,"20068",13
2020,"20068",10
2021,"20068",14
2022,"20068",18
2023,"20068",12
2024,"20068",24
2025,"20068",16
2017,"20069",0
2018,"20069",0
2019,"20069",0
2020,"20069",0
2021,"20069",0
2022,"20069",0
2023,"20069",0
2024,"20069",0
2025,"20069",0
2017,"20070",1
2018,"20070",5
2019,"20070",5
2020,"20070",2
2021,"20070",0
2022,"20070",2
2023,"20070",0
2024,"20070",4
2025,"20070",1
2017,"20071",1
2018,"20071",1
2019,"20071",1
2020,"20071",2
2021,"20071",2
2022,"20071",2
2023,"20071",2
2024,"20071",2
2025,"20071",3
2017,"20072",0
2018,"20072",0
2019,"20072",1
2020,"20072",0
2021,"20072",3
2022,"20072",4
2023,"20072",2
2024,"20072",2
2025,"20072",0
2015,"20073",15
2016,"20073",24
2017,"20073",31
2018,"20073",31
2019,"20073",25
2020,"20073",25
2021,"20073",17
2022,"20073",16
2023,"20073",17
2024,"20073",22
2025,"20073",31
2017,"20074",0
2018,"20074",0
2019,"20074",0
2020,"20074",0
2021,"20074",0
2022,"20074",0
2023,"20074",0
2024,"20074",0
2025,"20074",0
2017,"20075",0
2018,"20075",0
2019,"20075",0
2020,"20075",0
2021,"20075",1
2022,"20075",0
2023,"20075",1
2024,"20075",2
2025,"20075",0
2017,"20076",1
2018,"20076",0
2019,"20076",0
2020,"20076",1
2021,"20076",1
2022,"20076",0
2023,"20076",0
2024,"20076",1
2025,"20076",1
2017,"20077",0
2018,"20077",1
2019,"20077",1
2020,"20077",0
2021,"20077",1
2022,"20077",0
2023,"20077",1
2024,"20077",2
2025,"20077",1
2017,"20078",0
2018,"20078",0
2019,"20078",1
2020,"20078",0
2021,"20078",0
2022,"20078",1
2023,"20078",0
2024,"20078",0
2025,"20078",0
2011,"20079",23.2641880093132
2012,"20079",37.8043055151339
2013,"20079",49.4363995197904
2014,"20079",47.497717185681
2015,"20079",15
2016,"20079",38
2017,"20079",39
2018,"20079",25
2019,"20079",49
2020,"20079",45
2021,"20079",35
2022,"20079",47
2023,"20079",67
2024,"20079",71
2025,"20079",42
2017,"20080",0
2018,"20080",0
2019,"20080",1
2020,"20080",0
2021,"20080",0
2022,"20080",0
2023,"20080",0
2024,"20080",1
2025,"20080",3
2017,"20081",0
2018,"20081",0
2019,"20081",0
2020,"20081",0
2021,"20081",0
2022,"20081",0
2023,"20081",0
2024,"20081",0
2025,"20081",1
2017,"20082",1
2018,"20082",0
2019,"20082",3
2020,"20082",0
2021,"20082",1
2022,"20082",3
2023,"20082",2
2024,"20082",0
2025,"20082",2
2017,"20083",0
2018,"20083",2
2019,"20083",4
2020,"20083",3
2021,"20083",2
2022,"20083",0
2023,"20083",6
2024,"20083",0
2025,"20083",4
2017,"20084",0
2018,"20084",1
2019,"20084",1
2020,"20084",0
2021,"20084",0
2022,"20084",0
2023,"20084",0
2024,"20084",2
2025,"20084",2
2015,"20085",0
2016,"20085",13
2017,"20085",8
2018,"20085",17
2019,"20085",15
2020,"20085",14
2021,"20085",23
2022,"20085",12
2023,"20085",12
2024,"20085",13
2025,"20085",12
2017,"20086",0
2018,"20086",0
2019,"20086",0
2020,"20086",0
2021,"20086",0
2022,"20086",0
2023,"20086",0
2024,"20086",3
2025,"20086",1
2017,"20087",0
2018,"20087",8
2019,"20087",0
2020,"20087",0
2021,"20087",0
2022,"20087",0
2023,"20087",2
2024,"20087",2
2025,"20087",1
2017,"20088",0
2018,"20088",0
2019,"20088",3
2020,"20088",2
2021,"20088",0
2022,"20088",0
2023,"20088",2
2024,"20088",1
2025,"20088",0
2017,"20089",0
2018,"20089",1
2019,"20089",3
2020,"20089",0
2021,"20089",0
2022,"20089",1
2023,"20089",4
2024,"20089",1
2025,"20089",0
2017,"20090",1
2018,"20090",4
2019,"20090",1
2020,"20090",3
2021,"20090",5
2022,"20090",5
2023,"20090",3
2024,"20090",4
2025,"20090",2
2017,"20091",0
2018,"20091",1
2019,"20091",2
2020,"20091",1
2021,"20091",1
2022,"20091",0
2023,"20091",1
2024,"20091",1
2025,"20091",1
2017,"20092",0
2018,"20092",0
2019,"20092",0
2020,"20092",1
2021,"20092",0
2022,"20092",1
2023,"20092",1
2024,"20092",0
2025,"20092",0
2017,"20093",0
2018,"20093",0
2019,"20093",0
2020,"20093",0
2021,"20093",0
2022,"20093",0
2023,"20093",0
2024,"20093",0
2025,"20093",0
2017,"20094",0
2018,"20094",0
2019,"20094",0
2020,"20094",0
2021,"20094",0
2022,"20094",0
2023,"20094",0
2024,"20094",1
2025,"20094",0
2017,"20095",2
2018,"20095",0
2019,"20095",5
2020,"20095",3
2021,"20095",1
2022,"20095",0
2023,"20095",2
2024,"20095",1
2025,"20095",2
2017,"20096",0
2018,"20096",0
2019,"20096",0
2020,"20096",1
2021,"20096",1
2022,"20096",1
2023,"20096",0
2024,"20096",0
2025,"20096",1
2017,"20097",0
2018,"20097",1
2019,"20097",0
2020,"20097",1
2021,"20097",0
2022,"20097",0
2023,"20097",0
2024,"20097",0
2025,"20097",0
2017,"20098",0
2018,"20098",1
2019,"20098",0
2020,"20098",0
2021,"20098",1
2022,"20098",1
2023,"20098",1
2024,"20098",0
2025,"20098",0
2017,"20099",0
2018,"20099",4
2019,"20099",1
2020,"20099",0
2021,"20099",0
2022,"20099",1
2023,"20099",0
2024,"20099",0
2025,"20099",0
2017,"20100",0
2018,"20100",0
2019,"20100",0
2020,"20100",0
2021,"20100",1
2022,"20100",1
2023,"20100",0
2024,"20100",0
2025,"20100",0
2017,"20101",0
2018,"20101",0
2019,"20101",1
2020,"20101",0
2021,"20101",0
2022,"20101",1
2023,"20101",1
2024,"20101",0
2025,"20101",0
2017,"20102",0
2018,"20102",0
2019,"20102",1
2020,"20102",2
2021,"20102",0
2022,"20102",0
2023,"20102",2
2024,"20102",2
2025,"20102",1
2017,"20103",0
2018,"20103",1
2019,"20103",0
2020,"20103",1
2021,"20103",3
2022,"20103",1
2023,"20103",2
2024,"20103",4
2025,"20103",2
2017,"20104",0
2018,"20104",0
2019,"20104",0
2020,"20104",1
2021,"20104",1
2022,"20104",0
2023,"20104",2
2024,"20104",0
2025,"20104",1
2017,"20105",0
2018,"20105",1
2019,"20105",1
2020,"20105",0
2021,"20105",0
2022,"20105",0
2023,"20105",0
2024,"20105",1
2025,"20105",0
2017,"20106",0
2018,"20106",0
2019,"20106",0
2020,"20106",0
2021,"20106",0
2022,"20106",0
2023,"20106",0
2024,"20106",0
2025,"20106",0
2015,"20107",0
2016,"20107",7
2017,"20107",7
2018,"20107",4
2019,"20107",8
2020,"20107",4
2021,"20107",9
2022,"20107",13
2023,"20107",11
2024,"20107",12
2025,"20107",4
2017,"20108",0
2018,"20108",0
2019,"20108",0
2020,"20108",0
2021,"20108",0
2022,"20108",0
2023,"20108",2
2024,"20108",0
2025,"20108",0
2017,"20109",0
2018,"20109",0
2019,"20109",1
2020,"20109",0
2021,"20109",0
2022,"20109",1
2023,"20109",0
2024,"20109",0
2025,"20109",2
2017,"20110",0
2018,"20110",0
2019,"20110",0
2020,"20110",0
2021,"20110",0
2022,"20110",1
2023,"20110",0
2024,"20110",0
2025,"20110",0
2017,"20111",0
2018,"20111",2
2019,"20111",0
2020,"20111",0
2021,"20111",1
2022,"20111",2
2023,"20111",3
2024,"20111",0
2025,"20111",0
2017,"20112",0
2018,"20112",0
2019,"20112",0
2020,"20112",1
2021,"20112",3
2022,"20112",1
2023,"20112",1
2024,"20112",0
2025,"20112",1
2017,"20113",0
2018,"20113",1
2019,"20113",1
2020,"20113",2
2021,"20113",0
2022,"20113",0
2023,"20113",1
2024,"20113",2
2025,"20113",3
2017,"20114",0
2018,"20114",0
2019,"20114",0
2020,"20114",0
2021,"20114",0
2022,"20114",2
2023,"20114",0
2024,"20114",1
2025,"20114",0
2017,"20115",1
2018,"20115",3
2019,"20115",3
2020,"20115",5
2021,"20115",2
2022,"20115",6
2023,"20115",10
2024,"20115",7
2025,"20115",4
2017,"20116",0
2018,"20116",1
2019,"20116",2
2020,"20116",1
2021,"20116",2
2022,"20116",2
2023,"20116",3
2024,"20116",1
2025,"20116",1
2017,"20117",1
2018,"20117",2
2019,"20117",2
2020,"20117",2
2021,"20117",2
2022,"20117",1
2023,"20117",0
2024,"20117",0
2025,"20117",1
2017,"20118",0
2018,"20118",0
2019,"20118",1
2020,"20118",0
2021,"20118",0
2022,"20118",0
2023,"20118",0
2024,"20118",0
2025,"20118",0
2017,"20119",0
2018,"20119",0
2019,"20119",0
2020,"20119",0
2021,"20119",0
2022,"20119",0
2023,"20119",0
2024,"20119",0
2025,"20119",0
2017,"20120",0
2018,"20120",0
2019,"20120",0
2020,"20120",0
2021,"20120",0
2022,"20120",0
2023,"20120",0
2024,"20120",0
2025,"20120",0
2017,"20121",0
2018,"20121",0
2019,"20121",0
2020,"20121",0
2021,"20121",0
2022,"20121",0
2023,"20121",0
2024,"20121",0
2025,"20121",0
2017,"20122",0
2018,"20122",0
2019,"20122",0
2020,"20122",0
2021,"20122",0
2022,"20122",0
2023,"20122",0
2024,"20122",0
2025,"20122",0
2017,"20123",0
2018,"20123",0
2019,"20123",0
2020,"20123",0
2021,"20123",0
2022,"20123",0
2023,"20123",0
2024,"20123",0
2025,"20123",1
2017,"20124",1
2018,"20124",4
2019,"20124",7
2020,"20124",5
2021,"20124",3
2022,"20124",7
2023,"20124",7
2024,"20124",17
2025,"20124",9
2017,"20125",0
2018,"20125",7
2019,"20125",6
2020,"20125",4
2021,"20125",6
2022,"20125",9
2023,"20125",6
2024,"20125",2
2025,"20125",2
2017,"20126",0
2018,"20126",0
2019,"20126",0
2020,"20126",1
2021,"20126",1
2022,"20126",2
2023,"20126",1
2024,"20126",1
2025,"20126",2
2017,"20127",0
2018,"20127",0
2019,"20127",0
2020,"20127",0
2021,"20127",1
2022,"20127",1
2023,"20127",0
2024,"20127",0
2025,"20127",0
2017,"20128",0
2018,"20128",0
2019,"20128",0
2020,"20128",0
2021,"20128",0
2022,"20128",0
2023,"20128",0
2024,"20128",0
2025,"20128",0
2017,"20129",0
2018,"20129",0
2019,"20129",0
2020,"20129",0
2021,"20129",0
2022,"20129",1
2023,"20129",0
2024,"20129",2
2025,"20129",0
2017,"20130",0
2018,"20130",0
2019,"20130",1
2020,"20130",1
2021,"20130",1
2022,"20130",0
2023,"20130",2
2024,"20130",1
2025,"20130",0
2017,"20131",0
2018,"20131",0
2019,"20131",2
2020,"20131",2
2021,"20131",4
2022,"20131",1
2023,"20131",1
2024,"20131",6
2025,"20131",1
2017,"20132",0
2018,"20132",0
2019,"20132",2
2020,"20132",0
2021,"20132",0
2022,"20132",4
2023,"20132",0
2024,"20132",2
2025,"20132",1
2017,"20133",0
2018,"20133",1
2019,"20133",1
2020,"20133",0
2021,"20133",4
2022,"20133",2
2023,"20133",1
2024,"20133",1
2025,"20133",4
2015,"20134",3
2016,"20134",5
2017,"20134",11
2018,"20134",11
2019,"20134",19
2020,"20134",12
2021,"20134",4
2022,"20134",10
2023,"20134",8
2024,"20134",5
2025,"20134",4
2017,"20135",0
2018,"20135",3
2019,"20135",0
2020,"20135",1
2021,"20135",2
2022,"20135",3
2023,"20135",2
2024,"20135",0
2025,"20135",2
2017,"20136",0
2018,"20136",2
2019,"20136",1
2020,"20136",4
2021,"20136",6
2022,"20136",1
2023,"20136",3
2024,"20136",7
2025,"20136",1
2017,"20137",0
2018,"20137",0
2019,"20137",2
2020,"20137",0
2021,"20137",1
2022,"20137",2
2023,"20137",1
2024,"20137",1
2025,"20137",0
2017,"20138",0
2018,"20138",0
2019,"20138",0
2020,"20138",0
2021,"20138",0
2022,"20138",0
2023,"20138",0
2024,"20138",2
2025,"20138",1
2017,"20139",1
2018,"20139",0
2019,"20139",1
2020,"20139",1
2021,"20139",1
2022,"20139",2
2023,"20139",1
2024,"20139",1
2025,"20139",1
2017,"20140",0
2018,"20140",1
2019,"20140",0
2020,"20140",0
2021,"20140",0
2022,"20140",0
2023,"20140",0
2024,"20140",0
2025,"20140",0
2017,"20141",0
2018,"20141",2
2019,"20141",2
2020,"20141",3
2021,"20141",6
2022,"20141",5
2023,"20141",1
2024,"20141",4
2025,"20141",0
2017,"20142",0
2018,"20142",0
2019,"20142",0
2020,"20142",1
2021,"20142",0
2022,"20142",0
2023,"20142",0
2024,"20142",0
2025,"20142",0
2017,"20143",0
2018,"20143",4
2019,"20143",3
2020,"20143",1
2021,"20143",2
2022,"20143",2
2023,"20143",9
2024,"20143",6
2025,"20143",5
2017,"20144",0
2018,"20144",0
2019,"20144",0
2020,"20144",0
2021,"20144",0
2022,"20144",0
2023,"20144",0
2024,"20144",0
2025,"20144",0
2017,"20145",0
2018,"20145",3
2019,"20145",1
2020,"20145",1
2021,"20145",4
2022,"20145",1
2023,"20145",5
2024,"20145",3
2025,"20145",4
2017,"20146",0
2018,"20146",1
2019,"20146",2
2020,"20146",0
2021,"20146",0
2022,"20146",0
2023,"20146",1
2024,"20146",0
2025,"20146",0
2017,"20147",0
2018,"20147",0
2019,"20147",0
2020,"20147",0
2021,"20147",0
2022,"20147",0
2023,"20147",0
2024,"20147",0
2025,"20147",0
2017,"20148",0
2018,"20148",1
2019,"20148",0
2020,"20148",0
2021,"20148",1
2022,"20148",0
2023,"20148",0
2024,"20148",0
2025,"20148",0
2017,"20149",0
2018,"20149",0
2019,"20149",0
2020,"20149",0
2021,"20149",0
2022,"20149",1
2023,"20149",0
2024,"20149",0
2025,"20149",0
2017,"20150",0
2018,"20150",2
2019,"20150",1
2020,"20150",4
2021,"20150",3
2022,"20150",1
2023,"20150",4
2024,"20150",5
2025,"20150",3
2017,"20151",0
2018,"20151",0
2019,"20151",0
2020,"20151",0
2021,"20151",0
2022,"20151",0
2023,"20151",0
2024,"20151",0
2025,"20151",0
2017,"20152",0
2018,"20152",0
2019,"20152",0
2020,"20152",1
2021,"20152",0
2022,"20152",1
2023,"20152",3
2024,"20152",0
2025,"20152",0
2017,"20153",0
2018,"20153",2
2019,"20153",3
2020,"20153",2
2021,"20153",1
2022,"20153",3
2023,"20153",8
2024,"20153",8
2025,"20153",11
2017,"20154",0
2018,"20154",1
2019,"20154",2
2020,"20154",2
2021,"20154",0
2022,"20154",0
2023,"20154",6
2024,"20154",2
2025,"20154",1
2017,"20155",0
2018,"20155",0
2019,"20155",0
2020,"20155",0
2021,"20155",0
2022,"20155",0
2023,"20155",1
2024,"20155",1
2025,"20155",1
2017,"20156",0
2018,"20156",3
2019,"20156",4
2020,"20156",2
2021,"20156",0
2022,"20156",1
2023,"20156",2
2024,"20156",6
2025,"20156",0
2017,"20157",0
2018,"20157",5
2019,"20157",2
2020,"20157",1
2021,"20157",1
2022,"20157",4
2023,"20157",7
2024,"20157",5
2025,"20157",5
2017,"20158",1
2018,"20158",2
2019,"20158",1
2020,"20158",2
2021,"20158",1
2022,"20158",2
2023,"20158",1
2024,"20158",1
2025,"20158",0
2017,"20159",0
2018,"20159",1
2019,"20159",3
2020,"20159",2
2021,"20159",1
2022,"20159",1
2023,"20159",4
2024,"20159",1
2025,"20159",1
2017,"20160",0
2018,"20160",0
2019,"20160",0
2020,"20160",0
2021,"20160",1
2022,"20160",1
2023,"20160",1
2024,"20160",1
2025,"20160",0
2017,"20161",0
2018,"20161",0
2019,"20161",2
2020,"20161",0
2021,"20161",0
2022,"20161",1
2023,"20161",0
2024,"20161",0
2025,"20161",0
2017,"20162",0
2018,"20162",0
2019,"20162",0
2020,"20162",0
2021,"20162",1
2022,"20162",1
2023,"20162",2
2024,"20162",1
2025,"20162",0
2017,"20163",0
2018,"20163",1
2019,"20163",1
2020,"20163",1
2021,"20163",1
2022,"20163",0
2023,"20163",1
2024,"20163",0
2025,"20163",1
2017,"20164",0
2018,"20164",2
2019,"20164",0
2020,"20164",0
2021,"20164",0
2022,"20164",0
2023,"20164",2
2024,"20164",1
2025,"20164",0
2017,"20165",0
2018,"20165",0
2019,"20165",0
2020,"20165",0
2021,"20165",1
2022,"20165",0
2023,"20165",1
2024,"20165",0
2025,"20165",0
2017,"20166",1
2018,"20166",4
2019,"20166",4
2020,"20166",3
2021,"20166",3
2022,"20166",7
2023,"20166",5
2024,"20166",1
2025,"20166",1
2017,"20167",0
2018,"20167",2
2019,"20167",1
2020,"20167",0
2021,"20167",1
2022,"20167",1
2023,"20167",0
2024,"20167",4
2025,"20167",0
2017,"20168",0
2018,"20168",0
2019,"20168",0
2020,"20168",2
2021,"20168",1
2022,"20168",1
2023,"20168",3
2024,"20168",2
2025,"20168",2
2017,"20169",0
2018,"20169",1
2019,"20169",0
2020,"20169",2
2021,"20169",2
2022,"20169",2
2023,"20169",2
2024,"20169",2
2025,"20169",0
2017,"20170",0
2018,"20170",1
2019,"20170",2
2020,"20170",1
2021,"20170",1
2022,"20170",0
2023,"20170",7
2024,"20170",0
2025,"20170",1
2017,"20171",0
2018,"20171",12
2019,"20171",6
2020,"20171",12
2021,"20171",8
2022,"20171",3
2023,"20171",8
2024,"20171",4
2025,"20171",0
2017,"20172",1
2018,"20172",0
2019,"20172",0
2020,"20172",0
2021,"20172",0
2022,"20172",0
2023,"20172",1
2024,"20172",1
2025,"20172",0
2017,"20173",0
2018,"20173",2
2019,"20173",0
2020,"20173",1
2021,"20173",2
2022,"20173",1
2023,"20173",1
2024,"20173",0
2025,"20173",0
2017,"20174",0
2018,"20174",1
2019,"20174",0
2020,"20174",1
2021,"20174",1
2022,"20174",2
2023,"20174",1
2024,"20174",2
2025,"20174",5
2017,"20175",0
2018,"20175",0
2019,"20175",0
2020,"20175",0
2021,"20175",0
2022,"20175",2
2023,"20175",0
2024,"20175",0
2025,"20175",0
2017,"20176",0
2018,"20176",3
2019,"20176",3
2020,"20176",2
2021,"20176",5
2022,"20176",1
2023,"20176",7
2024,"20176",2
2025,"20176",2
2017,"20177",1
2018,"20177",3
2019,"20177",2
2020,"20177",6
2021,"20177",1
2022,"20177",5
2023,"20177",15
2024,"20177",6
2025,"20177",4
2017,"20178",0
2018,"20178",0
2019,"20178",1
2020,"20178",0
2021,"20178",0
2022,"20178",1
2023,"20178",1
2024,"20178",0
2025,"20178",0
2017,"20179",0
2018,"20179",0
2019,"20179",0
2020,"20179",1
2021,"20179",2
2022,"20179",2
2023,"20179",0
2024,"20179",1
2025,"20179",0
2017,"20180",0
2018,"20180",5
2019,"20180",0
2020,"20180",2
2021,"20180",5
2022,"20180",0
2023,"20180",1
2024,"20180",1
2025,"20180",0
2017,"20181",0
2018,"20181",0
2019,"20181",0
2020,"20181",0
2021,"20181",0
2022,"20181",0
2023,"20181",1
2024,"20181",0
2025,"20181",0
2017,"20182",0
2018,"20182",0
2019,"20182",0
2020,"20182",0
2021,"20182",0
2022,"20182",1
2023,"20182",0
2024,"20182",1
2025,"20182",1
2017,"20183",0
2018,"20183",0
2019,"20183",0
2020,"20183",0
2021,"20183",0
2022,"20183",0
2023,"20183",0
2024,"20183",0
2025,"20183",0
2011,"20184",30.0495761786962
2012,"20184",78.5166345314319
2013,"20184",141.523810389988
2014,"20184",82.3939991996508
2015,"20184",13
2016,"20184",87
2017,"20184",139
2018,"20184",148
2019,"20184",157
2020,"20184",109
2021,"20184",77
2022,"20184",49
2023,"20184",57
2024,"20184",84
2025,"20184",71
2017,"20185",0
2018,"20185",5
2019,"20185",2
2020,"20185",2
2021,"20185",7
2022,"20185",6
2023,"20185",4
2024,"20185",9
2025,"20185",8
2017,"20186",0
2018,"20186",0
2019,"20186",0
2020,"20186",0
2021,"20186",0
2022,"20186",1
2023,"20186",0
2024,"20186",0
2025,"20186",0
2017,"20187",0
2018,"20187",0
2019,"20187",0
2020,"20187",1
2021,"20187",0
2022,"20187",0
2023,"20187",0
2024,"20187",1
2025,"20187",1
2017,"20188",0
2018,"20188",2
2019,"20188",5
2020,"20188",6
2021,"20188",2
2022,"20188",2
2023,"20188",1
2024,"20188",2
2025,"20188",3
2017,"20189",0
2018,"20189",0
2019,"20189",0
2020,"20189",2
2021,"20189",0
2022,"20189",0
2023,"20189",0
2024,"20189",0
2025,"20189",1
2015,"20190",4
2016,"20190",8
2017,"20190",9
2018,"20190",8
2019,"20190",14
2020,"20190",15
2021,"20190",16
2022,"20190",17
2023,"20190",22
2024,"20190",11
2025,"20190",6
2017,"20191",0
2018,"20191",1
2019,"20191",0
2020,"20191",1
2021,"20191",0
2022,"20191",0
2023,"20191",0
2024,"20191",0
2025,"20191",0
2017,"20192",0
2018,"20192",0
2019,"20192",0
2020,"20192",0
2021,"20192",0
2022,"20192",0
2023,"20192",1
2024,"20192",1
2025,"20192",1
2017,"20193",0
2018,"20193",0
2019,"20193",1
2020,"20193",0
2021,"20193",1
2022,"20193",1
2023,"20193",0
2024,"20193",0
2025,"20193",1
2017,"20194",0
2018,"20194",2
2019,"20194",0
2020,"20194",0
2021,"20194",0
2022,"20194",0
2023,"20194",0
2024,"20194",1
2025,"20194",0
2017,"20195",0
2018,"20195",0
2019,"20195",0
2020,"20195",1
2021,"20195",1
2022,"20195",1
2023,"20195",0
2024,"20195",0
2025,"20195",0
2017,"20196",0
2018,"20196",1
2019,"20196",0
2020,"20196",0
2021,"20196",1
2022,"20196",0
2023,"20196",0
2024,"20196",0
2025,"20196",0
2017,"20197",0
2018,"20197",0
2019,"20197",2
2020,"20197",0
2021,"20197",3
2022,"20197",3
2023,"20197",2
2024,"20197",0
2025,"20197",1
2015,"20198",2
2016,"20198",7
2017,"20198",11
2018,"20198",9
2019,"20198",11
2020,"20198",10
2021,"20198",19
2022,"20198",13
2023,"20198",12
2024,"20198",13
2025,"20198",10
2017,"20199",0
2018,"20199",0
2019,"20199",0
2020,"20199",1
2021,"20199",1
2022,"20199",0
2023,"20199",1
2024,"20199",0
2025,"20199",0
2017,"20200",0
2018,"20200",1
2019,"20200",2
2020,"20200",0
2021,"20200",3
2022,"20200",6
2023,"20200",8
2024,"20200",5
2025,"20200",3
2017,"20201",0
2018,"20201",1
2019,"20201",1
2020,"20201",0
2021,"20201",0
2022,"20201",0
2023,"20201",0
2024,"20201",1
2025,"20201",0
2017,"20202",0
2018,"20202",0
2019,"20202",0
2020,"20202",1
2021,"20202",0
2022,"20202",1
2023,"20202",1
2024,"20202",2
2025,"20202",1
2017,"20203",0
2018,"20203",2
2019,"20203",0
2020,"20203",1
2021,"20203",2
2022,"20203",1
2023,"20203",0
2024,"20203",1
2025,"20203",3
2017,"20204",0
2018,"20204",0
2019,"20204",0
2020,"20204",0
2021,"20204",0
2022,"20204",0
2023,"20204",1
2024,"20204",1
2025,"20204",0
2017,"20205",0
2018,"20205",5
2019,"20205",8
2020,"20205",1
2021,"20205",2
2022,"20205",1
2023,"20205",3
2024,"20205",2
2025,"20205",3
2017,"20206",0
2018,"20206",0
2019,"20206",1
2020,"20206",1
2021,"20206",0
2022,"20206",0
2023,"20206",2
2024,"20206",1
2025,"20206",0
2017,"20207",0
2018,"20207",1
2019,"20207",9
2020,"20207",8
2021,"20207",13
2022,"20207",5
2023,"20207",8
2024,"20207",9
2025,"20207",2
2017,"20208",1
2018,"20208",3
2019,"20208",2
2020,"20208",3
2021,"20208",8
2022,"20208",2
2023,"20208",5
2024,"20208",7
2025,"20208",1
2017,"20209",0
2018,"20209",1
2019,"20209",0
2020,"20209",1
2021,"20209",0
2022,"20209",2
2023,"20209",0
2024,"20209",0
2025,"20209",0
2017,"20210",0
2018,"20210",2
2019,"20210",2
2020,"20210",2
2021,"20210",0
2022,"20210",2
2023,"20210",1
2024,"20210",0
2025,"20210",1
2017,"20211",0
2018,"20211",4
2019,"20211",2
2020,"20211",1
2021,"20211",2
2022,"20211",2
2023,"20211",3
2024,"20211",0
2025,"20211",1
2017,"20212",0
2018,"20212",1
2019,"20212",0
2020,"20212",1
2021,"20212",0
2022,"20212",1
2023,"20212",1
2024,"20212",2
2025,"20212",0
2017,"20213",1
2018,"20213",3
2019,"20213",0
2020,"20213",0
2021,"20213",1
2022,"20213",0
2023,"20213",1
2024,"20213",2
2025,"20213",0
2017,"20214",0
2018,"20214",0
2019,"20214",0
2020,"20214",0
2021,"20214",0
2022,"20214",0
2023,"20214",0
2024,"20214",1
2025,"20214",0
2017,"20215",0
2018,"20215",0
2019,"20215",0
2020,"20215",0
2021,"20215",0
2022,"20215",0
2023,"20215",0
2024,"20215",0
2025,"20215",0
2017,"20216",0
2018,"20216",0
2019,"20216",0
2020,"20216",0
2021,"20216",0
2022,"20216",0
2023,"20216",0
2024,"20216",0
2025,"20216",0
2017,"20217",0
2018,"20217",1
2019,"20217",0
2020,"20217",2
2021,"20217",0
2022,"20217",0
2023,"20217",1
2024,"20217",0
2025,"20217",0
2017,"20218",0
2018,"20218",1
2019,"20218",1
2020,"20218",0
2021,"20218",0
2022,"20218",0
2023,"20218",0
2024,"20218",0
2025,"20218",0
2017,"20219",0
2018,"20219",0
2019,"20219",1
2020,"20219",0
2021,"20219",2
2022,"20219",0
2023,"20219",1
2024,"20219",2
2025,"20219",1
2017,"20220",0
2018,"20220",0
2019,"20220",0
2020,"20220",1
2021,"20220",1
2022,"20220",1
2023,"20220",0
2024,"20220",3
2025,"20220",0
2017,"20221",0
2018,"20221",1
2019,"20221",2
2020,"20221",1
2021,"20221",3
2022,"20221",2
2023,"20221",0
2024,"20221",0
2025,"20221",0
2017,"20222",0
2018,"20222",1
2019,"20222",0
2020,"20222",0
2021,"20222",0
2022,"20222",2
2023,"20222",0
2024,"20222",1
2025,"20222",0
2017,"20223",0
2018,"20223",0
2019,"20223",0
2020,"20223",0
2021,"20223",0
2022,"20223",0
2023,"20223",0
2024,"20223",0
2025,"20223",0
2017,"20224",0
2018,"20224",1
2019,"20224",0
2020,"20224",0
2021,"20224",0
2022,"20224",0
2023,"20224",1
2024,"20224",1
2025,"20224",1
2017,"20225",0
2018,"20225",1
2019,"20225",2
2020,"20225",0
2021,"20225",1
2022,"20225",1
2023,"20225",3
2024,"20225",1
2025,"20225",1
2017,"20226",0
2018,"20226",1
2019,"20226",0
2020,"20226",2
2021,"20226",0
2022,"20226",0
2023,"20226",1
2024,"20226",0
2025,"20226",1
2017,"20227",0
2018,"20227",2
2019,"20227",6
2020,"20227",2
2021,"20227",4
2022,"20227",3
2023,"20227",2
2024,"20227",4
2025,"20227",2
2017,"20228",0
2018,"20228",0
2019,"20228",0
2020,"20228",0
2021,"20228",0
2022,"20228",1
2023,"20228",0
2024,"20228",0
2025,"20228",0
2017,"20229",0
2018,"20229",0
2019,"20229",2
2020,"20229",0
2021,"20229",5
2022,"20229",2
2023,"20229",3
2024,"20229",5
2025,"20229",1
2017,"20230",0
2018,"20230",1
2019,"20230",0
2020,"20230",0
2021,"20230",0
2022,"20230",0
2023,"20230",0
2024,"20230",0
2025,"20230",0
2017,"20231",0
2018,"20231",0
2019,"20231",0
2020,"20231",0
2021,"20231",1
2022,"20231",0
2023,"20231",3
2024,"20231",0
2025,"20231",0
2015,"20232",7
2016,"20232",6
2017,"20232",6
2018,"20232",3
2019,"20232",7
2020,"20232",10
2021,"20232",15
2022,"20232",5
2023,"20232",4
2024,"20232",9
2025,"20232",5
2017,"20233",0
2018,"20233",1
2019,"20233",2
2020,"20233",0
2021,"20233",0
2022,"20233",0
2023,"20233",0
2024,"20233",1
2025,"20233",1
2017,"20234",0
2018,"20234",3
2019,"20234",2
2020,"20234",1
2021,"20234",2
2022,"20234",3
2023,"20234",2
2024,"20234",6
2025,"20234",1
2017,"20235",0
2018,"20235",2
2019,"20235",0
2020,"20235",2
2021,"20235",2
2022,"20235",5
2023,"20235",2
2024,"20235",8
2025,"20235",5
2017,"20236",0
2018,"20236",2
2019,"20236",2
2020,"20236",1
2021,"20236",0
2022,"20236",2
2023,"20236",1
2024,"20236",0
2025,"20236",0
2017,"20237",0
2018,"20237",0
2019,"20237",0
2020,"20237",2
2021,"20237",0
2022,"20237",1
2023,"20237",1
2024,"20237",1
2025,"20237",3
2017,"20238",0
2018,"20238",0
2019,"20238",0
2020,"20238",0
2021,"20238",0
2022,"20238",0
2023,"20238",0
2024,"20238",2
2025,"20238",1
2017,"20239",0
2018,"20239",0
2019,"20239",1
2020,"20239",0
2021,"20239",0
2022,"20239",0
2023,"20239",0
2024,"20239",0
2025,"20239",0
2017,"20240",0
2018,"20240",0
2019,"20240",4
2020,"20240",0
2021,"20240",0
2022,"20240",1
2023,"20240",2
2024,"20240",2
2025,"20240",0
2017,"20241",0
2018,"20241",0
2019,"20241",0
2020,"20241",0
2021,"20241",0
2022,"20241",0
2023,"20241",1
2024,"20241",0
2025,"20241",0
2017,"20242",0
2018,"20242",4
2019,"20242",1
2020,"20242",2
2021,"20242",4
2022,"20242",1
2023,"20242",5
2024,"20242",9
2025,"20242",2
2017,"20243",0
2018,"20243",0
2019,"20243",1
2020,"20243",0
2021,"20243",0
2022,"20243",3
2023,"20243",1
2024,"20243",4
2025,"20243",0
2017,"20244",1
2018,"20244",0
2019,"20244",0
2020,"20244",0
2021,"20244",1
2022,"20244",2
2023,"20244",3
2024,"20244",3
2025,"20244",2
2017,"20245",0
2018,"20245",0
2019,"20245",0
2020,"20245",0
2021,"20245",0
2022,"20245",0
2023,"20245",0
2024,"20245",0
2025,"20245",0
2017,"20246",0
2018,"20246",1
2019,"20246",0
2020,"20246",1
2021,"20246",0
2022,"20246",0
2023,"20246",0
2024,"20246",0
2025,"20246",0
2017,"20247",0
2018,"20247",0
2019,"20247",1
2020,"20247",0
2021,"20247",0
2022,"20247",0
2023,"20247",0
2024,"20247",0
2025,"20247",0
2017,"20248",0
2018,"20248",5
2019,"20248",6
2020,"20248",1
2021,"20248",4
2022,"20248",3
2023,"20248",4
2024,"20248",3
2025,"20248",4
2017,"20249",0
2018,"20249",1
2019,"20249",0
2020,"20249",2
2021,"20249",1
2022,"20249",0
2023,"20249",0
2024,"20249",0
2025,"20249",0
2017,"20250",0
2018,"20250",0
2019,"20250",0
2020,"20250",1
2021,"20250",0
2022,"20250",1
2023,"20250",1
2024,"20250",0
2025,"20250",1
2017,"20251",0
2018,"20251",3
2019,"20251",1
2020,"20251",1
2021,"20251",2
2022,"20251",1
2023,"20251",0
2024,"20251",1
2025,"20251",3
2017,"20252",0
2018,"20252",0
2019,"20252",1
2020,"20252",0
2021,"20252",0
2022,"20252",0
2023,"20252",0
2024,"20252",1
2025,"20252",0
2017,"20253",0
2018,"20253",0
2019,"20253",1
2020,"20253",2
2021,"20253",2
2022,"20253",2
2023,"20253",1
2024,"20253",1
2025,"20253",1
2017,"20254",0
2018,"20254",0
2019,"20254",2
2020,"20254",4
2021,"20254",2
2022,"20254",4
2023,"20254",5
2024,"20254",0
2025,"20254",1
2017,"20255",0
2018,"20255",0
2019,"20255",0
2020,"20255",1
2021,"20255",0
2022,"20255",0
2023,"20255",0
2024,"20255",0
2025,"20255",0
2017,"20256",0
2018,"20256",0
2019,"20256",0
2020,"20256",0
2021,"20256",0
2022,"20256",0
2023,"20256",0
2024,"20256",0
2025,"20256",0
2017,"20257",0
2018,"20257",0
2019,"20257",0
2020,"20257",0
2021,"20257",0
2022,"20257",0
2023,"20257",0
2024,"20257",0
2025,"20257",0
2017,"20258",0
2018,"20258",0
2019,"20258",0
2020,"20258",0
2021,"20258",0
2022,"20258",0
2023,"20258",0
2024,"20258",0
2025,"20258",0
2017,"20259",0
2018,"20259",0
2019,"20259",2
2020,"20259",3
2021,"20259",0
2022,"20259",0
2023,"20259",3
2024,"20259",1
2025,"20259",1
2017,"20260",0
2018,"20260",0
2019,"20260",0
2020,"20260",2
2021,"20260",0
2022,"20260",1
2023,"20260",0
2024,"20260",0
2025,"20260",0
2017,"20261",0
2018,"20261",0
2019,"20261",2
2020,"20261",0
2021,"20261",0
2022,"20261",2
2023,"20261",2
2024,"20261",1
2025,"20261",2
2017,"20262",0
2018,"20262",0
2019,"20262",1
2020,"20262",0
2021,"20262",0
2022,"20262",0
2023,"20262",0
2024,"20262",0
2025,"20262",0
2017,"20263",0
2018,"20263",2
2019,"20263",0
2020,"20263",0
2021,"20263",1
2022,"20263",0
2023,"20263",0
2024,"20263",1
2025,"20263",2
2017,"20264",0
2018,"20264",0
2019,"20264",1
2020,"20264",0
2021,"20264",1
2022,"20264",0
2023,"20264",0
2024,"20264",1
2025,"20264",0
2017,"20265",0
2018,"20265",2
2019,"20265",1
2020,"20265",2
2021,"20265",0
2022,"20265",4
2023,"20265",3
2024,"20265",0
2025,"20265",0
2017,"20266",0
2018,"20266",3
2019,"20266",4
2020,"20266",3
2021,"20266",11
2022,"20266",5
2023,"20266",3
2024,"20266",6
2025,"20266",4
2017,"20267",1
2018,"20267",0
2019,"20267",0
2020,"20267",0
2021,"20267",0
2022,"20267",1
2023,"20267",0
2024,"20267",0
2025,"20267",0
2017,"20268",0
2018,"20268",0
2019,"20268",0
2020,"20268",0
2021,"20268",1
2022,"20268",0
2023,"20268",3
2024,"20268",0
2025,"20268",1
2017,"20269",0
2018,"20269",1
2019,"20269",1
2020,"20269",2
2021,"20269",2
2022,"20269",1
2023,"20269",4
2024,"20269",0
2025,"20269",1
2017,"20270",0
2018,"20270",0
2019,"20270",0
2020,"20270",2
2021,"20270",0
2022,"20270",0
2023,"20270",1
2024,"20270",0
2025,"20270",1
2017,"20271",0
2018,"20271",0
2019,"20271",1
2020,"20271",0
2021,"20271",0
2022,"20271",0
2023,"20271",0
2024,"20271",0
2025,"20271",0
2017,"20272",2
2018,"20272",6
2019,"20272",7
2020,"20272",2
2021,"20272",5
2022,"20272",2
2023,"20272",2
2024,"20272",7
2025,"20272",11
2017,"20273",0
2018,"20273",2
2019,"20273",0
2020,"20273",2
2021,"20273",1
2022,"20273",1
2023,"20273",2
2024,"20273",0
2025,"20273",0
2017,"20274",0
2018,"20274",0
2019,"20274",0
2020,"20274",1
2021,"20274",0
2022,"20274",2
2023,"20274",1
2024,"20274",1
2025,"20274",0
2017,"20275",1
2018,"20275",3
2019,"20275",5
2020,"20275",5
2021,"20275",3
2022,"20275",2
2023,"20275",0
2024,"20275",1
2025,"20275",1
2017,"20276",0
2018,"20276",0
2019,"20276",0
2020,"20276",1
2021,"20276",0
2022,"20276",0
2023,"20276",1
2024,"20276",0
2025,"20276",0
2017,"20277",1
2018,"20277",10
2019,"20277",7
2020,"20277",10
2021,"20277",7
2022,"20277",6
2023,"20277",8
2024,"20277",14
2025,"20277",4
2015,"20278",2
2016,"20278",15
2017,"20278",16
2018,"20278",11
2019,"20278",18
2020,"20278",17
2021,"20278",14
2022,"20278",15
2023,"20278",16
2024,"20278",13
2025,"20278",13
2017,"20279",0
2018,"20279",1
2019,"20279",2
2020,"20279",0
2021,"20279",2
2022,"20279",0
2023,"20279",0
2024,"20279",0
2025,"20279",0
2017,"20280",0
2018,"20280",0
2019,"20280",2
2020,"20280",0
2021,"20280",0
2022,"20280",1
2023,"20280",0
2024,"20280",0
2025,"20280",0
2017,"20281",0
2018,"20281",1
2019,"20281",0
2020,"20281",0
2021,"20281",0
2022,"20281",0
2023,"20281",0
2024,"20281",0
2025,"20281",0
2017,"20282",0
2018,"20282",0
2019,"20282",0
2020,"20282",0
2021,"20282",0
2022,"20282",0
2023,"20282",0
2024,"20282",0
2025,"20282",0
2017,"20283",0
2018,"20283",0
2019,"20283",1
2020,"20283",0
2021,"20283",0
2022,"20283",2
2023,"20283",0
2024,"20283",0
2025,"20283",0
2017,"20284",0
2018,"20284",0
2019,"20284",0
2020,"20284",0
2021,"20284",4
2022,"20284",2
2023,"20284",2
2024,"20284",3
2025,"20284",1
2017,"20285",0
2018,"20285",2
2019,"20285",1
2020,"20285",0
2021,"20285",3
2022,"20285",2
2023,"20285",2
2024,"20285",2
2025,"20285",3
2017,"20286",0
2018,"20286",0
2019,"20286",1
2020,"20286",1
2021,"20286",0
2022,"20286",1
2023,"20286",0
2024,"20286",1
2025,"20286",0
2017,"20287",0
2018,"20287",0
2019,"20287",0
2020,"20287",0
2021,"20287",0
2022,"20287",0
2023,"20287",0
2024,"20287",0
2025,"20287",0
2017,"20288",0
2018,"20288",1
2019,"20288",0
2020,"20288",0
2021,"20288",0
2022,"20288",1
2023,"20288",0
2024,"20288",0
2025,"20288",0
2017,"20289",0
2018,"20289",1
2019,"20289",0
2020,"20289",0
2021,"20289",0
2022,"20289",0
2023,"20289",1
2024,"20289",0
2025,"20289",0
2017,"20290",0
2018,"20290",0
2019,"20290",0
2020,"20290",0
2021,"20290",0
2022,"20290",3
2023,"20290",0
2024,"20290",0
2025,"20290",0
2017,"20291",0
2018,"20291",3
2019,"20291",0
2020,"20291",1
2021,"20291",1
2022,"20291",0
2023,"20291",0
2024,"20291",1
2025,"20291",1
2017,"20292",0
2018,"20292",1
2019,"20292",1
2020,"20292",0
2021,"20292",0
2022,"20292",0
2023,"20292",1
2024,"20292",0
2025,"20292",1
2017,"20293",0
2018,"20293",4
2019,"20293",9
2020,"20293",3
2021,"20293",5
2022,"20293",6
2023,"20293",6
2024,"20293",4
2025,"20293",3
2017,"20294",0
2018,"20294",3
2019,"20294",4
2020,"20294",0
2021,"20294",3
2022,"20294",4
2023,"20294",4
2024,"20294",6
2025,"20294",6
2017,"20295",1
2018,"20295",3
2019,"20295",5
2020,"20295",3
2021,"20295",4
2022,"20295",4
2023,"20295",3
2024,"20295",2
2025,"20295",4
2017,"20296",0
2018,"20296",1
2019,"20296",1
2020,"20296",0
2021,"20296",0
2022,"20296",1
2023,"20296",0
2024,"20296",0
2025,"20296",1
2017,"20297",0
2018,"20297",0
2019,"20297",0
2020,"20297",0
2021,"20297",1
2022,"20297",0
2023,"20297",1
2024,"20297",0
2025,"20297",0
2017,"20298",0
2018,"20298",2
2019,"20298",3
2020,"20298",1
2021,"20298",3
2022,"20298",4
2023,"20298",3
2024,"20298",3
2025,"20298",6
2017,"20299",0
2018,"20299",0
2019,"20299",0
2020,"20299",0
2021,"20299",1
2022,"20299",0
2023,"20299",0
2024,"20299",0
2025,"20299",0
2017,"20300",2
2018,"20300",4
2019,"20300",1
2020,"20300",3
2021,"20300",1
2022,"20300",1
2023,"20300",2
2024,"20300",4
2025,"20300",2
2017,"20301",0
2018,"20301",1
2019,"20301",0
2020,"20301",0
2021,"20301",0
2022,"20301",0
2023,"20301",1
2024,"20301",0
2025,"20301",1
2017,"20302",1
2018,"20302",12
2019,"20302",1
2020,"20302",4
2021,"20302",2
2022,"20302",8
2023,"20302",2
2024,"20302",0
2025,"20302",1
2017,"20303",0
2018,"20303",0
2019,"20303",0
2020,"20303",0
2021,"20303",0
2022,"20303",0
2023,"20303",0
2024,"20303",0
2025,"20303",0
2017,"20304",0
2018,"20304",0
2019,"20304",0
2020,"20304",0
2021,"20304",1
2022,"20304",1
2023,"20304",0
2024,"20304",0
2025,"20304",0
2017,"20305",0
2018,"20305",1
2019,"20305",1
2020,"20305",1
2021,"20305",0
2022,"20305",3
2023,"20305",2
2024,"20305",1
2025,"20305",1
2017,"20306",0
2018,"20306",2
2019,"20306",0
2020,"20306",2
2021,"20306",1
2022,"20306",0
2023,"20306",1
2024,"20306",2
2025,"20306",5
2017,"20307",3
2018,"20307",3
2019,"20307",2
2020,"20307",3
2021,"20307",8
2022,"20307",3
2023,"20307",3
2024,"20307",5
2025,"20307",0
2017,"20308",1
2018,"20308",5
2019,"20308",2
2020,"20308",0
2021,"20308",1
2022,"20308",3
2023,"20308",0
2024,"20308",2
2025,"20308",1
2017,"20309",1
2018,"20309",2
2019,"20309",10
2020,"20309",5
2021,"20309",5
2022,"20309",3
2023,"20309",5
2024,"20309",4
2025,"20309",0
2017,"20310",0
2018,"20310",2
2019,"20310",1
2020,"20310",3
2021,"20310",3
2022,"20310",1
2023,"20310",6
2024,"20310",7
2025,"20310",3
2017,"20311",0
2018,"20311",0
2019,"20311",0
2020,"20311",0
2021,"20311",1
2022,"20311",0
2023,"20311",1
2024,"20311",1
2025,"20311",0
2017,"20312",2
2018,"20312",1
2019,"20312",2
2020,"20312",3
2021,"20312",3
2022,"20312",0
2023,"20312",4
2024,"20312",4
2025,"20312",3
2017,"20313",0
2018,"20313",0
2019,"20313",2
2020,"20313",0
2021,"20313",0
2022,"20313",0
2023,"20313",0
2024,"20313",0
2025,"20313",0
2017,"20314",1
2018,"20314",0
2019,"20314",0
2020,"20314",0
2021,"20314",0
2022,"20314",1
2023,"20314",3
2024,"20314",1
2025,"20314",1
2017,"20315",0
2018,"20315",1
2019,"20315",1
2020,"20315",0
2021,"20315",0
2022,"20315",1
2023,"20315",0
2024,"20315",0
2025,"20315",0
2017,"20316",2
2018,"20316",0
2019,"20316",0
2020,"20316",1
2021,"20316",0
2022,"20316",0
2023,"20316",0
2024,"20316",0
2025,"20316",2
2017,"20317",0
2018,"20317",1
2019,"20317",1
2020,"20317",0
2021,"20317",0
2022,"20317",0
2023,"20317",1
2024,"20317",2
2025,"20317",0
2013,"20318",55.2524465221187
2014,"20318",43.6203525174622
2015,"20318",11
2016,"20318",22
2017,"20318",33
2018,"20318",37
2019,"20318",31
2020,"20318",29
2021,"20318",38
2022,"20318",31
2023,"20318",55
2024,"20318",67
2025,"20318",41
2017,"20319",0
2018,"20319",1
2019,"20319",1
2020,"20319",3
2021,"20319",0
2022,"20319",2
2023,"20319",0
2024,"20319",0
2025,"20319",0
2017,"20320",0
2018,"20320",0
2019,"20320",1
2020,"20320",0
2021,"20320",0
2022,"20320",0
2023,"20320",0
2024,"20320",0
2025,"20320",0
2017,"20321",0
2018,"20321",0
2019,"20321",0
2020,"20321",0
2021,"20321",1
2022,"20321",1
2023,"20321",0
2024,"20321",0
2025,"20321",1
2017,"20322",0
2018,"20322",0
2019,"20322",0
2020,"20322",0
2021,"20322",0
2022,"20322",0
2023,"20322",0
2024,"20322",0
2025,"20322",0
2017,"20323",0
2018,"20323",0
2019,"20323",1
2020,"20323",0
2021,"20323",0
2022,"20323",1
2023,"20323",1
2024,"20323",1
2025,"20323",0
2012,"20324",10.6627528376019
2015,"20324",14
2016,"20324",30
2017,"20324",23
2018,"20324",37
2019,"20324",34
2020,"20324",40
2021,"20324",45
2022,"20324",51
2023,"20324",62
2024,"20324",59
2025,"20324",31
2017,"20325",0
2018,"20325",3
2019,"20325",2
2020,"20325",0
2021,"20325",2
2022,"20325",7
2023,"20325",0
2024,"20325",6
2025,"20325",5
2017,"20326",1
2018,"20326",3
2019,"20326",1
2020,"20326",1
2021,"20326",3
2022,"20326",1
2023,"20326",0
2024,"20326",7
2025,"20326",1
2017,"20327",1
2018,"20327",4
2019,"20327",14
2020,"20327",7
2021,"20327",6
2022,"20327",12
2023,"20327",15
2024,"20327",24
2025,"20327",12
2017,"20328",0
2018,"20328",0
2019,"20328",0
2020,"20328",0
2021,"20328",0
2022,"20328",0
2023,"20328",1
2024,"20328",0
2025,"20328",3
2017,"20329",0
2018,"20329",0
2019,"20329",0
2020,"20329",0
2021,"20329",0
2022,"20329",0
2023,"20329",0
2024,"20329",0
2025,"20329",0
2017,"20330",0
2018,"20330",1
2019,"20330",1
2020,"20330",0
2021,"20330",3
2022,"20330",0
2023,"20330",2
2024,"20330",1
2025,"20330",1
2017,"20331",0
2018,"20331",0
2019,"20331",0
2020,"20331",0
2021,"20331",0
2022,"20331",0
2023,"20331",0
2024,"20331",0
2025,"20331",0
2017,"20332",0
2018,"20332",1
2019,"20332",0
2020,"20332",0
2021,"20332",0
2022,"20332",0
2023,"20332",0
2024,"20332",0
2025,"20332",0
2017,"20333",1
2018,"20333",3
2019,"20333",5
2020,"20333",5
2021,"20333",6
2022,"20333",7
2023,"20333",3
2024,"20333",4
2025,"20333",8
2015,"20334",10
2016,"20334",40
2017,"20334",40
2018,"20334",44
2019,"20334",49
2020,"20334",38
2021,"20334",29
2022,"20334",25
2023,"20334",29
2024,"20334",24
2025,"20334",14
2017,"20335",0
2018,"20335",0
2019,"20335",0
2020,"20335",0
2021,"20335",0
2022,"20335",0
2023,"20335",0
2024,"20335",0
2025,"20335",0
2017,"20336",0
2018,"20336",0
2019,"20336",0
2020,"20336",0
2021,"20336",0
2022,"20336",0
2023,"20336",0
2024,"20336",0
2025,"20336",0
2017,"20337",0
2018,"20337",6
2019,"20337",6
2020,"20337",6
2021,"20337",1
2022,"20337",1
2023,"20337",3
2024,"20337",5
2025,"20337",6
2012,"20338",28.1108938445867
2013,"20338",0
2017,"20338",0
2018,"20338",8
2019,"20338",6
2020,"20338",10
2021,"20338",4
2022,"20338",9
2023,"20338",5
2024,"20338",7
2025,"20338",3
2017,"20339",1
2018,"20339",1
2019,"20339",1
2020,"20339",1
2021,"20339",0
2022,"20339",3
2023,"20339",3
2024,"20339",2
2025,"20339",3
2017,"20340",0
2018,"20340",1
2019,"20340",0
2020,"20340",2
2021,"20340",0
2022,"20340",1
2023,"20340",1
2024,"20340",0
2025,"20340",1
2017,"20341",0
2018,"20341",0
2019,"20341",0
2020,"20341",0
2021,"20341",0
2022,"20341",0
2023,"20341",0
2024,"20341",0
2025,"20341",0
2017,"20342",1
2018,"20342",0
2019,"20342",3
2020,"20342",2
2021,"20342",3
2022,"20342",0
2023,"20342",1
2024,"20342",1
2025,"20342",0
2017,"20343",0
2018,"20343",0
2019,"20343",1
2020,"20343",0
2021,"20343",1
2022,"20343",0
2023,"20343",0
2024,"20343",0
2025,"20343",0
2017,"20344",0
2018,"20344",1
2019,"20344",1
2020,"20344",0
2021,"20344",0
2022,"20344",1
2023,"20344",0
2024,"20344",2
2025,"20344",3
2017,"20345",0
2018,"20345",0
2019,"20345",0
2020,"20345",3
2021,"20345",4
2022,"20345",4
2023,"20345",5
2024,"20345",2
2025,"20345",3
2017,"20346",0
2018,"20346",0
2019,"20346",0
2020,"20346",0
2021,"20346",0
2022,"20346",0
2023,"20346",0
2024,"20346",0
2025,"20346",0
2017,"20347",0
2018,"20347",1
2019,"20347",0
2020,"20347",1
2021,"20347",1
2022,"20347",2
2023,"20347",0
2024,"20347",0
2025,"20347",1
2017,"20348",0
2018,"20348",2
2019,"20348",2
2020,"20348",6
2021,"20348",3
2022,"20348",4
2023,"20348",4
2024,"20348",2
2025,"20348",5
2017,"20349",0
2018,"20349",0
2019,"20349",0
2020,"20349",0
2021,"20349",2
2022,"20349",0
2023,"20349",0
2024,"20349",0
2025,"20349",0
2017,"20350",0
2018,"20350",2
2019,"20350",2
2020,"20350",4
2021,"20350",5
2022,"20350",5
2023,"20350",5
2024,"20350",2
2025,"20350",2
2017,"20351",0
2018,"20351",2
2019,"20351",0
2020,"20351",0
2021,"20351",1
2022,"20351",1
2023,"20351",2
2024,"20351",2
2025,"20351",0
2017,"20352",0
2018,"20352",0
2019,"20352",0
2020,"20352",0
2021,"20352",1
2022,"20352",3
2023,"20352",2
2024,"20352",1
2025,"20352",1
2017,"20353",0
2018,"20353",0
2019,"20353",0
2020,"20353",0
2021,"20353",0
2022,"20353",0
2023,"20353",0
2024,"20353",0
2025,"20353",0
2017,"20354",0
2018,"20354",0
2019,"20354",0
2020,"20354",0
2021,"20354",0
2022,"20354",0
2023,"20354",0
2024,"20354",0
2025,"20354",0
2017,"20355",0
2018,"20355",1
2019,"20355",1
2020,"20355",0
2021,"20355",1
2022,"20355",1
2023,"20355",1
2024,"20355",0
2025,"20355",0
2017,"20356",0
2018,"20356",0
2019,"20356",0
2020,"20356",1
2021,"20356",1
2022,"20356",1
2023,"20356",0
2024,"20356",0
2025,"20356",1
2017,"20357",0
2018,"20357",0
2019,"20357",2
2020,"20357",1
2021,"20357",0
2022,"20357",0
2023,"20357",0
2024,"20357",1
2025,"20357",0
2017,"20358",0
2018,"20358",2
2019,"20358",0
2020,"20358",2
2021,"20358",1
2022,"20358",1
2023,"20358",0
2024,"20358",2
2025,"20358",0
2017,"20359",0
2018,"20359",0
2019,"20359",0
2020,"20359",0
2021,"20359",0
2022,"20359",0
2023,"20359",0
2024,"20359",0
2025,"20359",0
2017,"20360",0
2018,"20360",1
2019,"20360",0
2020,"20360",0
2021,"20360",0
2022,"20360",1
2023,"20360",2
2024,"20360",1
2025,"20360",0
2017,"20361",0
2018,"20361",0
2019,"20361",0
2020,"20361",0
2021,"20361",0
2022,"20361",1
2023,"20361",0
2024,"20361",0
2025,"20361",0
2017,"20362",0
2018,"20362",1
2019,"20362",1
2020,"20362",1
2021,"20362",0
2022,"20362",1
2023,"20362",2
2024,"20362",2
2025,"20362",0
2017,"20363",0
2018,"20363",2
2019,"20363",2
2020,"20363",0
2021,"20363",4
2022,"20363",3
2023,"20363",2
2024,"20363",1
2025,"20363",1
2017,"20364",1
2018,"20364",9
2019,"20364",13
2020,"20364",12
2021,"20364",14
2022,"20364",7
2023,"20364",10
2024,"20364",9
2025,"20364",5
2017,"20365",0
2018,"20365",1
2019,"20365",1
2020,"20365",0
2021,"20365",1
2022,"20365",0
2023,"20365",0
2024,"20365",1
2025,"20365",0
2017,"20366",2
2018,"20366",4
2019,"20366",2
2020,"20366",3
2021,"20366",2
2022,"20366",6
2023,"20366",2
2024,"20366",5
2025,"20366",2
2017,"20367",0
2018,"20367",2
2019,"20367",2
2020,"20367",2
2021,"20367",1
2022,"20367",3
2023,"20367",1
2024,"20367",1
2025,"20367",5
2017,"20368",0
2018,"20368",1
2019,"20368",0
2020,"20368",1
2021,"20368",0
2022,"20368",0
2023,"20368",2
2024,"20368",0
2025,"20368",1
2017,"20369",0
2018,"20369",1
2019,"20369",0
2020,"20369",1
2021,"20369",0
2022,"20369",2
2023,"20369",1
2024,"20369",0
2025,"20369",2
2017,"20370",0
2018,"20370",1
2019,"20370",0
2020,"20370",0
2021,"20370",0
2022,"20370",0
2023,"20370",0
2024,"20370",0
2025,"20370",0
2017,"20371",0
2018,"20371",1
2019,"20371",1
2020,"20371",0
2021,"20371",0
2022,"20371",0
2023,"20371",0
2024,"20371",0
2025,"20371",0
2017,"20372",0
2018,"20372",0
2019,"20372",0
2020,"20372",2
2021,"20372",1
2022,"20372",0
2023,"20372",0
2024,"20372",0
2025,"20372",0
2017,"20373",0
2018,"20373",0
2019,"20373",0
2020,"20373",0
2021,"20373",0
2022,"20373",0
2023,"20373",0
2024,"20373",0
2025,"20373",0
2017,"20374",0
2018,"20374",1
2019,"20374",0
2020,"20374",0
2021,"20374",1
2022,"20374",2
2023,"20374",1
2024,"20374",0
2025,"20374",1
2017,"20375",0
2018,"20375",0
2019,"20375",1
2020,"20375",2
2021,"20375",1
2022,"20375",2
2023,"20375",4
2024,"20375",0
2025,"20375",2
2017,"20376",0
2018,"20376",0
2019,"20376",0
2020,"20376",1
2021,"20376",0
2022,"20376",0
2023,"20376",0
2024,"20376",0
2025,"20376",0
2017,"20377",1
2018,"20377",5
2019,"20377",4
2020,"20377",1
2021,"20377",2
2022,"20377",2
2023,"20377",3
2024,"20377",1
2025,"20377",0
2017,"20378",0
2018,"20378",0
2019,"20378",1
2020,"20378",1
2021,"20378",1
2022,"20378",2
2023,"20378",2
2024,"20378",1
2025,"20378",1
2017,"20379",0
2018,"20379",0
2019,"20379",0
2020,"20379",0
2021,"20379",0
2022,"20379",0
2023,"20379",2
2024,"20379",1
2025,"20379",0
2017,"20380",0
2018,"20380",0
2019,"20380",0
2020,"20380",0
2021,"20380",1
2022,"20380",1
2023,"20380",0
2024,"20380",0
2025,"20380",0
2017,"20381",0
2018,"20381",1
2019,"20381",0
2020,"20381",2
2021,"20381",0
2022,"20381",0
2023,"20381",1
2024,"20381",0
2025,"20381",0
2017,"20382",0
2018,"20382",0
2019,"20382",0
2020,"20382",1
2021,"20382",0
2022,"20382",0
2023,"20382",0
2024,"20382",0
2025,"20382",1
2017,"20383",0
2018,"20383",0
2019,"20383",0
2020,"20383",0
2021,"20383",0
2022,"20383",0
2023,"20383",0
2024,"20383",0
2025,"20383",0
2017,"20384",0
2018,"20384",2
2019,"20384",2
2020,"20384",0
2021,"20384",1
2022,"20384",0
2023,"20384",0
2024,"20384",0
2025,"20384",1
2012,"20385",9.69341167054715
2013,"20385",5.81604700232829
2014,"20385",0.969341167054715
2015,"20385",0
2016,"20385",27
2017,"20385",19
2018,"20385",16
2019,"20385",22
2020,"20385",18
2021,"20385",19
2022,"20385",19
2023,"20385",29
2024,"20385",23
2025,"20385",19
2017,"20386",1
2018,"20386",6
2019,"20386",3
2020,"20386",9
2021,"20386",8
2022,"20386",1
2023,"20386",1
2024,"20386",5
2025,"20386",4
2017,"20387",0
2018,"20387",2
2019,"20387",0
2020,"20387",0
2021,"20387",1
2022,"20387",2
2023,"20387",1
2024,"20387",0
2025,"20387",3
2017,"20388",0
2018,"20388",0
2019,"20388",0
2020,"20388",1
2021,"20388",0
2022,"20388",1
2023,"20388",0
2024,"20388",1
2025,"20388",3
2017,"20389",0
2018,"20389",1
2019,"20389",0
2020,"20389",0
2021,"20389",1
2022,"20389",0
2023,"20389",0
2024,"20389",0
2025,"20389",0
2012,"20390",2.90802350116414
2013,"20390",0
2015,"20390",0
2016,"20390",15
2017,"20390",16
2018,"20390",10
2019,"20390",12
2020,"20390",9
2021,"20390",8
2022,"20390",12
2023,"20390",6
2024,"20390",20
2025,"20390",7
2017,"20391",0
2018,"20391",5
2019,"20391",3
2020,"20391",2
2021,"20391",3
2022,"20391",1
2023,"20391",2
2024,"20391",0
2025,"20391",2
2017,"20392",0
2018,"20392",0
2019,"20392",1
2020,"20392",2
2021,"20392",1
2022,"20392",1
2023,"20392",2
2024,"20392",1
2025,"20392",2
2017,"20393",0
2018,"20393",1
2019,"20393",0
2020,"20393",1
2021,"20393",0
2022,"20393",1
2023,"20393",1
2024,"20393",0
2025,"20393",0
2017,"20394",0
2018,"20394",1
2019,"20394",0
2020,"20394",2
2021,"20394",0
2022,"20394",0
2023,"20394",1
2024,"20394",1
2025,"20394",0
2017,"20395",0
2018,"20395",0
2019,"20395",0
2020,"20395",0
2021,"20395",0
2022,"20395",0
2023,"20395",1
2024,"20395",1
2025,"20395",0
2017,"20396",0
2018,"20396",1
2019,"20396",1
2020,"20396",0
2021,"20396",0
2022,"20396",0
2023,"20396",0
2024,"20396",1
2025,"20396",1
2015,"20397",16
2016,"20397",18
2017,"20397",23
2018,"20397",15
2019,"20397",16
2020,"20397",8
2021,"20397",9
2022,"20397",9
2023,"20397",19
2024,"20397",13
2025,"20397",4
2017,"20398",1
2018,"20398",3
2019,"20398",2
2020,"20398",2
2021,"20398",3
2022,"20398",2
2023,"20398",2
2024,"20398",0
2025,"20398",0
2015,"20399",0
2016,"20399",8
2017,"20399",5
2018,"20399",9
2019,"20399",2
2020,"20399",5
2021,"20399",6
2022,"20399",4
2023,"20399",8
2024,"20399",11
2025,"20399",6
2017,"20400",0
2018,"20400",1
2019,"20400",2
2020,"20400",1
2021,"20400",1
2022,"20400",0
2023,"20400",0
2024,"20400",0
2025,"20400",0
2015,"20401",0
2016,"20401",16
2017,"20401",20
2018,"20401",10
2019,"20401",11
2020,"20401",16
2021,"20401",14
2022,"20401",43
2023,"20401",32
2024,"20401",33
2025,"20401",24
2017,"20402",0
2018,"20402",0
2019,"20402",1
2020,"20402",0
2021,"20402",0
2022,"20402",1
2023,"20402",1
2024,"20402",2
2025,"20402",3
2017,"20403",1
2018,"20403",1
2019,"20403",0
2020,"20403",0
2021,"20403",0
2022,"20403",0
2023,"20403",0
2024,"20403",0
2025,"20403",3
2017,"20404",0
2018,"20404",0
2019,"20404",0
2020,"20404",0
2021,"20404",0
2022,"20404",0
2023,"20404",0
2024,"20404",0
2025,"20404",0
2017,"20405",0
2018,"20405",0
2019,"20405",0
2020,"20405",2
2021,"20405",2
2022,"20405",0
2023,"20405",1
2024,"20405",0
2025,"20405",0
2017,"20406",0
2018,"20406",2
2019,"20406",6
2020,"20406",1
2021,"20406",4
2022,"20406",4
2023,"20406",3
2024,"20406",5
2025,"20406",1
2017,"20407",0
2018,"20407",1
2019,"20407",1
2020,"20407",3
2021,"20407",1
2022,"20407",2
2023,"20407",2
2024,"20407",1
2025,"20407",1
2017,"20408",0
2018,"20408",0
2019,"20408",0
2020,"20408",0
2021,"20408",0
2022,"20408",0
2023,"20408",0
2024,"20408",0
2025,"20408",0
2017,"20409",0
2018,"20409",2
2019,"20409",5
2020,"20409",2
2021,"20409",1
2022,"20409",6
2023,"20409",10
2024,"20409",0
2025,"20409",1
2017,"20410",0
2018,"20410",1
2019,"20410",1
2020,"20410",0
2021,"20410",0
2022,"20410",3
2023,"20410",2
2024,"20410",1
2025,"20410",2
2017,"20411",0
2018,"20411",0
2019,"20411",0
2020,"20411",0
2021,"20411",1
2022,"20411",1
2023,"20411",0
2024,"20411",0
2025,"20411",0
2017,"20412",0
2018,"20412",1
2019,"20412",0
2020,"20412",0
2021,"20412",0
2022,"20412",1
2023,"20412",2
2024,"20412",0
2025,"20412",0
2015,"20413",3
2016,"20413",19
2017,"20413",22
2018,"20413",31
2019,"20413",28
2020,"20413",24
2021,"20413",27
2022,"20413",46
2023,"20413",45
2024,"20413",42
2025,"20413",26
2017,"20414",2
2018,"20414",5
2019,"20414",8
2020,"20414",8
2021,"20414",7
2022,"20414",5
2023,"20414",4
2024,"20414",5
2025,"20414",4
2017,"20415",0
2018,"20415",0
2019,"20415",1
2020,"20415",2
2021,"20415",2
2022,"20415",3
2023,"20415",0
2024,"20415",1
2025,"20415",1
2017,"20416",0
2018,"20416",0
2019,"20416",0
2020,"20416",0
2021,"20416",0
2022,"20416",0
2023,"20416",0
2024,"20416",0
2025,"20416",0
2017,"20417",0
2018,"20417",0
2019,"20417",2
2020,"20417",2
2021,"20417",5
2022,"20417",3
2023,"20417",3
2024,"20417",2
2025,"20417",2
2017,"20418",1
2018,"20418",3
2019,"20418",4
2020,"20418",4
2021,"20418",2
2022,"20418",4
2023,"20418",12
2024,"20418",15
2025,"20418",7
2017,"20419",0
2018,"20419",0
2019,"20419",0
2020,"20419",0
2021,"20419",0
2022,"20419",1
2023,"20419",0
2024,"20419",0
2025,"20419",0
2017,"20420",0
2018,"20420",0
2019,"20420",1
2020,"20420",1
2021,"20420",0
2022,"20420",0
2023,"20420",1
2024,"20420",0
2025,"20420",1
2017,"20421",1
2018,"20421",7
2019,"20421",4
2020,"20421",7
2021,"20421",6
2022,"20421",13
2023,"20421",19
2024,"20421",8
2025,"20421",7
2017,"20422",0
2018,"20422",0
2019,"20422",1
2020,"20422",0
2021,"20422",0
2022,"20422",0
2023,"20422",0
2024,"20422",1
2025,"20422",1
2017,"20423",0
2018,"20423",0
2019,"20423",0
2020,"20423",0
2021,"20423",0
2022,"20423",0
2023,"20423",0
2024,"20423",0
2025,"20423",0
2017,"20424",1
2018,"20424",2
2019,"20424",3
2020,"20424",0
2021,"20424",1
2022,"20424",1
2023,"20424",0
2024,"20424",0
2025,"20424",2
2017,"20425",0
2018,"20425",0
2019,"20425",0
2020,"20425",0
2021,"20425",0
2022,"20425",0
2023,"20425",1
2024,"20425",2
2025,"20425",1
2017,"20426",0
2018,"20426",0
2019,"20426",1
2020,"20426",5
2021,"20426",0
2022,"20426",4
2023,"20426",2
2024,"20426",3
2025,"20426",4
2017,"20427",0
2018,"20427",5
2019,"20427",7
2020,"20427",4
2021,"20427",13
2022,"20427",7
2023,"20427",11
2024,"20427",4
2025,"20427",8
2017,"20428",1
2018,"20428",0
2019,"20428",0
2020,"20428",0
2021,"20428",0
2022,"20428",1
2023,"20428",1
2024,"20428",0
2025,"20428",2
2017,"20429",0
2018,"20429",0
2019,"20429",2
2020,"20429",0
2021,"20429",2
2022,"20429",0
2023,"20429",1
2024,"20429",1
2025,"20429",0
2017,"20430",0
2018,"20430",0
2019,"20430",0
2020,"20430",0
2021,"20430",0
2022,"20430",0
2023,"20430",0
2024,"20430",0
2025,"20430",0
2017,"20431",0
2018,"20431",1
2019,"20431",0
2020,"20431",0
2021,"20431",1
2022,"20431",1
2023,"20431",0
2024,"20431",1
2025,"20431",0
2017,"20432",0
2018,"20432",0
2019,"20432",0
2020,"20432",1
2021,"20432",0
2022,"20432",0
2023,"20432",1
2024,"20432",1
2025,"20432",0
2017,"20433",0
2018,"20433",1
2019,"20433",0
2020,"20433",1
2021,"20433",3
2022,"20433",0
2023,"20433",0
2024,"20433",1
2025,"20433",1
2017,"20434",0
2018,"20434",1
2019,"20434",1
2020,"20434",1
2021,"20434",1
2022,"20434",1
2023,"20434",1
2024,"20434",0
2025,"20434",0
2017,"20435",0
2018,"20435",0
2019,"20435",0
2020,"20435",0
2021,"20435",2
2022,"20435",2
2023,"20435",1
2024,"20435",0
2025,"20435",1
2017,"20436",0
2018,"20436",0
2019,"20436",1
2020,"20436",1
2021,"20436",0
2022,"20436",0
2023,"20436",0
2024,"20436",1
2025,"20436",0
2017,"20437",0
2018,"20437",0
2019,"20437",2
2020,"20437",2
2021,"20437",1
2022,"20437",1
2023,"20437",0
2024,"20437",3
2025,"20437",0
2017,"20438",0
2018,"20438",0
2019,"20438",0
2020,"20438",0
2021,"20438",0
2022,"20438",0
2023,"20438",0
2024,"20438",0
2025,"20438",0
2015,"20439",1
2016,"20439",12
2017,"20439",13
2018,"20439",14
2019,"20439",23
2020,"20439",10
2021,"20439",23
2022,"20439",19
2023,"20439",23
2024,"20439",24
2025,"20439",18
2017,"20440",0
2018,"20440",0
2019,"20440",0
2020,"20440",0
2021,"20440",0
2022,"20440",1
2023,"20440",0
2024,"20440",0
2025,"20440",0
2017,"20441",0
2018,"20441",0
2019,"20441",3
2020,"20441",2
2021,"20441",2
2022,"20441",2
2023,"20441",5
2024,"20441",5
2025,"20441",2
2017,"20442",0
2018,"20442",0
2019,"20442",0
2020,"20442",0
2021,"20442",0
2022,"20442",0
2023,"20442",0
2024,"20442",0
2025,"20442",0
2017,"20443",0
2018,"20443",0
2019,"20443",0
2020,"20443",0
2021,"20443",0
2022,"20443",0
2023,"20443",0
2024,"20443",0
2025,"20443",0
2017,"20444",0
2018,"20444",0
2019,"20444",0
2020,"20444",0
2021,"20444",0
2022,"20444",0
2023,"20444",0
2024,"20444",0
2025,"20444",0
2017,"20445",0
2018,"20445",0
2019,"20445",0
2020,"20445",0
2021,"20445",0
2022,"20445",0
2023,"20445",1
2024,"20445",0
2025,"20445",0
2017,"20446",0
2018,"20446",2
2019,"20446",1
2020,"20446",0
2021,"20446",0
2022,"20446",0
2023,"20446",1
2024,"20446",2
2025,"20446",3
2017,"20447",0
2018,"20447",8
2019,"20447",5
2020,"20447",6
2021,"20447",9
2022,"20447",9
2023,"20447",11
2024,"20447",2
2025,"20447",2
2017,"20448",0
2018,"20448",0
2019,"20448",1
2020,"20448",0
2021,"20448",0
2022,"20448",0
2023,"20448",0
2024,"20448",0
2025,"20448",0
2017,"20449",1
2018,"20449",0
2019,"20449",0
2020,"20449",5
2021,"20449",1
2022,"20449",2
2023,"20449",0
2024,"20449",3
2025,"20449",0
2017,"20450",2
2018,"20450",14
2019,"20450",20
2020,"20450",17
2021,"20450",20
2022,"20450",15
2023,"20450",25
2024,"20450",12
2025,"20450",21
2017,"20451",0
2018,"20451",0
2019,"20451",0
2020,"20451",1
2021,"20451",1
2022,"20451",0
2023,"20451",1
2024,"20451",1
2025,"20451",0
2017,"20452",0
2018,"20452",1
2019,"20452",0
2020,"20452",1
2021,"20452",0
2022,"20452",0
2023,"20452",0
2024,"20452",1
2025,"20452",3
2017,"20453",1
2018,"20453",2
2019,"20453",2
2020,"20453",6
2021,"20453",0
2022,"20453",1
2023,"20453",4
2024,"20453",7
2025,"20453",2
2017,"20454",0
2018,"20454",0
2019,"20454",0
2020,"20454",0
2021,"20454",1
2022,"20454",0
2023,"20454",1
2024,"20454",5
2025,"20454",1
2017,"20455",0
2018,"20455",2
2019,"20455",0
2020,"20455",0
2021,"20455",0
2022,"20455",0
2023,"20455",0
2024,"20455",0
2025,"20455",0
2017,"20456",0
2018,"20456",2
2019,"20456",0
2020,"20456",0
2021,"20456",1
2022,"20456",0
2023,"20456",0
2024,"20456",0
2025,"20456",0
2017,"20457",0
2018,"20457",0
2019,"20457",0
2020,"20457",1
2021,"20457",0
2022,"20457",0
2023,"20457",0
2024,"20457",2
2025,"20457",1
2017,"20458",0
2018,"20458",0
2019,"20458",2
2020,"20458",1
2021,"20458",0
2022,"20458",0
2023,"20458",2
2024,"20458",0
2025,"20458",0
2017,"20459",0
2018,"20459",0
2019,"20459",3
2020,"20459",2
2021,"20459",1
2022,"20459",2
2023,"20459",1
2024,"20459",0
2025,"20459",2
2017,"20460",0
2018,"20460",1
2019,"20460",0
2020,"20460",2
2021,"20460",0
2022,"20460",0
2023,"20460",2
2024,"20460",1
2025,"20460",0
2017,"20461",0
2018,"20461",0
2019,"20461",0
2020,"20461",0
2021,"20461",0
2022,"20461",0
2023,"20461",1
2024,"20461",1
2025,"20461",0
2017,"20462",0
2018,"20462",2
2019,"20462",0
2020,"20462",3
2021,"20462",1
2022,"20462",3
2023,"20462",2
2024,"20462",0
2025,"20462",1
2017,"20463",0
2018,"20463",0
2019,"20463",0
2020,"20463",0
2021,"20463",1
2022,"20463",0
2023,"20463",1
2024,"20463",1
2025,"20463",0
2017,"20464",0
2018,"20464",0
2019,"20464",0
2020,"20464",0
2021,"20464",0
2022,"20464",1
2023,"20464",0
2024,"20464",0
2025,"20464",1
2017,"20465",0
2018,"20465",0
2019,"20465",0
2020,"20465",0
2021,"20465",2
2022,"20465",0
2023,"20465",1
2024,"20465",1
2025,"20465",0
2017,"20466",1
2018,"20466",4
2019,"20466",7
2020,"20466",13
2021,"20466",8
2022,"20466",10
2023,"20466",7
2024,"20466",7
2025,"20466",8
2017,"20467",5
2018,"20467",31
2019,"20467",30
2020,"20467",22
2021,"20467",32
2022,"20467",31
2023,"20467",32
2024,"20467",38
2025,"20467",36
2017,"20468",0
2018,"20468",3
2019,"20468",5
2020,"20468",1
2021,"20468",5
2022,"20468",2
2023,"20468",2
2024,"20468",4
2025,"20468",4
2015,"20469",15
2016,"20469",12
2017,"20469",16
2018,"20469",14
2019,"20469",14
2020,"20469",17
2021,"20469",9
2022,"20469",21
2023,"20469",24
2024,"20469",7
2025,"20469",14
2017,"20470",0
2018,"20470",0
2019,"20470",0
2020,"20470",2
2021,"20470",2
2022,"20470",2
2023,"20470",3
2024,"20470",1
2025,"20470",1
2017,"20471",0
2018,"20471",0
2019,"20471",0
2020,"20471",0
2021,"20471",0
2022,"20471",0
2023,"20471",0
2024,"20471",0
2025,"20471",0
2017,"20472",0
2018,"20472",0
2019,"20472",1
2020,"20472",0
2021,"20472",1
2022,"20472",1
2023,"20472",0
2024,"20472",0
2025,"20472",0
2017,"20473",0
2018,"20473",1
2019,"20473",1
2020,"20473",1
2021,"20473",1
2022,"20473",0
2023,"20473",0
2024,"20473",0
2025,"20473",2
2017,"20474",0
2018,"20474",2
2019,"20474",1
2020,"20474",4
2021,"20474",2
2022,"20474",1
2023,"20474",3
2024,"20474",1
2025,"20474",0
2017,"20475",1
2018,"20475",0
2019,"20475",2
2020,"20475",2
2021,"20475",1
2022,"20475",5
2023,"20475",4
2024,"20475",1
2025,"20475",5
2017,"20476",0
2018,"20476",0
2019,"20476",1
2020,"20476",0
2021,"20476",0
2022,"20476",0
2023,"20476",1
2024,"20476",2
2025,"20476",0
2017,"20477",0
2018,"20477",1
2019,"20477",0
2020,"20477",1
2021,"20477",0
2022,"20477",1
2023,"20477",0
2024,"20477",1
2025,"20477",0
2017,"20478",0
2018,"20478",0
2019,"20478",0
2020,"20478",0
2021,"20478",0
2022,"20478",0
2023,"20478",2
2024,"20478",0
2025,"20478",1
2017,"20479",0
2018,"20479",0
2019,"20479",0
2020,"20479",0
2021,"20479",0
2022,"20479",0
2023,"20479",0
2024,"20479",0
2025,"20479",0
2017,"20480",0
2018,"20480",1
2019,"20480",2
2020,"20480",0
2021,"20480",0
2022,"20480",1
2023,"20480",1
2024,"20480",0
2025,"20480",0
2017,"20481",0
2018,"20481",1
2019,"20481",0
2020,"20481",1
2021,"20481",0
2022,"20481",0
2023,"20481",0
2024,"20481",0
2025,"20481",0
2015,"20482",24
2016,"20482",38
2017,"20482",50
2018,"20482",45
2019,"20482",26
2020,"20482",48
2021,"20482",50
2022,"20482",69
2023,"20482",39
2024,"20482",69
2025,"20482",45
2017,"20483",0
2018,"20483",3
2019,"20483",1
2020,"20483",2
2021,"20483",0
2022,"20483",3
2023,"20483",4
2024,"20483",0
2025,"20483",3
2017,"20484",1
2018,"20484",3
2019,"20484",3
2020,"20484",3
2021,"20484",2
2022,"20484",1
2023,"20484",2
2024,"20484",1
2025,"20484",1
2017,"20485",0
2018,"20485",2
2019,"20485",1
2020,"20485",2
2021,"20485",0
2022,"20485",0
2023,"20485",0
2024,"20485",0
2025,"20485",0
2017,"20486",0
2018,"20486",0
2019,"20486",1
2020,"20486",0
2021,"20486",1
2022,"20486",0
2023,"20486",0
2024,"20486",0
2025,"20486",1
2017,"20487",1
2018,"20487",1
2019,"20487",1
2020,"20487",0
2021,"20487",1
2022,"20487",1
2023,"20487",0
2024,"20487",1
2025,"20487",2
2017,"20488",0
2018,"20488",0
2019,"20488",0
2020,"20488",0
2021,"20488",0
2022,"20488",0
2023,"20488",0
2024,"20488",0
2025,"20488",0
2017,"20489",0
2018,"20489",2
2019,"20489",2
2020,"20489",3
2021,"20489",5
2022,"20489",2
2023,"20489",0
2024,"20489",0
2025,"20489",2
2017,"20490",1
2018,"20490",3
2019,"20490",0
2020,"20490",1
2021,"20490",4
2022,"20490",0
2023,"20490",4
2024,"20490",2
2025,"20490",2
2017,"20491",0
2018,"20491",1
2019,"20491",1
2020,"20491",4
2021,"20491",1
2022,"20491",2
2023,"20491",1
2024,"20491",0
2025,"20491",0
2017,"20492",0
2018,"20492",1
2019,"20492",2
2020,"20492",0
2021,"20492",0
2022,"20492",4
2023,"20492",0
2024,"20492",0
2025,"20492",2
2017,"20493",0
2018,"20493",0
2019,"20493",0
2020,"20493",0
2021,"20493",0
2022,"20493",0
2023,"20493",0
2024,"20493",0
2025,"20493",0
2017,"20494",0
2018,"20494",0
2019,"20494",3
2020,"20494",1
2021,"20494",1
2022,"20494",2
2023,"20494",3
2024,"20494",4
2025,"20494",3
2017,"20495",0
2018,"20495",0
2019,"20495",2
2020,"20495",1
2021,"20495",2
2022,"20495",3
2023,"20495",0
2024,"20495",0
2025,"20495",0
2017,"20496",0
2018,"20496",0
2019,"20496",1
2020,"20496",1
2021,"20496",0
2022,"20496",0
2023,"20496",0
2024,"20496",0
2025,"20496",0
2017,"20497",0
2018,"20497",0
2019,"20497",2
2020,"20497",4
2021,"20497",0
2022,"20497",2
2023,"20497",5
2024,"20497",4
2025,"20497",0
2017,"20498",1
2018,"20498",3
2019,"20498",3
2020,"20498",2
2021,"20498",2
2022,"20498",3
2023,"20498",0
2024,"20498",5
2025,"20498",4
2017,"20499",0
2018,"20499",0
2019,"20499",0
2020,"20499",0
2021,"20499",2
2022,"20499",0
2023,"20499",0
2024,"20499",1
2025,"20499",0
2017,"20500",0
2018,"20500",2
2019,"20500",2
2020,"20500",0
2021,"20500",3
2022,"20500",1
2023,"20500",3
2024,"20500",2
2025,"20500",5
2017,"20501",0
2018,"20501",0
2019,"20501",1
2020,"20501",0
2021,"20501",1
2022,"20501",0
2023,"20501",0
2024,"20501",0
2025,"20501",1
2017,"20502",0
2018,"20502",5
2019,"20502",1
2020,"20502",4
2021,"20502",1
2022,"20502",3
2023,"20502",3
2024,"20502",4
2025,"20502",2
2017,"20503",0
2018,"20503",0
2019,"20503",0
2020,"20503",0
2021,"20503",0
2022,"20503",0
2023,"20503",0
2024,"20503",0
2025,"20503",1
2017,"20504",0
2018,"20504",0
2019,"20504",4
2020,"20504",0
2021,"20504",0
2022,"20504",1
2023,"20504",0
2024,"20504",2
2025,"20504",0
2017,"20505",0
2018,"20505",3
2019,"20505",1
2020,"20505",1
2021,"20505",0
2022,"20505",1
2023,"20505",3
2024,"20505",2
2025,"20505",1
2017,"20506",0
2018,"20506",0
2019,"20506",0
2020,"20506",0
2021,"20506",0
2022,"20506",0
2023,"20506",0
2024,"20506",0
2025,"20506",0
2017,"20507",0
2018,"20507",1
2019,"20507",1
2020,"20507",1
2021,"20507",2
2022,"20507",0
2023,"20507",1
2024,"20507",5
2025,"20507",0
2017,"20508",0
2018,"20508",0
2019,"20508",2
2020,"20508",0
2021,"20508",0
2022,"20508",1
2023,"20508",0
2024,"20508",0
2025,"20508",2
2017,"20509",2
2018,"20509",2
2019,"20509",11
2020,"20509",6
2021,"20509",6
2022,"20509",6
2023,"20509",5
2024,"20509",2
2025,"20509",4
2017,"20510",0
2018,"20510",0
2019,"20510",0
2020,"20510",0
2021,"20510",0
2022,"20510",0
2023,"20510",0
2024,"20510",0
2025,"20510",0
2017,"20511",0
2018,"20511",1
2019,"20511",0
2020,"20511",0
2021,"20511",0
2022,"20511",2
2023,"20511",2
2024,"20511",0
2025,"20511",0
2017,"20512",0
2018,"20512",0
2019,"20512",0
2020,"20512",1
2021,"20512",0
2022,"20512",2
2023,"20512",0
2024,"20512",0
2025,"20512",0
2017,"20513",0
2018,"20513",2
2019,"20513",2
2020,"20513",10
2021,"20513",2
2022,"20513",4
2023,"20513",1
2024,"20513",6
2025,"20513",4
2017,"20514",0
2018,"20514",0
2019,"20514",0
2020,"20514",1
2021,"20514",0
2022,"20514",0
2023,"20514",0
2024,"20514",1
2025,"20514",0
2015,"20515",10
2016,"20515",30
2017,"20515",32
2018,"20515",34
2019,"20515",45
2020,"20515",40
2021,"20515",29
2022,"20515",44
2023,"20515",48
2024,"20515",51
2025,"20515",35
2017,"20516",0
2018,"20516",3
2019,"20516",3
2020,"20516",3
2021,"20516",0
2022,"20516",0
2023,"20516",1
2024,"20516",1
2025,"20516",0
2017,"20517",0
2018,"20517",1
2019,"20517",3
2020,"20517",1
2021,"20517",2
2022,"20517",2
2023,"20517",6
2024,"20517",6
2025,"20517",2
2017,"20518",0
2018,"20518",0
2019,"20518",0
2020,"20518",0
2021,"20518",0
2022,"20518",0
2023,"20518",0
2024,"20518",0
2025,"20518",0
2017,"20519",0
2018,"20519",0
2019,"20519",1
2020,"20519",1
2021,"20519",0
2022,"20519",0
2023,"20519",2
2024,"20519",0
2025,"20519",3
2017,"20520",0
2018,"20520",1
2019,"20520",1
2020,"20520",1
2021,"20520",4
2022,"20520",4
2023,"20520",1
2024,"20520",1
2025,"20520",3
2017,"20521",0
2018,"20521",0
2019,"20521",0
2020,"20521",0
2021,"20521",0
2022,"20521",1
2023,"20521",0
2024,"20521",0
2025,"20521",0
2017,"20522",0
2018,"20522",0
2019,"20522",0
2020,"20522",0
2021,"20522",1
2022,"20522",3
2023,"20522",0
2024,"20522",0
2025,"20522",1
2017,"20523",0
2018,"20523",1
2019,"20523",0
2020,"20523",0
2021,"20523",0
2022,"20523",2
2023,"20523",0
2024,"20523",2
2025,"20523",0
2017,"20524",0
2018,"20524",1
2019,"20524",0
2020,"20524",0
2021,"20524",0
2022,"20524",0
2023,"20524",0
2024,"20524",0
2025,"20524",0
2017,"20525",0
2018,"20525",6
2019,"20525",10
2020,"20525",9
2021,"20525",8
2022,"20525",5
2023,"20525",10
2024,"20525",6
2025,"20525",6
2017,"20526",1
2018,"20526",6
2019,"20526",5
2020,"20526",7
2021,"20526",8
2022,"20526",6
2023,"20526",11
2024,"20526",11
2025,"20526",10
2017,"20527",0
2018,"20527",1
2019,"20527",1
2020,"20527",0
2021,"20527",0
2022,"20527",2
2023,"20527",1
2024,"20527",1
2025,"20527",1
2017,"20528",0
2018,"20528",0
2019,"20528",0
2020,"20528",1
2021,"20528",1
2022,"20528",0
2023,"20528",0
2024,"20528",0
2025,"20528",0
2017,"20529",0
2018,"20529",0
2019,"20529",0
2020,"20529",0
2021,"20529",0
2022,"20529",0
2023,"20529",1
2024,"20529",0
2025,"20529",0
2017,"20530",0
2018,"20530",2
2019,"20530",1
2020,"20530",1
2021,"20530",1
2022,"20530",1
2023,"20530",0
2024,"20530",5
2025,"20530",2
2017,"20531",0
2018,"20531",0
2019,"20531",0
2020,"20531",1
2021,"20531",1
2022,"20531",0
2023,"20531",2
2024,"20531",0
2025,"20531",0
2017,"20532",0
2018,"20532",0
2019,"20532",0
2020,"20532",0
2021,"20532",2
2022,"20532",0
2023,"20532",1
2024,"20532",0
2025,"20532",0
2017,"20533",0
2018,"20533",2
2019,"20533",2
2020,"20533",1
2021,"20533",3
2022,"20533",2
2023,"20533",2
2024,"20533",0
2025,"20533",2
2017,"20534",0
2018,"20534",4
2019,"20534",5
2020,"20534",4
2021,"20534",2
2022,"20534",0
2023,"20534",1
2024,"20534",1
2025,"20534",0
2017,"20535",0
2018,"20535",2
2019,"20535",0
2020,"20535",1
2021,"20535",0
2022,"20535",0
2023,"20535",1
2024,"20535",0
2025,"20535",0
2017,"20536",0
2018,"20536",0
2019,"20536",0
2020,"20536",0
2021,"20536",0
2022,"20536",0
2023,"20536",0
2024,"20536",0
2025,"20536",0
2017,"20537",0
2018,"20537",2
2019,"20537",2
2020,"20537",3
2021,"20537",3
2022,"20537",4
2023,"20537",5
2024,"20537",6
2025,"20537",3
2017,"20538",0
2018,"20538",0
2019,"20538",0
2020,"20538",0
2021,"20538",1
2022,"20538",3
2023,"20538",1
2024,"20538",2
2025,"20538",0
2017,"20539",0
2018,"20539",0
2019,"20539",2
2020,"20539",1
2021,"20539",1
2022,"20539",3
2023,"20539",3
2024,"20539",0
2025,"20539",2
2017,"20540",0
2018,"20540",1
2019,"20540",2
2020,"20540",1
2021,"20540",1
2022,"20540",4
2023,"20540",2
2024,"20540",3
2025,"20540",2
2017,"20541",0
2018,"20541",0
2019,"20541",0
2020,"20541",0
2021,"20541",0
2022,"20541",0
2023,"20541",1
2024,"20541",0
2025,"20541",1
2017,"20542",0
2018,"20542",0
2019,"20542",2
2020,"20542",1
2021,"20542",0
2022,"20542",2
2023,"20542",1
2024,"20542",0
2025,"20542",1
2017,"20543",0
2018,"20543",0
2019,"20543",0
2020,"20543",1
2021,"20543",4
2022,"20543",0
2023,"20543",0
2024,"20543",1
2025,"20543",1
2017,"20544",0
2018,"20544",0
2019,"20544",1
2020,"20544",0
2021,"20544",1
2022,"20544",0
2023,"20544",2
2024,"20544",1
2025,"20544",1
2017,"20545",0
2018,"20545",1
2019,"20545",3
2020,"20545",3
2021,"20545",4
2022,"20545",10
2023,"20545",4
2024,"20545",6
2025,"20545",8
2017,"20546",0
2018,"20546",2
2019,"20546",0
2020,"20546",1
2021,"20546",0
2022,"20546",0
2023,"20546",0
2024,"20546",2
2025,"20546",1
2017,"20547",0
2018,"20547",0
2019,"20547",0
2020,"20547",0
2021,"20547",0
2022,"20547",0
2023,"20547",0
2024,"20547",0
2025,"20547",0
2017,"20548",0
2018,"20548",2
2019,"20548",1
2020,"20548",3
2021,"20548",4
2022,"20548",6
2023,"20548",8
2024,"20548",5
2025,"20548",1
2017,"20549",0
2018,"20549",2
2019,"20549",2
2020,"20549",3
2021,"20549",8
2022,"20549",1
2023,"20549",1
2024,"20549",2
2025,"20549",2
2017,"20550",0
2018,"20550",1
2019,"20550",1
2020,"20550",2
2021,"20550",0
2022,"20550",4
2023,"20550",5
2024,"20550",3
2025,"20550",5
2012,"20551",12.6014351717113
2013,"20551",1.93868233410943
2017,"20551",1
2018,"20551",16
2019,"20551",17
2020,"20551",20
2021,"20551",17
2022,"20551",16
2023,"20551",16
2024,"20551",21
2025,"20551",24
2017,"20552",0
2018,"20552",0
2019,"20552",0
2020,"20552",0
2021,"20552",0
2022,"20552",0
2023,"20552",0
2024,"20552",0
2025,"20552",0
2017,"20553",0
2018,"20553",3
2019,"20553",6
2020,"20553",3
2021,"20553",2
2022,"20553",10
2023,"20553",8
2024,"20553",5
2025,"20553",7
2017,"20554",0
2018,"20554",0
2019,"20554",1
2020,"20554",0
2021,"20554",0
2022,"20554",0
2023,"20554",0
2024,"20554",2
2025,"20554",3
2017,"20555",0
2018,"20555",0
2019,"20555",0
2020,"20555",1
2021,"20555",0
2022,"20555",2
2023,"20555",0
2024,"20555",1
2025,"20555",0
2017,"20556",0
2018,"20556",0
2019,"20556",0
2020,"20556",0
2021,"20556",0
2022,"20556",0
2023,"20556",0
2024,"20556",0
2025,"20556",1
2017,"20557",1
2018,"20557",5
2019,"20557",3
2020,"20557",3
2021,"20557",2
2022,"20557",7
2023,"20557",3
2024,"20557",3
2025,"20557",3
2017,"20558",0
2018,"20558",3
2019,"20558",0
2020,"20558",0
2021,"20558",2
2022,"20558",0
2023,"20558",1
2024,"20558",0
2025,"20558",0
2015,"20559",3
2016,"20559",3
2017,"20559",8
2018,"20559",6
2019,"20559",5
2020,"20559",9
2021,"20559",6
2022,"20559",5
2023,"20559",6
2024,"20559",13
2025,"20559",6
2017,"20560",0
2018,"20560",2
2019,"20560",1
2020,"20560",1
2021,"20560",2
2022,"20560",1
2023,"20560",2
2024,"20560",3
2025,"20560",0
2017,"20561",0
2018,"20561",0
2019,"20561",0
2020,"20561",0
2021,"20561",2
2022,"20561",0
2023,"20561",0
2024,"20561",1
2025,"20561",3
2017,"20562",0
2018,"20562",0
2019,"20562",0
2020,"20562",0
2021,"20562",0
2022,"20562",0
2023,"20562",0
2024,"20562",0
2025,"20562",0
2017,"20563",0
2018,"20563",1
2019,"20563",2
2020,"20563",1
2021,"20563",1
2022,"20563",1
2023,"20563",0
2024,"20563",1
2025,"20563",1
2017,"20564",0
2018,"20564",0
2019,"20564",0
2020,"20564",0
2021,"20564",0
2022,"20564",0
2023,"20564",0
2024,"20564",0
2025,"20564",0
2015,"20565",0
2016,"20565",15
2017,"20565",12
2018,"20565",14
2019,"20565",14
2020,"20565",9
2021,"20565",11
2022,"20565",14
2023,"20565",20
2024,"20565",22
2025,"20565",14
2017,"20566",1
2018,"20566",2
2019,"20566",2
2020,"20566",2
2021,"20566",2
2022,"20566",2
2023,"20566",1
2024,"20566",0
2025,"20566",2
2017,"20567",1
2018,"20567",0
2019,"20567",1
2020,"20567",0
2021,"20567",2
2022,"20567",0
2023,"20567",1
2024,"20567",5
2025,"20567",0
2017,"20568",0
2018,"20568",2
2019,"20568",2
2020,"20568",0
2021,"20568",0
2022,"20568",2
2023,"20568",2
2024,"20568",0
2025,"20568",2
2017,"20569",0
2018,"20569",0
2019,"20569",0
2020,"20569",0
2021,"20569",0
2022,"20569",0
2023,"20569",0
2024,"20569",0
2025,"20569",0
2017,"20570",2
2018,"20570",16
2019,"20570",7
2020,"20570",6
2021,"20570",6
2022,"20570",8
2023,"20570",5
2024,"20570",15
2025,"20570",9
2014,"20999",986.7893080617
2015,"20999",149
2016,"20999",686
2017,"20999",624
2018,"20999",0
2019,"20999",20
2020,"20999",0
2021,"20999",0
2022,"20999",0
2023,"20999",0
2024,"20999",2
2025,"20999",0
2011,"21001",4.84670583527357
2012,"21001",3.87736466821886
2013,"21001",4.84670583527357
2014,"21001",6.785388169383
2015,"21001",13
2016,"21001",5
2017,"21001",7
2018,"21001",23
2019,"21001",15
2020,"21001",13
2021,"21001",7
2022,"21001",21
2023,"21001",31
2024,"21001",16
2025,"21001",16
2011,"21002",0
2012,"21002",1.93868233410943
2013,"21002",0.969341167054715
2014,"21002",1.93868233410943
2015,"21002",4
2016,"21002",3
2017,"21002",5
2018,"21002",2
2019,"21002",5
2020,"21002",5
2021,"21002",4
2022,"21002",0
2023,"21002",4
2024,"21002",6
2025,"21002",1
2011,"21003",1.93868233410943
2012,"21003",18.4174821740396
2013,"21003",7.75472933643772
2014,"21003",8.72407050349243
2015,"21003",9
2016,"21003",18
2017,"21003",18
2018,"21003",22
2019,"21003",16
2020,"21003",9
2021,"21003",5
2022,"21003",12
2023,"21003",8
2024,"21003",8
2025,"21003",9
2011,"21004",16.4787998399302
2012,"21004",17.4481410069849
2013,"21004",12.6014351717113
2014,"21004",7.75472933643772
2015,"21004",19
2016,"21004",14
2017,"21004",15
2018,"21004",27
2019,"21004",25
2020,"21004",24
2021,"21004",22
2022,"21004",26
2023,"21004",32
2024,"21004",32
2025,"21004",22
2011,"21005",0
2012,"21005",0
2013,"21005",0
2014,"21005",1.93868233410943
2015,"21005",1
2016,"21005",0
2017,"21005",0
2018,"21005",1
2019,"21005",0
2020,"21005",0
2021,"21005",0
2022,"21005",0
2023,"21005",0
2024,"21005",1
2025,"21005",1
2011,"21006",0.969341167054715
2012,"21006",3.87736466821886
2013,"21006",3.87736466821886
2014,"21006",0.969341167054715
2015,"21006",6
2016,"21006",2
2017,"21006",0
2018,"21006",2
2019,"21006",2
2020,"21006",0
2021,"21006",3
2022,"21006",1
2023,"21006",0
2024,"21006",0
2025,"21006",2
2011,"21007",0
2012,"21007",0
2013,"21007",0
2014,"21007",0
2015,"21007",0
2016,"21007",0
2017,"21007",0
2018,"21007",0
2019,"21007",2
2020,"21007",2
2021,"21007",1
2022,"21007",1
2023,"21007",1
2024,"21007",3
2025,"21007",2
2011,"21008",0
2012,"21008",0.969341167054715
2013,"21008",4.84670583527357
2014,"21008",3.87736466821886
2015,"21008",4
2016,"21008",3
2017,"21008",0
2018,"21008",3
2019,"21008",9
2020,"21008",3
2021,"21008",6
2022,"21008",3
2023,"21008",4
2024,"21008",9
2025,"21008",2
2011,"21009",0
2012,"21009",0
2013,"21009",1.93868233410943
2014,"21009",0
2015,"21009",0
2016,"21009",2
2017,"21009",0
2018,"21009",0
2019,"21009",0
2020,"21009",0
2021,"21009",1
2022,"21009",0
2023,"21009",1
2024,"21009",1
2025,"21009",1
2011,"21010",11.6320940046566
2012,"21010",5.81604700232829
2013,"21010",10.6627528376019
2014,"21010",3.87736466821886
2015,"21010",10
2016,"21010",1
2017,"21010",8
2018,"21010",12
2019,"21010",4
2020,"21010",7
2021,"21010",8
2022,"21010",9
2023,"21010",15
2024,"21010",11
2025,"21010",8
2011,"21011",0
2012,"21011",0
2013,"21011",0
2014,"21011",0
2015,"21011",1
2016,"21011",0
2017,"21011",0
2018,"21011",0
2019,"21011",0
2020,"21011",0
2021,"21011",0
2022,"21011",0
2023,"21011",1
2024,"21011",0
2025,"21011",0
2011,"21012",0.969341167054715
2012,"21012",1.93868233410943
2013,"21012",0.969341167054715
2014,"21012",0
2015,"21012",2
2016,"21012",1
2017,"21012",2
2018,"21012",2
2019,"21012",0
2020,"21012",2
2021,"21012",2
2022,"21012",2
2023,"21012",4
2024,"21012",5
2025,"21012",0
2011,"21013",0.969341167054715
2012,"21013",0
2013,"21013",1.93868233410943
2014,"21013",0.969341167054715
2015,"21013",3
2016,"21013",1
2017,"21013",3
2018,"21013",3
2019,"21013",4
2020,"21013",3
2021,"21013",2
2022,"21013",7
2023,"21013",3
2024,"21013",1
2025,"21013",3
2011,"21014",0
2012,"21014",0
2013,"21014",0.969341167054715
2014,"21014",0
2015,"21014",1
2016,"21014",0
2017,"21014",1
2018,"21014",0
2019,"21014",0
2020,"21014",2
2021,"21014",0
2022,"21014",1
2023,"21014",0
2024,"21014",0
2025,"21014",0
2011,"21015",4.84670583527357
2012,"21015",20.356164508149
2013,"21015",26.1722115104773
2014,"21015",26.1722115104773
2015,"21015",28
2016,"21015",21
2017,"21015",42
2018,"21015",38
2019,"21015",40
2020,"21015",36
2021,"21015",34
2022,"21015",30
2023,"21015",26
2024,"21015",42
2025,"21015",44
2011,"21016",0
2012,"21016",0.969341167054715
2013,"21016",1.93868233410943
2014,"21016",0.969341167054715
2015,"21016",1
2016,"21016",1
2017,"21016",0
2018,"21016",0
2019,"21016",1
2020,"21016",2
2021,"21016",0
2022,"21016",1
2023,"21016",3
2024,"21016",1
2025,"21016",0
2011,"21017",0
2012,"21017",0
2013,"21017",4.84670583527357
2014,"21017",4.84670583527357
2015,"21017",4
2016,"21017",4
2017,"21017",3
2018,"21017",0
2019,"21017",3
2020,"21017",5
2021,"21017",4
2022,"21017",0
2023,"21017",3
2024,"21017",2
2025,"21017",1
2011,"21018",0
2012,"21018",0.969341167054715
2013,"21018",0.969341167054715
2014,"21018",0
2015,"21018",0
2016,"21018",0
2017,"21018",0
2018,"21018",1
2019,"21018",0
2020,"21018",0
2021,"21018",0
2022,"21018",0
2023,"21018",2
2024,"21018",1
2025,"21018",0
2011,"21019",41.6816701833527
2012,"21019",48.4670583527357
2013,"21019",30.0495761786962
2014,"21019",21.3255056752037
2015,"21019",46
2016,"21019",37
2017,"21019",50
2018,"21019",76
2019,"21019",69
2020,"21019",41
2021,"21019",32
2022,"21019",36
2023,"21019",25
2024,"21019",47
2025,"21019",37
2011,"21020",0
2012,"21020",0
2013,"21020",0
2014,"21020",0.969341167054715
2015,"21020",0
2016,"21020",0
2017,"21020",1
2018,"21020",1
2019,"21020",0
2020,"21020",1
2021,"21020",0
2022,"21020",0
2023,"21020",1
2024,"21020",1
2025,"21020",2
2011,"21021",0
2012,"21021",0
2013,"21021",0.969341167054715
2014,"21021",0.969341167054715
2015,"21021",0
2016,"21021",0
2017,"21021",0
2018,"21021",1
2019,"21021",0
2020,"21021",3
2021,"21021",1
2022,"21021",1
2023,"21021",0
2024,"21021",0
2025,"21021",1
2011,"21022",0.969341167054715
2012,"21022",3.87736466821886
2013,"21022",2.90802350116414
2014,"21022",1.93868233410943
2015,"21022",7
2016,"21022",5
2017,"21022",1
2018,"21022",3
2019,"21022",4
2020,"21022",5
2021,"21022",1
2022,"21022",5
2023,"21022",1
2024,"21022",5
2025,"21022",1
2011,"21023",0
2012,"21023",0.969341167054715
2013,"21023",1.93868233410943
2014,"21023",1.93868233410943
2015,"21023",3
2016,"21023",3
2017,"21023",3
2018,"21023",3
2019,"21023",5
2020,"21023",0
2021,"21023",2
2022,"21023",1
2023,"21023",1
2024,"21023",1
2025,"21023",5
2011,"21024",0
2012,"21024",0
2013,"21024",0
2014,"21024",0
2015,"21024",0
2016,"21024",0
2017,"21024",0
2018,"21024",0
2019,"21024",0
2020,"21024",0
2021,"21024",0
2022,"21024",0
2023,"21024",0
2024,"21024",0
2025,"21024",2
2011,"21025",0
2012,"21025",1.93868233410943
2013,"21025",0.969341167054715
2014,"21025",0.969341167054715
2015,"21025",3
2016,"21025",3
2017,"21025",5
2018,"21025",5
2019,"21025",3
2020,"21025",1
2021,"21025",2
2022,"21025",2
2023,"21025",1
2024,"21025",2
2025,"21025",2
2011,"21026",0
2012,"21026",3.87736466821886
2013,"21026",2.90802350116414
2014,"21026",1.93868233410943
2015,"21026",0
2016,"21026",2
2017,"21026",2
2018,"21026",2
2019,"21026",2
2020,"21026",1
2021,"21026",0
2022,"21026",0
2023,"21026",6
2024,"21026",3
2025,"21026",5
2011,"21027",0
2012,"21027",0
2013,"21027",0
2014,"21027",0.969341167054715
2015,"21027",0
2016,"21027",0
2017,"21027",0
2018,"21027",2
2019,"21027",1
2020,"21027",0
2021,"21027",0
2022,"21027",1
2023,"21027",0
2024,"21027",2
2025,"21027",0
2011,"21028",0
2012,"21028",0
2013,"21028",0
2014,"21028",0
2015,"21028",0
2016,"21028",1
2017,"21028",0
2018,"21028",0
2019,"21028",0
2020,"21028",0
2021,"21028",0
2022,"21028",0
2023,"21028",0
2024,"21028",0
2025,"21028",0
2011,"21029",0.969341167054715
2012,"21029",0
2013,"21029",0
2014,"21029",0.969341167054715
2015,"21029",0
2016,"21029",1
2017,"21029",0
2018,"21029",1
2019,"21029",1
2020,"21029",0
2021,"21029",2
2022,"21029",0
2023,"21029",0
2024,"21029",0
2025,"21029",0
2011,"21030",0
2012,"21030",0
2013,"21030",0
2014,"21030",0
2015,"21030",0
2016,"21030",1
2017,"21030",0
2018,"21030",0
2019,"21030",2
2020,"21030",0
2021,"21030",0
2022,"21030",0
2023,"21030",0
2024,"21030",0
2025,"21030",0
2011,"21031",0
2012,"21031",0
2013,"21031",0
2014,"21031",0
2015,"21031",0
2016,"21031",0
2017,"21031",0
2018,"21031",2
2019,"21031",0
2020,"21031",1
2021,"21031",1
2022,"21031",0
2023,"21031",0
2024,"21031",1
2025,"21031",1
2011,"21032",0
2012,"21032",0.969341167054715
2013,"21032",0
2014,"21032",0
2015,"21032",1
2016,"21032",0
2017,"21032",0
2018,"21032",0
2019,"21032",1
2020,"21032",1
2021,"21032",0
2022,"21032",0
2023,"21032",0
2024,"21032",1
2025,"21032",0
2011,"21033",0
2012,"21033",0
2013,"21033",0.969341167054715
2014,"21033",1.93868233410943
2015,"21033",3
2016,"21033",2
2017,"21033",2
2018,"21033",5
2019,"21033",3
2020,"21033",1
2021,"21033",3
2022,"21033",1
2023,"21033",4
2024,"21033",5
2025,"21033",2
2011,"21034",4.84670583527357
2012,"21034",6.785388169383
2013,"21034",7.75472933643772
2014,"21034",8.72407050349243
2015,"21034",7
2016,"21034",6
2017,"21034",7
2018,"21034",10
2019,"21034",10
2020,"21034",4
2021,"21034",9
2022,"21034",6
2023,"21034",13
2024,"21034",31
2025,"21034",22
2011,"21035",0
2012,"21035",3.87736466821886
2013,"21035",3.87736466821886
2014,"21035",7.75472933643772
2015,"21035",6
2016,"21035",6
2017,"21035",10
2018,"21035",8
2019,"21035",4
2020,"21035",4
2021,"21035",8
2022,"21035",7
2023,"21035",7
2024,"21035",12
2025,"21035",8
2011,"21036",0
2012,"21036",0.969341167054715
2013,"21036",0.969341167054715
2014,"21036",0.969341167054715
2015,"21036",4
2016,"21036",3
2017,"21036",3
2018,"21036",5
2019,"21036",1
2020,"21036",4
2021,"21036",0
2022,"21036",4
2023,"21036",3
2024,"21036",3
2025,"21036",0
2011,"21037",0
2012,"21037",0
2013,"21037",0
2014,"21037",0
2015,"21037",0
2016,"21037",1
2017,"21037",0
2018,"21037",0
2019,"21037",0
2020,"21037",0
2021,"21037",0
2022,"21037",0
2023,"21037",0
2024,"21037",0
2025,"21037",2
2011,"21038",0
2012,"21038",0.969341167054715
2013,"21038",4.84670583527357
2014,"21038",3.87736466821886
2015,"21038",6
2016,"21038",7
2017,"21038",5
2018,"21038",10
2019,"21038",8
2020,"21038",7
2021,"21038",12
2022,"21038",8
2023,"21038",7
2024,"21038",11
2025,"21038",11
2011,"21039",1.93868233410943
2012,"21039",1.93868233410943
2013,"21039",0
2014,"21039",0
2015,"21039",1
2016,"21039",1
2017,"21039",3
2018,"21039",1
2019,"21039",0
2020,"21039",1
2021,"21039",0
2022,"21039",0
2023,"21039",0
2024,"21039",3
2025,"21039",1
2011,"21040",0
2012,"21040",0.969341167054715
2013,"21040",2.90802350116414
2014,"21040",0
2015,"21040",3
2016,"21040",2
2017,"21040",1
2018,"21040",4
2019,"21040",3
2020,"21040",2
2021,"21040",5
2022,"21040",2
2023,"21040",6
2024,"21040",10
2025,"21040",5
2011,"21041",6.785388169383
2012,"21041",21.3255056752037
2013,"21041",16.4787998399302
2014,"21041",15.5094586728754
2015,"21041",10
2016,"21041",8
2017,"21041",21
2018,"21041",24
2019,"21041",14
2020,"21041",6
2021,"21041",10
2022,"21041",6
2023,"21041",11
2024,"21041",23
2025,"21041",18
2011,"21042",0
2012,"21042",1.93868233410943
2013,"21042",0
2014,"21042",0
2015,"21042",1
2016,"21042",0
2017,"21042",1
2018,"21042",1
2019,"21042",1
2020,"21042",2
2021,"21042",0
2022,"21042",0
2023,"21042",0
2024,"21042",0
2025,"21042",0
2011,"21043",0.969341167054715
2012,"21043",6.785388169383
2013,"21043",9.69341167054715
2014,"21043",7.75472933643772
2015,"21043",5
2016,"21043",6
2017,"21043",5
2018,"21043",7
2019,"21043",4
2020,"21043",1
2021,"21043",7
2022,"21043",7
2023,"21043",4
2024,"21043",4
2025,"21043",6
2011,"21044",0.969341167054715
2012,"21044",2.90802350116414
2013,"21044",3.87736466821886
2014,"21044",2.90802350116414
2015,"21044",3
2016,"21044",7
2017,"21044",4
2018,"21044",4
2019,"21044",7
2020,"21044",5
2021,"21044",7
2022,"21044",6
2023,"21044",8
2024,"21044",4
2025,"21044",5
2011,"21045",22.2948468422584
2012,"21045",25.2028703434226
2013,"21045",7.75472933643772
2014,"21045",9.69341167054715
2015,"21045",13
2016,"21045",17
2017,"21045",16
2018,"21045",19
2019,"21045",13
2020,"21045",8
2021,"21045",7
2022,"21045",11
2023,"21045",13
2024,"21045",13
2025,"21045",13
2011,"21046",0.969341167054715
2012,"21046",0.969341167054715
2013,"21046",2.90802350116414
2014,"21046",0.969341167054715
2015,"21046",0
2016,"21046",1
2017,"21046",3
2018,"21046",1
2019,"21046",0
2020,"21046",0
2021,"21046",1
2022,"21046",1
2023,"21046",1
2024,"21046",6
2025,"21046",4
2011,"21047",1.93868233410943
2012,"21047",4.84670583527357
2013,"21047",5.81604700232829
2014,"21047",3.87736466821886
2015,"21047",8
2016,"21047",8
2017,"21047",13
2018,"21047",10
2019,"21047",6
2020,"21047",5
2021,"21047",9
2022,"21047",17
2023,"21047",13
2024,"21047",16
2025,"21047",9
2011,"21048",0
2012,"21048",1.93868233410943
2013,"21048",1.93868233410943
2014,"21048",1.93868233410943
2015,"21048",1
2016,"21048",2
2017,"21048",2
2018,"21048",3
2019,"21048",3
2020,"21048",1
2021,"21048",0
2022,"21048",4
2023,"21048",2
2024,"21048",7
2025,"21048",2
2011,"21049",0.969341167054715
2012,"21049",2.90802350116414
2013,"21049",4.84670583527357
2014,"21049",0
2015,"21049",3
2016,"21049",1
2017,"21049",5
2018,"21049",5
2019,"21049",3
2020,"21049",10
2021,"21049",0
2022,"21049",3
2023,"21049",5
2024,"21049",1
2025,"21049",3
2011,"21050",0
2012,"21050",0.969341167054715
2013,"21050",0
2014,"21050",2.90802350116414
2015,"21050",1
2016,"21050",1
2017,"21050",2
2018,"21050",3
2019,"21050",0
2020,"21050",2
2021,"21050",0
2022,"21050",2
2023,"21050",2
2024,"21050",2
2025,"21050",2
2011,"21051",0
2012,"21051",4.84670583527357
2013,"21051",12.6014351717113
2014,"21051",6.785388169383
2015,"21051",10
2016,"21051",8
2017,"21051",25
2018,"21051",17
2019,"21051",21
2020,"21051",19
2021,"21051",36
2022,"21051",24
2023,"21051",24
2024,"21051",37
2025,"21051",27
2011,"21052",0
2012,"21052",0
2013,"21052",0
2014,"21052",0
2015,"21052",0
2016,"21052",0
2017,"21052",0
2018,"21052",0
2019,"21052",0
2020,"21052",0
2021,"21052",1
2022,"21052",0
2023,"21052",0
2024,"21052",0
2025,"21052",0
2011,"21053",12.6014351717113
2012,"21053",23.2641880093132
2013,"21053",12.6014351717113
2014,"21053",8.72407050349243
2015,"21053",10
2016,"21053",14
2017,"21053",27
2018,"21053",36
2019,"21053",22
2020,"21053",26
2021,"21053",21
2022,"21053",22
2023,"21053",12
2024,"21053",23
2025,"21053",24
2011,"21054",2.90802350116414
2012,"21054",2.90802350116414
2013,"21054",4.84670583527357
2014,"21054",0.969341167054715
2015,"21054",4
2016,"21054",4
2017,"21054",8
2018,"21054",6
2019,"21054",4
2020,"21054",4
2021,"21054",4
2022,"21054",6
2023,"21054",4
2024,"21054",2
2025,"21054",4
2011,"21055",0.969341167054715
2012,"21055",0
2013,"21055",2.90802350116414
2014,"21055",2.90802350116414
2015,"21055",0
2016,"21055",2
2017,"21055",2
2018,"21055",1
2019,"21055",3
2020,"21055",3
2021,"21055",0
2022,"21055",1
2023,"21055",2
2024,"21055",7
2025,"21055",1
2011,"21056",0
2012,"21056",0
2013,"21056",1.93868233410943
2014,"21056",0.969341167054715
2015,"21056",0
2016,"21056",1
2017,"21056",0
2018,"21056",1
2019,"21056",0
2020,"21056",0
2021,"21056",0
2022,"21056",0
2023,"21056",0
2024,"21056",1
2025,"21056",0
2011,"21057",0
2012,"21057",0.969341167054715
2013,"21057",0
2014,"21057",1.93868233410943
2015,"21057",1
2016,"21057",0
2017,"21057",1
2018,"21057",4
2019,"21057",1
2020,"21057",0
2021,"21057",1
2022,"21057",1
2023,"21057",0
2024,"21057",1
2025,"21057",1
2011,"21058",0
2012,"21058",0.969341167054715
2013,"21058",0.969341167054715
2014,"21058",1.93868233410943
2015,"21058",1
2016,"21058",0
2017,"21058",2
2018,"21058",4
2019,"21058",4
2020,"21058",3
2021,"21058",4
2022,"21058",1
2023,"21058",0
2024,"21058",0
2025,"21058",2
2011,"21059",0.969341167054715
2012,"21059",3.87736466821886
2013,"21059",2.90802350116414
2014,"21059",0
2015,"21059",1
2016,"21059",3
2017,"21059",1
2018,"21059",3
2019,"21059",0
2020,"21059",2
2021,"21059",2
2022,"21059",0
2023,"21059",1
2024,"21059",2
2025,"21059",5
2011,"21060",0
2012,"21060",0.969341167054715
2013,"21060",0.969341167054715
2014,"21060",0.969341167054715
2015,"21060",2
2016,"21060",0
2017,"21060",1
2018,"21060",3
2019,"21060",1
2020,"21060",1
2021,"21060",2
2022,"21060",1
2023,"21060",0
2024,"21060",1
2025,"21060",1
2011,"21061",1.93868233410943
2012,"21061",0.969341167054715
2013,"21061",2.90802350116414
2014,"21061",1.93868233410943
2015,"21061",1
2016,"21061",3
2017,"21061",4
2018,"21061",3
2019,"21061",2
2020,"21061",3
2021,"21061",1
2022,"21061",2
2023,"21061",1
2024,"21061",3
2025,"21061",7
2011,"21062",0.969341167054715
2012,"21062",0
2013,"21062",2.90802350116414
2014,"21062",0.969341167054715
2015,"21062",2
2016,"21062",1
2017,"21062",4
2018,"21062",6
2019,"21062",0
2020,"21062",3
2021,"21062",3
2022,"21062",3
2023,"21062",4
2024,"21062",3
2025,"21062",2
2011,"21063",2.90802350116414
2012,"21063",7.75472933643772
2013,"21063",11.6320940046566
2014,"21063",8.72407050349243
2015,"21063",6
2016,"21063",19
2017,"21063",6
2018,"21063",12
2019,"21063",7
2020,"21063",7
2021,"21063",7
2022,"21063",8
2023,"21063",5
2024,"21063",3
2025,"21063",8
2011,"21064",1.93868233410943
2012,"21064",3.87736466821886
2013,"21064",6.785388169383
2014,"21064",4.84670583527357
2015,"21064",8
2016,"21064",6
2017,"21064",4
2018,"21064",3
2019,"21064",8
2020,"21064",5
2021,"21064",2
2022,"21064",7
2023,"21064",0
2024,"21064",2
2025,"21064",1
2011,"21065",1.93868233410943
2012,"21065",2.90802350116414
2013,"21065",2.90802350116414
2014,"21065",3.87736466821886
2015,"21065",6
2016,"21065",6
2017,"21065",6
2018,"21065",5
2019,"21065",8
2020,"21065",2
2021,"21065",7
2022,"21065",3
2023,"21065",7
2024,"21065",5
2025,"21065",5
2011,"21066",0
2012,"21066",2.90802350116414
2013,"21066",0
2014,"21066",0
2015,"21066",3
2016,"21066",0
2017,"21066",2
2018,"21066",1
2019,"21066",2
2020,"21066",0
2021,"21066",1
2022,"21066",2
2023,"21066",0
2024,"21066",5
2025,"21066",0
2011,"21067",0
2012,"21067",6.785388169383
2013,"21067",1.93868233410943
2014,"21067",1.93868233410943
2015,"21067",2
2016,"21067",10
2017,"21067",4
2018,"21067",9
2019,"21067",6
2020,"21067",6
2021,"21067",9
2022,"21067",8
2023,"21067",3
2024,"21067",7
2025,"21067",5
2011,"21068",0
2012,"21068",0.969341167054715
2013,"21068",0.969341167054715
2014,"21068",0
2015,"21068",0
2016,"21068",1
2017,"21068",0
2018,"21068",0
2019,"21068",0
2020,"21068",0
2021,"21068",0
2022,"21068",1
2023,"21068",1
2024,"21068",1
2025,"21068",0
2011,"21069",0.969341167054715
2012,"21069",7.75472933643772
2013,"21069",6.785388169383
2014,"21069",9.69341167054715
2015,"21069",7
2016,"21069",6
2017,"21069",12
2018,"21069",9
2019,"21069",8
2020,"21069",7
2021,"21069",8
2022,"21069",12
2023,"21069",13
2024,"21069",10
2025,"21069",15
2011,"21070",0
2012,"21070",0
2013,"21070",1.93868233410943
2014,"21070",0
2015,"21070",0
2016,"21070",0
2017,"21070",1
2018,"21070",2
2019,"21070",1
2020,"21070",0
2021,"21070",0
2022,"21070",0
2023,"21070",0
2024,"21070",0
2025,"21070",0
2011,"21071",23.2641880093132
2012,"21071",28.1108938445867
2013,"21071",17.4481410069849
2014,"21071",10.6627528376019
2015,"21071",27
2016,"21071",31
2017,"21071",53
2018,"21071",51
2019,"21071",53
2020,"21071",29
2021,"21071",23
2022,"21071",20
2023,"21071",21
2024,"21071",37
2025,"21071",29
2011,"21072",0
2012,"21072",1.93868233410943
2013,"21072",0
2014,"21072",0.969341167054715
2015,"21072",0
2016,"21072",2
2017,"21072",0
2018,"21072",2
2019,"21072",4
2020,"21072",1
2021,"21072",1
2022,"21072",3
2023,"21072",0
2024,"21072",3
2025,"21072",2
2011,"21073",0.969341167054715
2012,"21073",1.93868233410943
2013,"21073",1.93868233410943
2014,"21073",0
2015,"21073",1
2016,"21073",2
2017,"21073",3
2018,"21073",3
2019,"21073",2
2020,"21073",0
2021,"21073",1
2022,"21073",4
2023,"21073",1
2024,"21073",3
2025,"21073",4
2011,"21074",18.4174821740396
2012,"21074",23.2641880093132
2013,"21074",18.4174821740396
2014,"21074",18.4174821740396
2015,"21074",24
2016,"21074",11
2017,"21074",20
2018,"21074",50
2019,"21074",34
2020,"21074",22
2021,"21074",7
2022,"21074",15
2023,"21074",15
2024,"21074",42
2025,"21074",29
2011,"21075",0
2012,"21075",0.969341167054715
2013,"21075",0.969341167054715
2014,"21075",1.93868233410943
2015,"21075",1
2016,"21075",2
2017,"21075",1
2018,"21075",0
2019,"21075",1
2020,"21075",0
2021,"21075",0
2022,"21075",3
2023,"21075",1
2024,"21075",1
2025,"21075",0
2011,"21076",1.93868233410943
2012,"21076",3.87736466821886
2013,"21076",1.93868233410943
2014,"21076",4.84670583527357
2015,"21076",6
2016,"21076",10
2017,"21076",8
2018,"21076",11
2019,"21076",7
2020,"21076",3
2021,"21076",3
2022,"21076",8
2023,"21076",5
2024,"21076",8
2025,"21076",3
2011,"21077",0
2012,"21077",0
2013,"21077",0.969341167054715
2014,"21077",0
2015,"21077",0
2016,"21077",0
2017,"21077",0
2018,"21077",0
2019,"21077",0
2020,"21077",0
2021,"21077",0
2022,"21077",1
2023,"21077",1
2024,"21077",1
2025,"21077",0
2011,"21078",1.93868233410943
2012,"21078",0
2013,"21078",1.93868233410943
2014,"21078",2.90802350116414
2015,"21078",1
2016,"21078",1
2017,"21078",0
2018,"21078",2
2019,"21078",1
2020,"21078",1
2021,"21078",4
2022,"21078",1
2023,"21078",1
2024,"21078",2
2025,"21078",2
2011,"21079",2.90802350116414
2012,"21079",1.93868233410943
2013,"21079",0.969341167054715
2014,"21079",0.969341167054715
2015,"21079",0
2016,"21079",0
2017,"21079",1
2018,"21079",1
2019,"21079",1
2020,"21079",2
2021,"21079",3
2022,"21079",3
2023,"21079",2
2024,"21079",2
2025,"21079",3
2011,"21080",0
2012,"21080",0
2013,"21080",0
2014,"21080",0
2015,"21080",0
2016,"21080",0
2017,"21080",0
2018,"21080",1
2019,"21080",0
2020,"21080",0
2021,"21080",0
2022,"21080",1
2023,"21080",0
2024,"21080",1
2025,"21080",0
2011,"21081",0.969341167054715
2012,"21081",0
2013,"21081",0.969341167054715
2014,"21081",0
2015,"21081",0
2016,"21081",1
2017,"21081",1
2018,"21081",0
2019,"21081",2
2020,"21081",0
2021,"21081",0
2022,"21081",2
2023,"21081",1
2024,"21081",2
2025,"21081",1
2011,"21082",0
2012,"21082",0
2013,"21082",0
2014,"21082",0
2015,"21082",5
2016,"21082",3
2017,"21082",0
2018,"21082",1
2019,"21082",1
2020,"21082",2
2021,"21082",1
2022,"21082",0
2023,"21082",0
2024,"21082",1
2025,"21082",2
2011,"21083",0.969341167054715
2012,"21083",0.969341167054715
2013,"21083",1.93868233410943
2014,"21083",1.93868233410943
2015,"21083",2
2016,"21083",3
2017,"21083",2
2018,"21083",4
2019,"21083",4
2020,"21083",1
2021,"21083",1
2022,"21083",1
2023,"21083",0
2024,"21083",4
2025,"21083",0
2011,"21084",0
2012,"21084",0
2013,"21084",0
2014,"21084",0
2015,"21084",1
2016,"21084",0
2017,"21084",0
2018,"21084",2
2019,"21084",1
2020,"21084",0
2021,"21084",2
2022,"21084",1
2023,"21084",1
2024,"21084",4
2025,"21084",0
2011,"21085",33.926940846915
2012,"21085",51.3750818538999
2013,"21085",32.9575996798603
2014,"21085",23.2641880093132
2015,"21085",34
2016,"21085",39
2017,"21085",49
2018,"21085",50
2019,"21085",37
2020,"21085",42
2021,"21085",42
2022,"21085",20
2023,"21085",27
2024,"21085",60
2025,"21085",45
2011,"21086",2.90802350116414
2012,"21086",0
2013,"21086",3.87736466821886
2014,"21086",6.785388169383
2015,"21086",7
2016,"21086",10
2017,"21086",9
2018,"21086",18
2019,"21086",10
2020,"21086",4
2021,"21086",8
2022,"21086",3
2023,"21086",4
2024,"21086",7
2025,"21086",6
2011,"21087",0
2012,"21087",2.90802350116414
2013,"21087",1.93868233410943
2014,"21087",1.93868233410943
2015,"21087",3
2016,"21087",2
2017,"21087",8
2018,"21087",8
2019,"21087",2
2020,"21087",2
2021,"21087",5
2022,"21087",3
2023,"21087",4
2024,"21087",3
2025,"21087",1
2011,"21088",0
2012,"21088",0.969341167054715
2013,"21088",0
2014,"21088",0
2015,"21088",1
2016,"21088",1
2017,"21088",1
2018,"21088",0
2019,"21088",4
2020,"21088",2
2021,"21088",0
2022,"21088",2
2023,"21088",1
2024,"21088",0
2025,"21088",3
2011,"21089",0
2012,"21089",0
2013,"21089",0.969341167054715
2014,"21089",0.969341167054715
2015,"21089",2
2016,"21089",2
2017,"21089",2
2018,"21089",1
2019,"21089",3
2020,"21089",0
2021,"21089",1
2022,"21089",0
2023,"21089",0
2024,"21089",1
2025,"21089",0
2011,"21090",1.93868233410943
2012,"21090",3.87736466821886
2013,"21090",1.93868233410943
2014,"21090",1.93868233410943
2015,"21090",4
2016,"21090",1
2017,"21090",6
2018,"21090",9
2019,"21090",3
2020,"21090",3
2021,"21090",2
2022,"21090",3
2023,"21090",2
2024,"21090",6
2025,"21090",10
2011,"21091",0.969341167054715
2012,"21091",0
2013,"21091",0.969341167054715
2014,"21091",6.785388169383
2015,"21091",1
2016,"21091",2
2017,"21091",4
2018,"21091",1
2019,"21091",2
2020,"21091",2
2021,"21091",1
2022,"21091",1
2023,"21091",0
2024,"21091",0
2025,"21091",5
2011,"21092",0
2012,"21092",0
2013,"21092",0
2014,"21092",0
2015,"21092",0
2016,"21092",0
2017,"21092",2
2018,"21092",2
2019,"21092",0
2020,"21092",1
2021,"21092",0
2022,"21092",0
2023,"21092",0
2024,"21092",0
2025,"21092",1
2011,"21093",0
2012,"21093",1.93868233410943
2013,"21093",0.969341167054715
2014,"21093",0
2015,"21093",0
2016,"21093",0
2017,"21093",0
2018,"21093",2
2019,"21093",0
2020,"21093",0
2021,"21093",1
2022,"21093",0
2023,"21093",0
2024,"21093",1
2025,"21093",1
2011,"21094",3.87736466821886
2012,"21094",8.72407050349243
2013,"21094",8.72407050349243
2014,"21094",6.785388169383
2015,"21094",8
2016,"21094",11
2017,"21094",15
2018,"21094",18
2019,"21094",16
2020,"21094",10
2021,"21094",20
2022,"21094",12
2023,"21094",20
2024,"21094",15
2025,"21094",19
2011,"21095",0
2012,"21095",0
2013,"21095",0
2014,"21095",0
2015,"21095",0
2016,"21095",0
2017,"21095",0
2018,"21095",0
2019,"21095",0
2020,"21095",0
2021,"21095",0
2022,"21095",0
2023,"21095",0
2024,"21095",0
2025,"21095",2
2011,"21096",0
2012,"21096",0.969341167054715
2013,"21096",0
2014,"21096",0
2015,"21096",1
2016,"21096",1
2017,"21096",0
2018,"21096",0
2019,"21096",1
2020,"21096",1
2021,"21096",1
2022,"21096",3
2023,"21096",4
2024,"21096",4
2025,"21096",2
2011,"21097",0
2012,"21097",0
2013,"21097",0
2014,"21097",0.969341167054715
2015,"21097",0
2016,"21097",0
2017,"21097",0
2018,"21097",1
2019,"21097",0
2020,"21097",0
2021,"21097",0
2022,"21097",1
2023,"21097",3
2024,"21097",1
2025,"21097",2
2011,"21098",3.87736466821886
2012,"21098",2.90802350116414
2013,"21098",0
2014,"21098",0.969341167054715
2015,"21098",1
2016,"21098",0
2017,"21098",2
2018,"21098",4
2019,"21098",1
2020,"21098",2
2021,"21098",5
2022,"21098",4
2023,"21098",3
2024,"21098",4
2025,"21098",6
2011,"21099",0
2012,"21099",3.87736466821886
2013,"21099",5.81604700232829
2014,"21099",7.75472933643772
2015,"21099",7
2016,"21099",16
2017,"21099",15
2018,"21099",11
2019,"21099",8
2020,"21099",14
2021,"21099",2
2022,"21099",9
2023,"21099",8
2024,"21099",7
2025,"21099",10
2011,"21100",1.93868233410943
2012,"21100",2.90802350116414
2013,"21100",0.969341167054715
2014,"21100",3.87736466821886
2015,"21100",3
2016,"21100",1
2017,"21100",3
2018,"21100",4
2019,"21100",1
2020,"21100",2
2021,"21100",0
2022,"21100",2
2023,"21100",2
2024,"21100",0
2025,"21100",4
2011,"21101",0
2012,"21101",0
2013,"21101",0.969341167054715
2014,"21101",0.969341167054715
2015,"21101",0
2016,"21101",3
2017,"21101",0
2018,"21101",4
2019,"21101",0
2020,"21101",0
2021,"21101",0
2022,"21101",0
2023,"21101",1
2024,"21101",2
2025,"21101",0
2011,"21102",0
2012,"21102",0.969341167054715
2013,"21102",1.93868233410943
2014,"21102",0
2015,"21102",0
2016,"21102",2
2017,"21102",2
2018,"21102",4
2019,"21102",6
2020,"21102",0
2021,"21102",2
2022,"21102",2
2023,"21102",3
2024,"21102",7
2025,"21102",7
2011,"21103",3.87736466821886
2012,"21103",0.969341167054715
2013,"21103",1.93868233410943
2014,"21103",0
2015,"21103",5
2016,"21103",4
2017,"21103",9
2018,"21103",6
2019,"21103",2
2020,"21103",0
2021,"21103",3
2022,"21103",4
2023,"21103",2
2024,"21103",8
2025,"21103",5
2011,"21104",2.90802350116414
2012,"21104",4.84670583527357
2013,"21104",5.81604700232829
2014,"21104",3.87736466821886
2015,"21104",6
2016,"21104",7
2017,"21104",1
2018,"21104",10
2019,"21104",8
2020,"21104",6
2021,"21104",3
2022,"21104",13
2023,"21104",7
2024,"21104",7
2025,"21104",5
2011,"21105",0
2012,"21105",0
2013,"21105",0.969341167054715
2014,"21105",0.969341167054715
2015,"21105",4
2016,"21105",0
2017,"21105",1
2018,"21105",0
2019,"21105",4
2020,"21105",0
2021,"21105",2
2022,"21105",1
2023,"21105",2
2024,"21105",2
2025,"21105",0
2011,"21106",0
2012,"21106",0
2013,"21106",5.81604700232829
2014,"21106",1.93868233410943
2015,"21106",4
2016,"21106",5
2017,"21106",7
2018,"21106",7
2019,"21106",7
2020,"21106",12
2021,"21106",9
2022,"21106",3
2023,"21106",7
2024,"21106",12
2025,"21106",14
2011,"21107",0
2012,"21107",0
2013,"21107",0
2014,"21107",0.969341167054715
2015,"21107",0
2016,"21107",1
2017,"21107",1
2018,"21107",0
2019,"21107",0
2020,"21107",0
2021,"21107",0
2022,"21107",0
2023,"21107",0
2024,"21107",1
2025,"21107",1
2011,"21108",6.785388169383
2012,"21108",6.785388169383
2013,"21108",10.6627528376019
2014,"21108",9.69341167054715
2015,"21108",8
2016,"21108",14
2017,"21108",16
2018,"21108",14
2019,"21108",9
2020,"21108",10
2021,"21108",12
2022,"21108",11
2023,"21108",11
2024,"21108",9
2025,"21108",7
2011,"21109",1.93868233410943
2012,"21109",3.87736466821886
2013,"21109",2.90802350116414
2014,"21109",1.93868233410943
2015,"21109",3
2016,"21109",2
2017,"21109",2
2018,"21109",5
2019,"21109",4
2020,"21109",5
2021,"21109",6
2022,"21109",1
2023,"21109",1
2024,"21109",3
2025,"21109",3
2011,"21110",9.69341167054715
2012,"21110",6.785388169383
2013,"21110",5.81604700232829
2014,"21110",17.4481410069849
2015,"21110",18
2016,"21110",38
2017,"21110",35
2018,"21110",38
2019,"21110",19
2020,"21110",19
2021,"21110",16
2022,"21110",27
2023,"21110",19
2024,"21110",40
2025,"21110",19
2011,"21111",1.93868233410943
2012,"21111",3.87736466821886
2013,"21111",2.90802350116414
2014,"21111",2.90802350116414
2015,"21111",6
2016,"21111",4
2017,"21111",4
2018,"21111",5
2019,"21111",4
2020,"21111",3
2021,"21111",3
2022,"21111",2
2023,"21111",1
2024,"21111",4
2025,"21111",9
2011,"21112",0.969341167054715
2012,"21112",2.90802350116414
2013,"21112",3.87736466821886
2014,"21112",5.81604700232829
2015,"21112",0
2016,"21112",2
2017,"21112",5
2018,"21112",3
2019,"21112",2
2020,"21112",2
2021,"21112",1
2022,"21112",3
2023,"21112",0
2024,"21112",3
2025,"21112",5
2011,"21113",0
2012,"21113",5.81604700232829
2013,"21113",1.93868233410943
2014,"21113",2.90802350116414
2015,"21113",0
2016,"21113",2
2017,"21113",4
2018,"21113",2
2019,"21113",1
2020,"21113",0
2021,"21113",1
2022,"21113",1
2023,"21113",2
2024,"21113",2
2025,"21113",2
2011,"21114",354.778867142026
2012,"21114",365.441619979627
2013,"21114",182.236139406286
2014,"21114",156.063927895809
2015,"21114",209
2016,"21114",173
2017,"21114",298
2018,"21114",370
2019,"21114",299
2020,"21114",207
2021,"21114",169
2022,"21114",225
2023,"21114",170
2024,"21114",352
2025,"21114",324
2011,"21115",10.6627528376019
2012,"21115",17.4481410069849
2013,"21115",11.6320940046566
2014,"21115",8.72407050349243
2015,"21115",20
2016,"21115",10
2017,"21115",23
2018,"21115",13
2019,"21115",13
2020,"21115",5
2021,"21115",4
2022,"21115",10
2023,"21115",7
2024,"21115",18
2025,"21115",19
2011,"21116",0
2012,"21116",2.90802350116414
2013,"21116",2.90802350116414
2014,"21116",2.90802350116414
2015,"21116",0
2016,"21116",4
2017,"21116",2
2018,"21116",2
2019,"21116",1
2020,"21116",2
2021,"21116",4
2022,"21116",2
2023,"21116",4
2024,"21116",3
2025,"21116",4
2011,"21117",0
2012,"21117",0.969341167054715
2013,"21117",0
2014,"21117",0.969341167054715
2015,"21117",1
2016,"21117",0
2017,"21117",4
2018,"21117",3
2019,"21117",4
2020,"21117",1
2021,"21117",1
2022,"21117",6
2023,"21117",0
2024,"21117",4
2025,"21117",5
2011,"21118",0
2012,"21118",0.969341167054715
2013,"21118",0.969341167054715
2014,"21118",0.969341167054715
2015,"21118",1
2016,"21118",5
2017,"21118",5
2018,"21118",6
2019,"21118",9
2020,"21118",5
2021,"21118",5
2022,"21118",6
2023,"21118",8
2024,"21118",8
2025,"21118",8
2011,"21119",44.5896936845169
2012,"21119",38.7736466821886
2013,"21119",32.9575996798603
2014,"21119",27.141552677532
2015,"21119",41
2016,"21119",29
2017,"21119",27
2018,"21119",41
2019,"21119",16
2020,"21119",17
2021,"21119",11
2022,"21119",21
2023,"21119",18
2024,"21119",23
2025,"21119",27
2011,"21120",1.93868233410943
2012,"21120",0
2013,"21120",0
2014,"21120",0
2015,"21120",1
2016,"21120",0
2017,"21120",0
2018,"21120",0
2019,"21120",0
2020,"21120",1
2021,"21120",0
2022,"21120",0
2023,"21120",0
2024,"21120",0
2025,"21120",0
2011,"21121",0
2012,"21121",0
2013,"21121",0
2014,"21121",0
2015,"21121",1
2016,"21121",0
2017,"21121",0
2018,"21121",0
2019,"21121",0
2020,"21121",0
2021,"21121",0
2022,"21121",0
2023,"21121",0
2024,"21121",0
2025,"21121",1
2011,"21122",0
2012,"21122",2.90802350116414
2013,"21122",0.969341167054715
2014,"21122",1.93868233410943
2015,"21122",0
2016,"21122",1
2017,"21122",0
2018,"21122",0
2019,"21122",2
2020,"21122",1
2021,"21122",2
2022,"21122",2
2023,"21122",2
2024,"21122",5
2025,"21122",1
2011,"21123",0
2012,"21123",0.969341167054715
2013,"21123",1.93868233410943
2014,"21123",1.93868233410943
2015,"21123",1
2016,"21123",1
2017,"21123",0
2018,"21123",2
2019,"21123",0
2020,"21123",0
2021,"21123",0
2022,"21123",0
2023,"21123",1
2024,"21123",0
2025,"21123",0
2011,"21124",0.969341167054715
2012,"21124",0
2013,"21124",0.969341167054715
2014,"21124",1.93868233410943
2015,"21124",6
2016,"21124",6
2017,"21124",4
2018,"21124",0
2019,"21124",1
2020,"21124",1
2021,"21124",2
2022,"21124",5
2023,"21124",1
2024,"21124",4
2025,"21124",3
2011,"21125",0
2012,"21125",0
2013,"21125",2.90802350116414
2014,"21125",0.969341167054715
2015,"21125",2
2016,"21125",1
2017,"21125",2
2018,"21125",3
2019,"21125",1
2020,"21125",0
2021,"21125",2
2022,"21125",1
2023,"21125",1
2024,"21125",3
2025,"21125",1
2011,"21126",0
2012,"21126",0
2013,"21126",1.93868233410943
2014,"21126",0.969341167054715
2015,"21126",1
2016,"21126",0
2017,"21126",0
2018,"21126",2
2019,"21126",0
2020,"21126",2
2021,"21126",0
2022,"21126",0
2023,"21126",0
2024,"21126",2
2025,"21126",1
2011,"21127",0.969341167054715
2012,"21127",1.93868233410943
2013,"21127",1.93868233410943
2014,"21127",0
2015,"21127",1
2016,"21127",1
2017,"21127",2
2018,"21127",0
2019,"21127",1
2020,"21127",1
2021,"21127",0
2022,"21127",0
2023,"21127",2
2024,"21127",1
2025,"21127",0
2011,"21128",0
2012,"21128",0.969341167054715
2013,"21128",1.93868233410943
2014,"21128",1.93868233410943
2015,"21128",4
2016,"21128",3
2017,"21128",3
2018,"21128",8
2019,"21128",8
2020,"21128",2
2021,"21128",9
2022,"21128",8
2023,"21128",5
2024,"21128",7
2025,"21128",8
2011,"21129",0
2012,"21129",0.969341167054715
2013,"21129",0.969341167054715
2014,"21129",0.969341167054715
2015,"21129",1
2016,"21129",1
2017,"21129",1
2018,"21129",0
2019,"21129",2
2020,"21129",2
2021,"21129",2
2022,"21129",4
2023,"21129",3
2024,"21129",2
2025,"21129",2
2011,"21130",0
2012,"21130",0.969341167054715
2013,"21130",0.969341167054715
2014,"21130",0.969341167054715
2015,"21130",1
2016,"21130",2
2017,"21130",0
2018,"21130",1
2019,"21130",4
2020,"21130",0
2021,"21130",0
2022,"21130",1
2023,"21130",2
2024,"21130",4
2025,"21130",2
2011,"21131",0
2012,"21131",0
2013,"21131",0
2014,"21131",0
2015,"21131",0
2016,"21131",1
2017,"21131",0
2018,"21131",1
2019,"21131",0
2020,"21131",0
2021,"21131",0
2022,"21131",0
2023,"21131",0
2024,"21131",1
2025,"21131",0
2011,"21132",26.1722115104773
2012,"21132",30.0495761786962
2013,"21132",31.9882585128056
2014,"21132",22.2948468422584
2015,"21132",34
2016,"21132",24
2017,"21132",36
2018,"21132",73
2019,"21132",69
2020,"21132",45
2021,"21132",31
2022,"21132",68
2023,"21132",45
2024,"21132",81
2025,"21132",77
2011,"21133",0
2012,"21133",0
2013,"21133",0.969341167054715
2014,"21133",0
2015,"21133",0
2016,"21133",0
2017,"21133",1
2018,"21133",0
2019,"21133",1
2020,"21133",0
2021,"21133",0
2022,"21133",0
2023,"21133",3
2024,"21133",0
2025,"21133",1
2011,"21134",0
2012,"21134",4.84670583527357
2013,"21134",2.90802350116414
2014,"21134",2.90802350116414
2015,"21134",2
2016,"21134",2
2017,"21134",5
2018,"21134",6
2019,"21134",5
2020,"21134",2
2021,"21134",1
2022,"21134",2
2023,"21134",3
2024,"21134",10
2025,"21134",8
2011,"21135",0
2012,"21135",0
2013,"21135",0
2014,"21135",0
2015,"21135",1
2016,"21135",0
2017,"21135",0
2018,"21135",0
2019,"21135",0
2020,"21135",0
2021,"21135",0
2022,"21135",0
2023,"21135",0
2024,"21135",0
2025,"21135",0
2011,"21136",0
2012,"21136",6.785388169383
2013,"21136",0
2014,"21136",4.84670583527357
2015,"21136",1
2016,"21136",2
2017,"21136",4
2018,"21136",7
2019,"21136",2
2020,"21136",0
2021,"21136",4
2022,"21136",1
2023,"21136",10
2024,"21136",7
2025,"21136",4
2011,"21137",0
2012,"21137",1.93868233410943
2013,"21137",0
2014,"21137",0.969341167054715
2015,"21137",1
2016,"21137",2
2017,"21137",0
2018,"21137",2
2019,"21137",2
2020,"21137",2
2021,"21137",4
2022,"21137",2
2023,"21137",2
2024,"21137",8
2025,"21137",5
2011,"21138",0
2012,"21138",0
2013,"21138",0.969341167054715
2014,"21138",1.93868233410943
2015,"21138",1
2016,"21138",2
2017,"21138",0
2018,"21138",3
2019,"21138",1
2020,"21138",2
2021,"21138",1
2022,"21138",0
2023,"21138",2
2024,"21138",3
2025,"21138",4
2011,"21139",0.969341167054715
2012,"21139",0
2013,"21139",0.969341167054715
2014,"21139",0
2015,"21139",1
2016,"21139",0
2017,"21139",2
2018,"21139",2
2019,"21139",2
2020,"21139",0
2021,"21139",1
2022,"21139",0
2023,"21139",0
2024,"21139",0
2025,"21139",1
2011,"21140",37.8043055151339
2012,"21140",49.4363995197904
2013,"21140",17.4481410069849
2014,"21140",16.4787998399302
2015,"21140",13
2016,"21140",11
2017,"21140",28
2018,"21140",30
2019,"21140",23
2020,"21140",12
2021,"21140",14
2022,"21140",14
2023,"21140",14
2024,"21140",22
2025,"21140",11
2011,"21141",0
2012,"21141",1.93868233410943
2013,"21141",0
2014,"21141",0.969341167054715
2015,"21141",0
2016,"21141",2
2017,"21141",1
2018,"21141",0
2019,"21141",1
2020,"21141",0
2021,"21141",0
2022,"21141",0
2023,"21141",0
2024,"21141",0
2025,"21141",0
2011,"21142",0.969341167054715
2012,"21142",7.75472933643772
2013,"21142",8.72407050349243
2014,"21142",6.785388169383
2015,"21142",5
2016,"21142",3
2017,"21142",11
2018,"21142",11
2019,"21142",10
2020,"21142",6
2021,"21142",6
2022,"21142",8
2023,"21142",6
2024,"21142",14
2025,"21142",4
2011,"21143",4.84670583527357
2012,"21143",2.90802350116414
2013,"21143",3.87736466821886
2014,"21143",5.81604700232829
2015,"21143",3
2016,"21143",4
2017,"21143",13
2018,"21143",12
2019,"21143",8
2020,"21143",2
2021,"21143",2
2022,"21143",5
2023,"21143",5
2024,"21143",13
2025,"21143",12
2011,"21144",1.93868233410943
2012,"21144",0
2013,"21144",2.90802350116414
2014,"21144",3.87736466821886
2015,"21144",8
2016,"21144",4
2017,"21144",6
2018,"21144",8
2019,"21144",9
2020,"21144",13
2021,"21144",13
2022,"21144",10
2023,"21144",7
2024,"21144",11
2025,"21144",7
2011,"21145",0.969341167054715
2012,"21145",0
2013,"21145",2.90802350116414
2014,"21145",2.90802350116414
2015,"21145",0
2016,"21145",1
2017,"21145",1
2018,"21145",7
2019,"21145",2
2020,"21145",3
2021,"21145",7
2022,"21145",4
2023,"21145",2
2024,"21145",2
2025,"21145",2
2011,"21146",0
2012,"21146",0
2013,"21146",0
2014,"21146",0
2015,"21146",0
2016,"21146",0
2017,"21146",0
2018,"21146",0
2019,"21146",0
2020,"21146",0
2021,"21146",0
2022,"21146",0
2023,"21146",0
2024,"21146",0
2025,"21146",0
2011,"21147",2.90802350116414
2012,"21147",0.969341167054715
2013,"21147",0.969341167054715
2014,"21147",0.969341167054715
2015,"21147",0
2016,"21147",1
2017,"21147",3
2018,"21147",1
2019,"21147",2
2020,"21147",4
2021,"21147",4
2022,"21147",0
2023,"21147",1
2024,"21147",1
2025,"21147",0
2011,"21148",0
2012,"21148",3.87736466821886
2013,"21148",1.93868233410943
2014,"21148",0.969341167054715
2015,"21148",3
2016,"21148",2
2017,"21148",4
2018,"21148",0
2019,"21148",2
2020,"21148",0
2021,"21148",2
2022,"21148",4
2023,"21148",6
2024,"21148",5
2025,"21148",7
2011,"21149",2.90802350116414
2012,"21149",1.93868233410943
2013,"21149",3.87736466821886
2014,"21149",1.93868233410943
2015,"21149",3
2016,"21149",4
2017,"21149",7
2018,"21149",5
2019,"21149",5
2020,"21149",5
2021,"21149",4
2022,"21149",7
2023,"21149",11
2024,"21149",11
2025,"21149",7
2011,"21150",0
2012,"21150",0.969341167054715
2013,"21150",0
2014,"21150",1.93868233410943
2015,"21150",2
2016,"21150",3
2017,"21150",6
2018,"21150",5
2019,"21150",3
2020,"21150",1
2021,"21150",1
2022,"21150",2
2023,"21150",0
2024,"21150",1
2025,"21150",0
2011,"21151",0
2012,"21151",0
2013,"21151",0.969341167054715
2014,"21151",0.969341167054715
2015,"21151",0
2016,"21151",0
2017,"21151",1
2018,"21151",3
2019,"21151",5
2020,"21151",5
2021,"21151",4
2022,"21151",1
2023,"21151",1
2024,"21151",5
2025,"21151",2
2011,"21152",0.969341167054715
2012,"21152",0
2013,"21152",0.969341167054715
2014,"21152",0
2015,"21152",3
2016,"21152",0
2017,"21152",0
2018,"21152",2
2019,"21152",1
2020,"21152",4
2021,"21152",1
2022,"21152",0
2023,"21152",2
2024,"21152",7
2025,"21152",2
2011,"21153",4.84670583527357
2012,"21153",2.90802350116414
2013,"21153",8.72407050349243
2014,"21153",6.785388169383
2015,"21153",8
2016,"21153",4
2017,"21153",2
2018,"21153",8
2019,"21153",8
2020,"21153",6
2021,"21153",8
2022,"21153",7
2023,"21153",16
2024,"21153",9
2025,"21153",1
2011,"21154",18.4174821740396
2012,"21154",47.497717185681
2013,"21154",14.5401175058207
2014,"21154",17.4481410069849
2015,"21154",28
2016,"21154",27
2017,"21154",45
2018,"21154",61
2019,"21154",76
2020,"21154",43
2021,"21154",41
2022,"21154",54
2023,"21154",44
2024,"21154",27
2025,"21154",39
2011,"21155",0.969341167054715
2012,"21155",2.90802350116414
2013,"21155",0.969341167054715
2014,"21155",1.93868233410943
2015,"21155",2
2016,"21155",4
2017,"21155",4
2018,"21155",8
2019,"21155",3
2020,"21155",5
2021,"21155",2
2022,"21155",1
2023,"21155",4
2024,"21155",0
2025,"21155",4
2011,"21156",107.596869543073
2012,"21156",178.358774738068
2013,"21156",57.1911288562282
2014,"21156",29.0802350116414
2015,"21156",63
2016,"21156",82
2017,"21156",103
2018,"21156",110
2019,"21156",111
2020,"21156",59
2021,"21156",55
2022,"21156",75
2023,"21156",86
2024,"21156",94
2025,"21156",83
2011,"21157",1.93868233410943
2012,"21157",5.81604700232829
2013,"21157",3.87736466821886
2014,"21157",3.87736466821886
2015,"21157",3
2016,"21157",5
2017,"21157",7
2018,"21157",12
2019,"21157",3
2020,"21157",5
2021,"21157",2
2022,"21157",10
2023,"21157",15
2024,"21157",15
2025,"21157",6
2011,"21158",0
2012,"21158",3.87736466821886
2013,"21158",1.93868233410943
2014,"21158",0.969341167054715
2015,"21158",0
2016,"21158",1
2017,"21158",5
2018,"21158",1
2019,"21158",1
2020,"21158",0
2021,"21158",0
2022,"21158",1
2023,"21158",1
2024,"21158",3
2025,"21158",2
2011,"21159",0
2012,"21159",0
2013,"21159",0
2014,"21159",0.969341167054715
2015,"21159",0
2016,"21159",4
2017,"21159",0
2018,"21159",1
2019,"21159",0
2020,"21159",0
2021,"21159",1
2022,"21159",0
2023,"21159",1
2024,"21159",1
2025,"21159",1
2011,"21160",0
2012,"21160",0.969341167054715
2013,"21160",0
2014,"21160",0.969341167054715
2015,"21160",2
2016,"21160",1
2017,"21160",1
2018,"21160",0
2019,"21160",4
2020,"21160",2
2021,"21160",1
2022,"21160",5
2023,"21160",6
2024,"21160",5
2025,"21160",2
2011,"21161",0.969341167054715
2012,"21161",0.969341167054715
2013,"21161",0
2014,"21161",2.90802350116414
2015,"21161",4
2016,"21161",5
2017,"21161",3
2018,"21161",3
2019,"21161",3
2020,"21161",2
2021,"21161",4
2022,"21161",7
2023,"21161",8
2024,"21161",9
2025,"21161",6
2011,"21162",0
2012,"21162",0
2013,"21162",0
2014,"21162",0
2015,"21162",1
2016,"21162",0
2017,"21162",2
2018,"21162",0
2019,"21162",0
2020,"21162",1
2021,"21162",0
2022,"21162",0
2023,"21162",1
2024,"21162",0
2025,"21162",0
2011,"21163",0
2012,"21163",1.93868233410943
2013,"21163",0
2014,"21163",0.969341167054715
2015,"21163",0
2016,"21163",6
2017,"21163",1
2018,"21163",1
2019,"21163",3
2020,"21163",2
2021,"21163",3
2022,"21163",2
2023,"21163",1
2024,"21163",4
2025,"21163",1
2011,"21164",35.8656231810244
2012,"21164",39.7429878492433
2013,"21164",16.4787998399302
2014,"21164",14.5401175058207
2015,"21164",25
2016,"21164",33
2017,"21164",31
2018,"21164",36
2019,"21164",36
2020,"21164",32
2021,"21164",31
2022,"21164",35
2023,"21164",34
2024,"21164",25
2025,"21164",16
2011,"21165",0
2012,"21165",0
2013,"21165",1.93868233410943
2014,"21165",0
2015,"21165",0
2016,"21165",0
2017,"21165",0
2018,"21165",0
2019,"21165",0
2020,"21165",0
2021,"21165",0
2022,"21165",1
2023,"21165",0
2024,"21165",0
2025,"21165",0
2011,"21166",0
2012,"21166",4.84670583527357
2013,"21166",3.87736466821886
2014,"21166",3.87736466821886
2015,"21166",6
2016,"21166",5
2017,"21166",4
2018,"21166",2
2019,"21166",2
2020,"21166",6
2021,"21166",5
2022,"21166",3
2023,"21166",2
2024,"21166",5
2025,"21166",6
2011,"21167",0
2012,"21167",1.93868233410943
2013,"21167",3.87736466821886
2014,"21167",0
2015,"21167",0
2016,"21167",1
2017,"21167",0
2018,"21167",2
2019,"21167",1
2020,"21167",1
2021,"21167",0
2022,"21167",1
2023,"21167",1
2024,"21167",1
2025,"21167",1
2011,"21168",13.570776338766
2012,"21168",2.90802350116414
2013,"21168",1.93868233410943
2014,"21168",0.969341167054715
2015,"21168",1
2016,"21168",2
2017,"21168",3
2018,"21168",7
2019,"21168",8
2020,"21168",3
2021,"21168",5
2022,"21168",5
2023,"21168",2
2024,"21168",7
2025,"21168",1
2011,"21169",0.969341167054715
2012,"21169",3.87736466821886
2013,"21169",4.84670583527357
2014,"21169",1.93868233410943
2015,"21169",8
2016,"21169",5
2017,"21169",8
2018,"21169",6
2019,"21169",7
2020,"21169",4
2021,"21169",2
2022,"21169",5
2023,"21169",7
2024,"21169",8
2025,"21169",8
2011,"21170",0.969341167054715
2012,"21170",1.93868233410943
2013,"21170",0
2014,"21170",0.969341167054715
2015,"21170",5
2016,"21170",4
2017,"21170",7
2018,"21170",4
2019,"21170",6
2020,"21170",8
2021,"21170",5
2022,"21170",9
2023,"21170",5
2024,"21170",7
2025,"21170",10
2011,"21171",0.969341167054715
2012,"21171",0.969341167054715
2013,"21171",0.969341167054715
2014,"21171",0
2015,"21171",0
2016,"21171",0
2017,"21171",0
2018,"21171",1
2019,"21171",0
2020,"21171",1
2021,"21171",0
2022,"21171",1
2023,"21171",3
2024,"21171",0
2025,"21171",1
2011,"21172",0.969341167054715
2012,"21172",5.81604700232829
2013,"21172",1.93868233410943
2014,"21172",0.969341167054715
2015,"21172",3
2016,"21172",2
2017,"21172",1
2018,"21172",1
2019,"21172",2
2020,"21172",1
2021,"21172",3
2022,"21172",2
2023,"21172",0
2024,"21172",3
2025,"21172",6
2011,"21173",0
2012,"21173",0.969341167054715
2013,"21173",0.969341167054715
2014,"21173",1.93868233410943
2015,"21173",0
2016,"21173",1
2017,"21173",0
2018,"21173",0
2019,"21173",0
2020,"21173",0
2021,"21173",1
2022,"21173",2
2023,"21173",5
2024,"21173",1
2025,"21173",1
2011,"21174",11.6320940046566
2012,"21174",18.4174821740396
2013,"21174",12.6014351717113
2014,"21174",3.87736466821886
2015,"21174",12
2016,"21174",10
2017,"21174",22
2018,"21174",27
2019,"21174",15
2020,"21174",7
2021,"21174",6
2022,"21174",7
2023,"21174",7
2024,"21174",12
2025,"21174",7
2011,"21175",0
2012,"21175",0.969341167054715
2013,"21175",5.81604700232829
2014,"21175",3.87736466821886
2015,"21175",5
2016,"21175",2
2017,"21175",1
2018,"21175",2
2019,"21175",5
2020,"21175",3
2021,"21175",6
2022,"21175",1
2023,"21175",4
2024,"21175",4
2025,"21175",6
2011,"21176",0.969341167054715
2012,"21176",0
2013,"21176",2.90802350116414
2014,"21176",3.87736466821886
2015,"21176",4
2016,"21176",5
2017,"21176",9
2018,"21176",5
2019,"21176",6
2020,"21176",13
2021,"21176",4
2022,"21176",7
2023,"21176",3
2024,"21176",6
2025,"21176",5
2011,"21177",6.785388169383
2012,"21177",8.72407050349243
2013,"21177",3.87736466821886
2014,"21177",5.81604700232829
2015,"21177",8
2016,"21177",9
2017,"21177",18
2018,"21177",16
2019,"21177",6
2020,"21177",17
2021,"21177",8
2022,"21177",8
2023,"21177",12
2024,"21177",6
2025,"21177",11
2011,"21178",0.969341167054715
2012,"21178",4.84670583527357
2013,"21178",0.969341167054715
2014,"21178",2.90802350116414
2015,"21178",3
2016,"21178",1
2017,"21178",3
2018,"21178",3
2019,"21178",4
2020,"21178",3
2021,"21178",1
2022,"21178",4
2023,"21178",0
2024,"21178",0
2025,"21178",1
2011,"21179",0
2012,"21179",4.84670583527357
2013,"21179",1.93868233410943
2014,"21179",3.87736466821886
2015,"21179",3
2016,"21179",1
2017,"21179",4
2018,"21179",6
2019,"21179",4
2020,"21179",3
2021,"21179",6
2022,"21179",5
2023,"21179",1
2024,"21179",8
2025,"21179",5
2011,"21180",4.84670583527357
2012,"21180",5.81604700232829
2013,"21180",7.75472933643772
2014,"21180",5.81604700232829
2015,"21180",1
2016,"21180",10
2017,"21180",13
2018,"21180",15
2019,"21180",5
2020,"21180",10
2021,"21180",12
2022,"21180",18
2023,"21180",12
2024,"21180",18
2025,"21180",16
2011,"21181",0.969341167054715
2012,"21181",0.969341167054715
2013,"21181",0.969341167054715
2014,"21181",1.93868233410943
2015,"21181",1
2016,"21181",2
2017,"21181",3
2018,"21181",0
2019,"21181",2
2020,"21181",2
2021,"21181",3
2022,"21181",2
2023,"21181",1
2024,"21181",1
2025,"21181",2
2011,"21182",0
2012,"21182",0
2013,"21182",1.93868233410943
2014,"21182",0
2015,"21182",0
2016,"21182",0
2017,"21182",1
2018,"21182",1
2019,"21182",1
2020,"21182",0
2021,"21182",0
2022,"21182",1
2023,"21182",0
2024,"21182",1
2025,"21182",4
2011,"21183",4.84670583527357
2012,"21183",3.87736466821886
2013,"21183",2.90802350116414
2014,"21183",1.93868233410943
2015,"21183",4
2016,"21183",4
2017,"21183",4
2018,"21183",4
2019,"21183",9
2020,"21183",1
2021,"21183",3
2022,"21183",4
2023,"21183",1
2024,"21183",9
2025,"21183",9
2011,"21184",0
2012,"21184",1.93868233410943
2013,"21184",0
2014,"21184",2.90802350116414
2015,"21184",1
2016,"21184",0
2017,"21184",0
2018,"21184",3
2019,"21184",1
2020,"21184",0
2021,"21184",0
2022,"21184",2
2023,"21184",0
2024,"21184",2
2025,"21184",1
2011,"21185",0
2012,"21185",2.90802350116414
2013,"21185",0
2014,"21185",1.93868233410943
2015,"21185",5
2016,"21185",2
2017,"21185",5
2018,"21185",3
2019,"21185",4
2020,"21185",3
2021,"21185",2
2022,"21185",2
2023,"21185",0
2024,"21185",4
2025,"21185",3
2011,"21186",2.90802350116414
2012,"21186",3.87736466821886
2013,"21186",7.75472933643772
2014,"21186",6.785388169383
2015,"21186",7
2016,"21186",4
2017,"21186",10
2018,"21186",6
2019,"21186",5
2020,"21186",4
2021,"21186",7
2022,"21186",7
2023,"21186",5
2024,"21186",7
2025,"21186",10
2011,"21187",0
2012,"21187",0.969341167054715
2013,"21187",0
2014,"21187",0
2015,"21187",1
2016,"21187",2
2017,"21187",0
2018,"21187",0
2019,"21187",0
2020,"21187",2
2021,"21187",2
2022,"21187",0
2023,"21187",1
2024,"21187",0
2025,"21187",0
2011,"21188",0
2012,"21188",0.969341167054715
2013,"21188",1.93868233410943
2014,"21188",1.93868233410943
2015,"21188",2
2016,"21188",3
2017,"21188",4
2018,"21188",10
2019,"21188",2
2020,"21188",1
2021,"21188",3
2022,"21188",2
2023,"21188",1
2024,"21188",4
2025,"21188",2
2011,"21189",0
2012,"21189",3.87736466821886
2013,"21189",3.87736466821886
2014,"21189",2.90802350116414
2015,"21189",8
2016,"21189",6
2017,"21189",8
2018,"21189",10
2019,"21189",14
2020,"21189",11
2021,"21189",6
2022,"21189",4
2023,"21189",6
2024,"21189",9
2025,"21189",8
2011,"21190",0
2012,"21190",0.969341167054715
2013,"21190",0
2014,"21190",0
2015,"21190",1
2016,"21190",0
2017,"21190",0
2018,"21190",1
2019,"21190",1
2020,"21190",0
2021,"21190",0
2022,"21190",0
2023,"21190",0
2024,"21190",0
2025,"21190",2
2011,"21191",2.90802350116414
2012,"21191",3.87736466821886
2013,"21191",3.87736466821886
2014,"21191",3.87736466821886
2015,"21191",2
2016,"21191",2
2017,"21191",2
2018,"21191",4
2019,"21191",2
2020,"21191",5
2021,"21191",2
2022,"21191",2
2023,"21191",3
2024,"21191",5
2025,"21191",4
2011,"21192",0
2012,"21192",0
2013,"21192",0.969341167054715
2014,"21192",0
2015,"21192",0
2016,"21192",1
2017,"21192",1
2018,"21192",0
2019,"21192",2
2020,"21192",2
2021,"21192",0
2022,"21192",1
2023,"21192",1
2024,"21192",0
2025,"21192",1
2011,"21193",0
2012,"21193",2.90802350116414
2013,"21193",0
2014,"21193",0.969341167054715
2015,"21193",1
2016,"21193",0
2017,"21193",0
2018,"21193",3
2019,"21193",3
2020,"21193",0
2021,"21193",1
2022,"21193",5
2023,"21193",1
2024,"21193",1
2025,"21193",3
2011,"21194",5.81604700232829
2012,"21194",14.5401175058207
2013,"21194",16.4787998399302
2014,"21194",7.75472933643772
2015,"21194",18
2016,"21194",18
2017,"21194",27
2018,"21194",19
2019,"21194",15
2020,"21194",15
2021,"21194",13
2022,"21194",9
2023,"21194",5
2024,"21194",10
2025,"21194",13
2011,"21195",0.969341167054715
2012,"21195",2.90802350116414
2013,"21195",1.93868233410943
2014,"21195",0
2015,"21195",3
2016,"21195",1
2017,"21195",3
2018,"21195",7
2019,"21195",2
2020,"21195",1
2021,"21195",7
2022,"21195",2
2023,"21195",2
2024,"21195",1
2025,"21195",5
2011,"21196",0
2012,"21196",0.969341167054715
2013,"21196",0
2014,"21196",0
2015,"21196",0
2016,"21196",0
2017,"21196",0
2018,"21196",0
2019,"21196",0
2020,"21196",0
2021,"21196",0
2022,"21196",0
2023,"21196",0
2024,"21196",0
2025,"21196",0
2011,"21197",13.570776338766
2012,"21197",16.4787998399302
2013,"21197",19.3868233410943
2014,"21197",12.6014351717113
2015,"21197",26
2016,"21197",28
2017,"21197",24
2018,"21197",26
2019,"21197",20
2020,"21197",24
2021,"21197",14
2022,"21197",17
2023,"21197",12
2024,"21197",16
2025,"21197",18
2011,"21198",0
2012,"21198",0
2013,"21198",0
2014,"21198",0
2015,"21198",0
2016,"21198",0
2017,"21198",0
2018,"21198",1
2019,"21198",1
2020,"21198",0
2021,"21198",0
2022,"21198",0
2023,"21198",0
2024,"21198",1
2025,"21198",5
2011,"21199",0
2012,"21199",3.87736466821886
2013,"21199",0.969341167054715
2014,"21199",2.90802350116414
2015,"21199",3
2016,"21199",4
2017,"21199",6
2018,"21199",9
2019,"21199",4
2020,"21199",6
2021,"21199",3
2022,"21199",1
2023,"21199",3
2024,"21199",3
2025,"21199",4
2011,"21200",0
2012,"21200",0.969341167054715
2013,"21200",0
2014,"21200",0
2015,"21200",0
2016,"21200",0
2017,"21200",0
2018,"21200",1
2019,"21200",0
2020,"21200",0
2021,"21200",0
2022,"21200",0
2023,"21200",0
2024,"21200",0
2025,"21200",0
2011,"21201",0
2012,"21201",0
2013,"21201",0
2014,"21201",0
2015,"21201",1
2016,"21201",0
2017,"21201",2
2018,"21201",0
2019,"21201",1
2020,"21201",3
2021,"21201",2
2022,"21201",1
2023,"21201",0
2024,"21201",3
2025,"21201",0
2011,"21202",0.969341167054715
2012,"21202",0.969341167054715
2013,"21202",4.84670583527357
2014,"21202",0
2015,"21202",2
2016,"21202",1
2017,"21202",3
2018,"21202",1
2019,"21202",4
2020,"21202",2
2021,"21202",2
2022,"21202",4
2023,"21202",1
2024,"21202",5
2025,"21202",3
2011,"21203",0
2012,"21203",0
2013,"21203",0.969341167054715
2014,"21203",0.969341167054715
2015,"21203",0
2016,"21203",0
2017,"21203",2
2018,"21203",1
2019,"21203",1
2020,"21203",2
2021,"21203",0
2022,"21203",2
2023,"21203",1
2024,"21203",1
2025,"21203",1
2011,"21204",0
2012,"21204",0
2013,"21204",0.969341167054715
2014,"21204",0
2015,"21204",1
2016,"21204",1
2017,"21204",0
2018,"21204",0
2019,"21204",2
2020,"21204",0
2021,"21204",0
2022,"21204",1
2023,"21204",0
2024,"21204",1
2025,"21204",0
2011,"21205",0
2012,"21205",3.87736466821886
2013,"21205",4.84670583527357
2014,"21205",4.84670583527357
2015,"21205",10
2016,"21205",11
2017,"21205",2
2018,"21205",10
2019,"21205",18
2020,"21205",12
2021,"21205",13
2022,"21205",7
2023,"21205",4
2024,"21205",10
2025,"21205",4
2011,"21206",0
2012,"21206",0
2013,"21206",0
2014,"21206",0
2015,"21206",2
2016,"21206",3
2017,"21206",4
2018,"21206",1
2019,"21206",2
2020,"21206",3
2021,"21206",1
2022,"21206",1
2023,"21206",1
2024,"21206",4
2025,"21206",0
2011,"21207",10.6627528376019
2012,"21207",5.81604700232829
2013,"21207",5.81604700232829
2014,"21207",4.84670583527357
2015,"21207",5
2016,"21207",6
2017,"21207",8
2018,"21207",10
2019,"21207",12
2020,"21207",6
2021,"21207",2
2022,"21207",8
2023,"21207",1
2024,"21207",8
2025,"21207",3
2011,"21208",31.9882585128056
2012,"21208",21.3255056752037
2013,"21208",17.4481410069849
2014,"21208",11.6320940046566
2015,"21208",18
2016,"21208",22
2017,"21208",35
2018,"21208",36
2019,"21208",32
2020,"21208",33
2021,"21208",31
2022,"21208",32
2023,"21208",11
2024,"21208",21
2025,"21208",29
2011,"21209",0
2012,"21209",0.969341167054715
2013,"21209",0.969341167054715
2014,"21209",0.969341167054715
2015,"21209",1
2016,"21209",2
2017,"21209",3
2018,"21209",0
2019,"21209",1
2020,"21209",0
2021,"21209",1
2022,"21209",2
2023,"21209",1
2024,"21209",5
2025,"21209",4
2011,"21210",0
2012,"21210",0
2013,"21210",0
2014,"21210",0.969341167054715
2015,"21210",0
2016,"21210",0
2017,"21210",0
2018,"21210",0
2019,"21210",0
2020,"21210",0
2021,"21210",2
2022,"21210",0
2023,"21210",0
2024,"21210",3
2025,"21210",1
2011,"21211",0
2012,"21211",1.93868233410943
2013,"21211",3.87736466821886
2014,"21211",0
2015,"21211",2
2016,"21211",3
2017,"21211",4
2018,"21211",2
2019,"21211",1
2020,"21211",3
2021,"21211",1
2022,"21211",3
2023,"21211",2
2024,"21211",3
2025,"21211",2
2011,"21212",0
2012,"21212",0.969341167054715
2013,"21212",2.90802350116414
2014,"21212",0.969341167054715
2015,"21212",0
2016,"21212",2
2017,"21212",4
2018,"21212",4
2019,"21212",3
2020,"21212",1
2021,"21212",4
2022,"21212",2
2023,"21212",1
2024,"21212",1
2025,"21212",3
2011,"21213",0
2012,"21213",2.90802350116414
2013,"21213",3.87736466821886
2014,"21213",3.87736466821886
2015,"21213",4
2016,"21213",4
2017,"21213",4
2018,"21213",5
2019,"21213",2
2020,"21213",3
2021,"21213",2
2022,"21213",0
2023,"21213",0
2024,"21213",2
2025,"21213",0
2011,"21214",0.969341167054715
2012,"21214",1.93868233410943
2013,"21214",4.84670583527357
2014,"21214",2.90802350116414
2015,"21214",2
2016,"21214",6
2017,"21214",6
2018,"21214",4
2019,"21214",2
2020,"21214",4
2021,"21214",0
2022,"21214",8
2023,"21214",2
2024,"21214",2
2025,"21214",3
2011,"21215",0
2012,"21215",0
2013,"21215",0
2014,"21215",0
2015,"21215",0
2016,"21215",0
2017,"21215",0
2018,"21215",0
2019,"21215",1
2020,"21215",0
2021,"21215",0
2022,"21215",0
2023,"21215",0
2024,"21215",0
2025,"21215",0
2011,"21216",0
2012,"21216",0
2013,"21216",0
2014,"21216",0
2015,"21216",0
2016,"21216",1
2017,"21216",0
2018,"21216",0
2019,"21216",1
2020,"21216",1
2021,"21216",0
2022,"21216",1
2023,"21216",0
2024,"21216",0
2025,"21216",1
2011,"21217",1.93868233410943
2012,"21217",0.969341167054715
2013,"21217",1.93868233410943
2014,"21217",4.84670583527357
2015,"21217",9
2016,"21217",4
2017,"21217",4
2018,"21217",2
2019,"21217",3
2020,"21217",2
2021,"21217",2
2022,"21217",0
2023,"21217",4
2024,"21217",2
2025,"21217",5
2011,"22001",10.6627528376019
2012,"22001",12.6014351717113
2013,"22001",14.5401175058207
2014,"22001",8.72407050349243
2015,"22001",14
2016,"22001",11
2017,"22001",23
2018,"22001",18
2019,"22001",15
2020,"22001",20
2021,"22001",23
2022,"22001",23
2023,"22001",15
2024,"22001",16
2025,"22001",16
2011,"22002",2.90802350116414
2012,"22002",4.84670583527357
2013,"22002",1.93868233410943
2014,"22002",3.87736466821886
2015,"22002",11
2016,"22002",3
2017,"22002",5
2018,"22002",4
2019,"22002",7
2020,"22002",2
2021,"22002",6
2022,"22002",3
2023,"22002",6
2024,"22002",5
2025,"22002",7
2011,"22003",0.969341167054715
2012,"22003",0
2013,"22003",0
2014,"22003",1.93868233410943
2015,"22003",7
2016,"22003",3
2017,"22003",2
2018,"22003",3
2019,"22003",6
2020,"22003",1
2021,"22003",1
2022,"22003",2
2023,"22003",1
2024,"22003",2
2025,"22003",4
2011,"22004",3.87736466821886
2012,"22004",5.81604700232829
2013,"22004",9.69341167054715
2014,"22004",11.6320940046566
2015,"22004",15
2016,"22004",10
2017,"22004",18
2018,"22004",17
2019,"22004",14
2020,"22004",11
2021,"22004",15
2022,"22004",15
2023,"22004",19
2024,"22004",11
2025,"22004",6
2011,"22005",7.75472933643772
2012,"22005",10.6627528376019
2013,"22005",15.5094586728754
2014,"22005",12.6014351717113
2015,"22005",12
2016,"22005",15
2017,"22005",13
2018,"22005",17
2019,"22005",14
2020,"22005",15
2021,"22005",8
2022,"22005",15
2023,"22005",18
2024,"22005",25
2025,"22005",22
2011,"22006",17.4481410069849
2012,"22006",17.4481410069849
2013,"22006",17.4481410069849
2014,"22006",10.6627528376019
2015,"22006",26
2016,"22006",19
2017,"22006",21
2018,"22006",20
2019,"22006",32
2020,"22006",28
2021,"22006",28
2022,"22006",20
2023,"22006",36
2024,"22006",28
2025,"22006",34
2011,"22007",6.785388169383
2012,"22007",3.87736466821886
2013,"22007",6.785388169383
2014,"22007",11.6320940046566
2015,"22007",7
2016,"22007",11
2017,"22007",9
2018,"22007",11
2019,"22007",4
2020,"22007",15
2021,"22007",17
2022,"22007",9
2023,"22007",7
2024,"22007",10
2025,"22007",6
2011,"22008",6.785388169383
2012,"22008",7.75472933643772
2013,"22008",0.969341167054715
2014,"22008",9.69341167054715
2015,"22008",15
2016,"22008",7
2017,"22008",5
2018,"22008",10
2019,"22008",15
2020,"22008",10
2021,"22008",7
2022,"22008",12
2023,"22008",9
2024,"22008",16
2025,"22008",16
2011,"22009",8.72407050349243
2012,"22009",3.87736466821886
2013,"22009",0.969341167054715
2014,"22009",3.87736466821886
2015,"22009",5
2016,"22009",5
2017,"22009",10
2018,"22009",9
2019,"22009",8
2020,"22009",2
2021,"22009",9
2022,"22009",7
2023,"22009",3
2024,"22009",5
2025,"22009",6
2011,"22010",1.93868233410943
2012,"22010",0.969341167054715
2013,"22010",0.969341167054715
2014,"22010",1.93868233410943
2015,"22010",6
2016,"22010",6
2017,"22010",6
2018,"22010",1
2019,"22010",4
2020,"22010",6
2021,"22010",5
2022,"22010",1
2023,"22010",2
2024,"22010",4
2025,"22010",6
2011,"22011",25.2028703434226
2012,"22011",43.6203525174622
2013,"22011",29.0802350116414
2014,"22011",29.0802350116414
2015,"22011",58
2016,"22011",50
2017,"22011",56
2018,"22011",43
2019,"22011",65
2020,"22011",73
2021,"22011",44
2022,"22011",54
2023,"22011",49
2024,"22011",67
2025,"22011",64
2011,"22012",8.72407050349243
2012,"22012",16.4787998399302
2013,"22012",14.5401175058207
2014,"22012",12.6014351717113
2015,"22012",16
2016,"22012",18
2017,"22012",15
2018,"22012",18
2019,"22012",17
2020,"22012",15
2021,"22012",9
2022,"22012",12
2023,"22012",11
2024,"22012",34
2025,"22012",13
2011,"22013",0
2012,"22013",2.90802350116414
2013,"22013",1.93868233410943
2014,"22013",1.93868233410943
2015,"22013",1
2016,"22013",5
2017,"22013",6
2018,"22013",8
2019,"22013",2
2020,"22013",6
2021,"22013",5
2022,"22013",4
2023,"22013",3
2024,"22013",4
2025,"22013",1
2011,"22014",140.554469222934
2012,"22014",127.953034051222
2013,"22014",125.045010550058
2014,"22014",120.198304714785
2015,"22014",163
2016,"22014",159
2017,"22014",196
2018,"22014",202
2019,"22014",202
2020,"22014",176
2021,"22014",247
2022,"22014",218
2023,"22014",226
2024,"22014",211
2025,"22014",176
2011,"22015",0
2012,"22015",1.93868233410943
2013,"22015",0
2014,"22015",1.93868233410943
2015,"22015",0
2016,"22015",2
2017,"22015",2
2018,"22015",3
2019,"22015",1
2020,"22015",1
2021,"22015",7
2022,"22015",0
2023,"22015",0
2024,"22015",2
2025,"22015",2
2011,"22016",49.4363995197904
2012,"22016",56.2217876891735
2013,"22016",39.7429878492433
2014,"22016",42.6510113504075
2015,"22016",74
2016,"22016",69
2017,"22016",62
2018,"22016",85
2019,"22016",76
2020,"22016",58
2021,"22016",80
2022,"22016",85
2023,"22016",112
2024,"22016",89
2025,"22016",78
2011,"22017",10.6627528376019
2012,"22017",7.75472933643772
2013,"22017",2.90802350116414
2014,"22017",6.785388169383
2015,"22017",9
2016,"22017",17
2017,"22017",16
2018,"22017",19
2019,"22017",17
2020,"22017",21
2021,"22017",14
2022,"22017",7
2023,"22017",10
2024,"22017",10
2025,"22017",13
2011,"22018",0.969341167054715
2012,"22018",2.90802350116414
2013,"22018",1.93868233410943
2014,"22018",0.969341167054715
2015,"22018",3
2016,"22018",5
2017,"22018",5
2018,"22018",2
2019,"22018",2
2020,"22018",3
2021,"22018",7
2022,"22018",10
2023,"22018",10
2024,"22018",9
2025,"22018",4
2014,"22998",3.87736466821886
2015,"22998",5
2016,"22998",6
2017,"22998",1
2018,"22998",0
2019,"22998",2
2020,"22998",2
2021,"22998",0
2022,"22998",1
2023,"22998",1
2024,"22998",0
2025,"22998",3
2011,"23001",8.72407050349243
2012,"23001",12.6014351717113
2013,"23001",8.72407050349243
2014,"23001",7.75472933643772
2015,"23001",6
2016,"23001",4
2017,"23001",4
2018,"23001",4
2019,"23001",3
2020,"23001",11
2021,"23001",12
2022,"23001",24
2023,"23001",21
2024,"23001",28
2025,"23001",23
2011,"23002",8.72407050349243
2012,"23002",24.2335291763679
2013,"23002",27.141552677532
2014,"23002",28.1108938445867
2015,"23002",26
2016,"23002",24
2017,"23002",10
2018,"23002",21
2019,"23002",34
2020,"23002",39
2021,"23002",52
2022,"23002",66
2023,"23002",63
2024,"23002",57
2025,"23002",39
2011,"23003",8.72407050349243
2012,"23003",16.4787998399302
2013,"23003",8.72407050349243
2014,"23003",7.75472933643772
2015,"23003",13
2016,"23003",2
2017,"23003",1
2018,"23003",7
2019,"23003",21
2020,"23003",32
2021,"23003",33
2022,"23003",31
2023,"23003",19
2024,"23003",22
2025,"23003",33
2011,"23004",51.3750818538999
2012,"23004",57.1911288562282
2013,"23004",71.7312463620489
2014,"23004",41.6816701833527
2015,"23004",50
2016,"23004",29
2017,"23004",27
2018,"23004",40
2019,"23004",109
2020,"23004",163
2021,"23004",169
2022,"23004",85
2023,"23004",108
2024,"23004",100
2025,"23004",71
2011,"23005",410.031313664144
2012,"23005",406.153948995925
2013,"23005",347.993478972643
2014,"23005",280.139597278813
2015,"23005",355
2016,"23005",128
2017,"23005",287
2018,"23005",591
2019,"23005",777
2020,"23005",644
2021,"23005",679
2022,"23005",740
2023,"23005",746
2024,"23005",714
2025,"23005",633
2011,"23006",4.84670583527357
2012,"23006",8.72407050349243
2013,"23006",5.81604700232829
2014,"23006",8.72407050349243
2015,"23006",7
2016,"23006",1
2017,"23006",6
2018,"23006",7
2019,"23006",12
2020,"23006",13
2021,"23006",3
2022,"23006",12
2023,"23006",8
2024,"23006",24
2025,"23006",10
2011,"23007",3.87736466821886
2012,"23007",3.87736466821886
2013,"23007",6.785388169383
2014,"23007",5.81604700232829
2015,"23007",5
2016,"23007",3
2017,"23007",5
2018,"23007",20
2019,"23007",14
2020,"23007",19
2021,"23007",15
2022,"23007",21
2023,"23007",30
2024,"23007",20
2025,"23007",18
2011,"23008",107.596869543073
2012,"23008",62.0378346915017
2013,"23008",51.3750818538999
2014,"23008",44.5896936845169
2015,"23008",67
2016,"23008",44
2017,"23008",99
2018,"23008",142
2019,"23008",353
2020,"23008",258
2021,"23008",321
2022,"23008",298
2023,"23008",352
2024,"23008",291
2025,"23008",259
2011,"23009",15.5094586728754
2012,"23009",14.5401175058207
2013,"23009",14.5401175058207
2014,"23009",23.2641880093132
2015,"23009",18
2016,"23009",18
2017,"23009",16
2018,"23009",37
2019,"23009",79
2020,"23009",106
2021,"23009",135
2022,"23009",122
2023,"23009",168
2024,"23009",150
2025,"23009",119
2011,"23010",3.87736466821886
2012,"23010",13.570776338766
2013,"23010",14.5401175058207
2014,"23010",20.356164508149
2015,"23010",24
2016,"23010",13
2017,"23010",9
2018,"23010",28
2019,"23010",49
2020,"23010",45
2021,"23010",44
2022,"23010",38
2023,"23010",41
2024,"23010",36
2025,"23010",28
2015,"23011",0
2016,"23011",12
2017,"23011",33
2018,"23011",39
2019,"23011",49
2020,"23011",34
2021,"23011",31
2022,"23011",35
2023,"23011",40
2024,"23011",45
2025,"23011",31
2011,"24001",0.969341167054715
2012,"24001",0.969341167054715
2013,"24001",16.4787998399302
2014,"24001",4.84670583527357
2015,"24001",4
2016,"24001",8
2017,"24001",5
2018,"24001",7
2019,"24001",8
2020,"24001",4
2021,"24001",8
2022,"24001",5
2023,"24001",11
2024,"24001",9
2025,"24001",8
2011,"24002",0
2012,"24002",0
2013,"24002",0
2014,"24002",0
2015,"24002",1
2016,"24002",1
2017,"24002",0
2018,"24002",1
2019,"24002",4
2020,"24002",0
2021,"24002",1
2022,"24002",0
2023,"24002",2
2024,"24002",0
2025,"24002",0
2011,"24003",0
2012,"24003",0
2013,"24003",2.90802350116414
2014,"24003",0
2015,"24003",3
2016,"24003",3
2017,"24003",3
2018,"24003",6
2019,"24003",5
2020,"24003",9
2021,"24003",7
2022,"24003",8
2023,"24003",8
2024,"24003",5
2025,"24003",3
2011,"24004",0
2012,"24004",0
2013,"24004",0.969341167054715
2014,"24004",0
2015,"24004",0
2016,"24004",1
2017,"24004",0
2018,"24004",0
2019,"24004",3
2020,"24004",1
2021,"24004",1
2022,"24004",0
2023,"24004",1
2024,"24004",2
2025,"24004",0
2011,"24005",3.87736466821886
2012,"24005",0
2013,"24005",0
2014,"24005",0
2015,"24005",1
2016,"24005",1
2017,"24005",3
2018,"24005",4
2019,"24005",4
2020,"24005",5
2021,"24005",2
2022,"24005",1
2023,"24005",2
2024,"24005",8
2025,"24005",1
2011,"24006",0
2012,"24006",0
2013,"24006",0
2014,"24006",0
2015,"24006",3
2016,"24006",1
2017,"24006",4
2018,"24006",2
2019,"24006",0
2020,"24006",5
2021,"24006",0
2022,"24006",1
2023,"24006",4
2024,"24006",0
2025,"24006",0
2011,"24007",0.969341167054715
2012,"24007",0
2013,"24007",0
2014,"24007",1.93868233410943
2015,"24007",2
2016,"24007",4
2017,"24007",5
2018,"24007",3
2019,"24007",1
2020,"24007",6
2021,"24007",1
2022,"24007",6
2023,"24007",2
2024,"24007",0
2025,"24007",4
2011,"24008",2.90802350116414
2012,"24008",0
2013,"24008",1.93868233410943
2014,"24008",0.969341167054715
2015,"24008",1
2016,"24008",1
2017,"24008",5
2018,"24008",7
2019,"24008",3
2020,"24008",13
2021,"24008",13
2022,"24008",12
2023,"24008",7
2024,"24008",5
2025,"24008",8
2011,"24009",0
2012,"24009",0
2013,"24009",0.969341167054715
2014,"24009",0
2015,"24009",0
2016,"24009",0
2017,"24009",1
2018,"24009",3
2019,"24009",2
2020,"24009",2
2021,"24009",1
2022,"24009",2
2023,"24009",3
2024,"24009",0
2025,"24009",1
2011,"24010",16.4787998399302
2012,"24010",2.90802350116414
2013,"24010",0
2014,"24010",0.969341167054715
2015,"24010",1
2016,"24010",8
2017,"24010",5
2018,"24010",6
2019,"24010",15
2020,"24010",3
2021,"24010",4
2022,"24010",5
2023,"24010",7
2024,"24010",10
2025,"24010",5
2011,"24011",4.84670583527357
2012,"24011",0
2013,"24011",0.969341167054715
2014,"24011",1.93868233410943
2015,"24011",5
2016,"24011",7
2017,"24011",10
2018,"24011",12
2019,"24011",14
2020,"24011",25
2021,"24011",20
2022,"24011",10
2023,"24011",11
2024,"24011",12
2025,"24011",10
2011,"24012",9.69341167054715
2012,"24012",0.969341167054715
2013,"24012",3.87736466821886
2014,"24012",3.87736466821886
2015,"24012",1
2016,"24012",5
2017,"24012",5
2018,"24012",2
2019,"24012",7
2020,"24012",4
2021,"24012",6
2022,"24012",0
2023,"24012",1
2024,"24012",6
2025,"24012",9
2011,"24013",107.596869543073
2012,"24013",18.4174821740396
2013,"24013",5.81604700232829
2014,"24013",12.6014351717113
2015,"24013",19
2016,"24013",33
2017,"24013",46
2018,"24013",100
2019,"24013",79
2020,"24013",73
2021,"24013",78
2022,"24013",46
2023,"24013",71
2024,"24013",68
2025,"24013",63
2011,"24014",0
2012,"24014",0
2013,"24014",2.90802350116414
2014,"24014",3.87736466821886
2015,"24014",3
2016,"24014",0
2017,"24014",2
2018,"24014",2
2019,"24014",3
2020,"24014",3
2021,"24014",2
2022,"24014",2
2023,"24014",2
2024,"24014",1
2025,"24014",0
2011,"24015",0.969341167054715
2012,"24015",0.969341167054715
2013,"24015",0
2014,"24015",0
2015,"24015",1
2016,"24015",3
2017,"24015",6
2018,"24015",3
2019,"24015",1
2020,"24015",4
2021,"24015",5
2022,"24015",2
2023,"24015",3
2024,"24015",3
2025,"24015",5
2011,"24016",12.6014351717113
2012,"24016",0
2013,"24016",5.81604700232829
2014,"24016",4.84670583527357
2015,"24016",4
2016,"24016",10
2017,"24016",10
2018,"24016",16
2019,"24016",15
2020,"24016",22
2021,"24016",16
2022,"24016",8
2023,"24016",10
2024,"24016",6
2025,"24016",4
2011,"24017",1.93868233410943
2012,"24017",2.90802350116414
2013,"24017",2.90802350116414
2014,"24017",4.84670583527357
2015,"24017",9
2016,"24017",6
2017,"24017",15
2018,"24017",11
2019,"24017",17
2020,"24017",13
2021,"24017",18
2022,"24017",9
2023,"24017",23
2024,"24017",8
2025,"24017",3
2011,"24018",1.93868233410943
2012,"24018",0
2013,"24018",0
2014,"24018",0.969341167054715
2015,"24018",1
2016,"24018",0
2017,"24018",1
2018,"24018",2
2019,"24018",3
2020,"24018",4
2021,"24018",1
2022,"24018",3
2023,"24018",0
2024,"24018",2
2025,"24018",1
2011,"24019",0
2012,"24019",0
2013,"24019",0
2014,"24019",0
2015,"24019",1
2016,"24019",2
2017,"24019",0
2018,"24019",0
2019,"24019",1
2020,"24019",3
2021,"24019",0
2022,"24019",0
2023,"24019",1
2024,"24019",3
2025,"24019",0
2011,"24020",27.141552677532
2012,"24020",9.69341167054715
2013,"24020",3.87736466821886
2014,"24020",15.5094586728754
2015,"24020",26
2016,"24020",23
2017,"24020",41
2018,"24020",76
2019,"24020",37
2020,"24020",36
2021,"24020",20
2022,"24020",34
2023,"24020",30
2024,"24020",33
2025,"24020",37
2011,"24021",0
2012,"24021",0.969341167054715
2013,"24021",6.785388169383
2014,"24021",9.69341167054715
2015,"24021",10
2016,"24021",7
2017,"24021",14
2018,"24021",21
2019,"24021",17
2020,"24021",12
2021,"24021",23
2022,"24021",16
2023,"24021",7
2024,"24021",11
2025,"24021",23
2011,"24022",1.93868233410943
2012,"24022",0
2013,"24022",0.969341167054715
2014,"24022",0.969341167054715
2015,"24022",8
2016,"24022",2
2017,"24022",7
2018,"24022",7
2019,"24022",5
2020,"24022",4
2021,"24022",1
2022,"24022",1
2023,"24022",10
2024,"24022",4
2025,"24022",2
2011,"24023",0
2012,"24023",1.93868233410943
2013,"24023",0.969341167054715
2014,"24023",0.969341167054715
2015,"24023",2
2016,"24023",3
2017,"24023",3
2018,"24023",1
2019,"24023",7
2020,"24023",4
2021,"24023",3
2022,"24023",5
2023,"24023",3
2024,"24023",11
2025,"24023",7
2011,"24024",26.1722115104773
2012,"24024",5.81604700232829
2013,"24024",0
2014,"24024",6.785388169383
2015,"24024",17
2016,"24024",13
2017,"24024",19
2018,"24024",44
2019,"24024",38
2020,"24024",60
2021,"24024",47
2022,"24024",42
2023,"24024",31
2024,"24024",36
2025,"24024",26
2011,"24025",0.969341167054715
2012,"24025",0
2013,"24025",0
2014,"24025",0
2015,"24025",1
2016,"24025",4
2017,"24025",1
2018,"24025",2
2019,"24025",8
2020,"24025",12
2021,"24025",15
2022,"24025",10
2023,"24025",10
2024,"24025",12
2025,"24025",10
2011,"24026",0
2012,"24026",0.969341167054715
2013,"24026",0
2014,"24026",0
2015,"24026",2
2016,"24026",0
2017,"24026",2
2018,"24026",0
2019,"24026",0
2020,"24026",0
2021,"24026",1
2022,"24026",0
2023,"24026",1
2024,"24026",0
2025,"24026",0
2011,"24027",5.81604700232829
2012,"24027",0
2013,"24027",0.969341167054715
2014,"24027",1.93868233410943
2015,"24027",0
2016,"24027",11
2017,"24027",1
2018,"24027",2
2019,"24027",4
2020,"24027",3
2021,"24027",1
2022,"24027",0
2023,"24027",1
2024,"24027",5
2025,"24027",0
2011,"24028",431.356819339348
2012,"24028",57.1911288562282
2013,"24028",166.726680733411
2014,"24028",142.493151557043
2015,"24028",169
2016,"24028",192
2017,"24028",260
2018,"24028",291
2019,"24028",253
2020,"24028",300
2021,"24028",277
2022,"24028",280
2023,"24028",235
2024,"24028",230
2025,"24028",107
2011,"24029",0
2012,"24029",0.969341167054715
2013,"24029",2.90802350116414
2014,"24029",0.969341167054715
2015,"24029",0
2016,"24029",0
2017,"24029",2
2018,"24029",3
2019,"24029",2
2020,"24029",2
2021,"24029",0
2022,"24029",0
2023,"24029",2
2024,"24029",0
2025,"24029",1
2011,"24030",0
2012,"24030",0
2013,"24030",0
2014,"24030",1.93868233410943
2015,"24030",1
2016,"24030",0
2017,"24030",1
2018,"24030",1
2019,"24030",1
2020,"24030",2
2021,"24030",2
2022,"24030",2
2023,"24030",2
2024,"24030",4
2025,"24030",1
2011,"24031",0
2012,"24031",0.969341167054715
2013,"24031",0.969341167054715
2014,"24031",0.969341167054715
2015,"24031",3
2016,"24031",0
2017,"24031",2
2018,"24031",0
2019,"24031",2
2020,"24031",5
2021,"24031",2
2022,"24031",3
2023,"24031",2
2024,"24031",0
2025,"24031",0
2011,"24032",2.90802350116414
2012,"24032",4.84670583527357
2013,"24032",4.84670583527357
2014,"24032",9.69341167054715
2015,"24032",4
2016,"24032",4
2017,"24032",8
2018,"24032",20
2019,"24032",21
2020,"24032",16
2021,"24032",11
2022,"24032",15
2023,"24032",17
2024,"24032",14
2025,"24032",23
2011,"24033",1.93868233410943
2012,"24033",0
2013,"24033",0
2014,"24033",0
2015,"24033",0
2016,"24033",3
2017,"24033",8
2018,"24033",2
2019,"24033",6
2020,"24033",4
2021,"24033",4
2022,"24033",2
2023,"24033",2
2024,"24033",2
2025,"24033",2
2011,"24034",1.93868233410943
2012,"24034",1.93868233410943
2013,"24034",0.969341167054715
2014,"24034",1.93868233410943
2015,"24034",2
2016,"24034",1
2017,"24034",2
2018,"24034",7
2019,"24034",3
2020,"24034",6
2021,"24034",5
2022,"24034",4
2023,"24034",2
2024,"24034",4
2025,"24034",2
2011,"24035",0.969341167054715
2012,"24035",5.81604700232829
2013,"24035",37.8043055151339
2014,"24035",24.2335291763679
2015,"24035",24
2016,"24035",47
2017,"24035",88
2018,"24035",81
2019,"24035",98
2020,"24035",113
2021,"24035",84
2022,"24035",56
2023,"24035",64
2024,"24035",52
2025,"24035",31
2011,"24036",7.75472933643772
2012,"24036",0.969341167054715
2013,"24036",6.785388169383
2014,"24036",0.969341167054715
2015,"24036",3
2016,"24036",6
2017,"24036",2
2018,"24036",11
2019,"24036",10
2020,"24036",11
2021,"24036",13
2022,"24036",13
2023,"24036",2
2024,"24036",6
2025,"24036",7
2011,"24037",0.969341167054715
2012,"24037",2.90802350116414
2013,"24037",6.785388169383
2014,"24037",7.75472933643772
2015,"24037",3
2016,"24037",7
2017,"24037",19
2018,"24037",7
2019,"24037",7
2020,"24037",12
2021,"24037",12
2022,"24037",27
2023,"24037",10
2024,"24037",8
2025,"24037",8
2011,"24038",0
2012,"24038",0
2013,"24038",0
2014,"24038",0
2015,"24038",1
2016,"24038",2
2017,"24038",2
2018,"24038",0
2019,"24038",2
2020,"24038",6
2021,"24038",1
2022,"24038",2
2023,"24038",2
2024,"24038",0
2025,"24038",1
2011,"24039",1.93868233410943
2012,"24039",0
2013,"24039",0.969341167054715
2014,"24039",0
2015,"24039",0
2016,"24039",4
2017,"24039",4
2018,"24039",3
2019,"24039",10
2020,"24039",6
2021,"24039",3
2022,"24039",0
2023,"24039",4
2024,"24039",4
2025,"24039",2
2011,"24040",2.90802350116414
2012,"24040",1.93868233410943
2013,"24040",3.87736466821886
2014,"24040",8.72407050349243
2015,"24040",9
2016,"24040",9
2017,"24040",10
2018,"24040",27
2019,"24040",14
2020,"24040",17
2021,"24040",17
2022,"24040",30
2023,"24040",29
2024,"24040",19
2025,"24040",3
2011,"24041",0.969341167054715
2012,"24041",0
2013,"24041",2.90802350116414
2014,"24041",3.87736466821886
2015,"24041",3
2016,"24041",0
2017,"24041",3
2018,"24041",5
2019,"24041",6
2020,"24041",6
2021,"24041",3
2022,"24041",3
2023,"24041",1
2024,"24041",4
2025,"24041",0
2011,"24042",4.84670583527357
2012,"24042",0.969341167054715
2013,"24042",4.84670583527357
2014,"24042",3.87736466821886
2015,"24042",3
2016,"24042",7
2017,"24042",2
2018,"24042",2
2019,"24042",7
2020,"24042",3
2021,"24042",3
2022,"24042",4
2023,"24042",2
2024,"24042",2
2025,"24042",2
2011,"24043",0
2012,"24043",0.969341167054715
2013,"24043",4.84670583527357
2014,"24043",0
2015,"24043",0
2016,"24043",3
2017,"24043",1
2018,"24043",3
2019,"24043",3
2020,"24043",4
2021,"24043",2
2022,"24043",2
2023,"24043",0
2024,"24043",0
2025,"24043",4
2011,"24044",0
2012,"24044",0
2013,"24044",0
2014,"24044",0
2015,"24044",0
2016,"24044",3
2017,"24044",0
2018,"24044",2
2019,"24044",1
2020,"24044",3
2021,"24044",10
2022,"24044",2
2023,"24044",0
2024,"24044",1
2025,"24044",0
2011,"24045",0.969341167054715
2012,"24045",2.90802350116414
2013,"24045",1.93868233410943
2014,"24045",0
2015,"24045",1
2016,"24045",5
2017,"24045",4
2018,"24045",1
2019,"24045",3
2020,"24045",7
2021,"24045",5
2022,"24045",4
2023,"24045",3
2024,"24045",7
2025,"24045",1
2011,"24046",0.969341167054715
2012,"24046",0.969341167054715
2013,"24046",2.90802350116414
2014,"24046",3.87736466821886
2015,"24046",5
2016,"24046",7
2017,"24046",5
2018,"24046",13
2019,"24046",5
2020,"24046",9
2021,"24046",6
2022,"24046",2
2023,"24046",6
2024,"24046",7
2025,"24046",7
2011,"24047",0
2012,"24047",0
2013,"24047",0
2014,"24047",0
2015,"24047",0
2016,"24047",1
2017,"24047",3
2018,"24047",2
2019,"24047",5
2020,"24047",8
2021,"24047",6
2022,"24047",3
2023,"24047",3
2024,"24047",2
2025,"24047",1
2011,"24048",0
2012,"24048",0
2013,"24048",0
2014,"24048",0
2015,"24048",1
2016,"24048",0
2017,"24048",1
2018,"24048",3
2019,"24048",1
2020,"24048",2
2021,"24048",2
2022,"24048",1
2023,"24048",2
2024,"24048",0
2025,"24048",0
2011,"24049",6.785388169383
2012,"24049",0.969341167054715
2013,"24049",2.90802350116414
2014,"24049",4.84670583527357
2015,"24049",2
2016,"24049",3
2017,"24049",6
2018,"24049",10
2019,"24049",14
2020,"24049",18
2021,"24049",15
2022,"24049",11
2023,"24049",12
2024,"24049",11
2025,"24049",11
2011,"24050",0
2012,"24050",0
2013,"24050",6.785388169383
2014,"24050",5.81604700232829
2015,"24050",9
2016,"24050",10
2017,"24050",22
2018,"24050",24
2019,"24050",26
2020,"24050",28
2021,"24050",15
2022,"24050",23
2023,"24050",25
2024,"24050",16
2025,"24050",26
2011,"24051",2.90802350116414
2012,"24051",0.969341167054715
2013,"24051",1.93868233410943
2014,"24051",0.969341167054715
2015,"24051",0
2016,"24051",4
2017,"24051",4
2018,"24051",7
2019,"24051",8
2020,"24051",4
2021,"24051",3
2022,"24051",0
2023,"24051",14
2024,"24051",10
2025,"24051",5
2011,"24052",1.93868233410943
2012,"24052",0.969341167054715
2013,"24052",4.84670583527357
2014,"24052",0
2015,"24052",1
2016,"24052",2
2017,"24052",1
2018,"24052",2
2019,"24052",3
2020,"24052",2
2021,"24052",7
2022,"24052",7
2023,"24052",1
2024,"24052",1
2025,"24052",1
2011,"24053",0
2012,"24053",0
2013,"24053",0.969341167054715
2014,"24053",0
2015,"24053",2
2016,"24053",2
2017,"24053",5
2018,"24053",4
2019,"24053",10
2020,"24053",12
2021,"24053",5
2022,"24053",8
2023,"24053",8
2024,"24053",2
2025,"24053",3
2011,"24054",3.87736466821886
2012,"24054",1.93868233410943
2013,"24054",4.84670583527357
2014,"24054",0.969341167054715
2015,"24054",6
2016,"24054",1
2017,"24054",5
2018,"24054",3
2019,"24054",10
2020,"24054",6
2021,"24054",9
2022,"24054",2
2023,"24054",5
2024,"24054",3
2025,"24054",2
2011,"24055",0.969341167054715
2012,"24055",1.93868233410943
2013,"24055",0.969341167054715
2014,"24055",2.90802350116414
2015,"24055",8
2016,"24055",7
2017,"24055",19
2018,"24055",14
2019,"24055",9
2020,"24055",12
2021,"24055",20
2022,"24055",13
2023,"24055",9
2024,"24055",10
2025,"24055",8
2011,"24056",12.6014351717113
2012,"24056",0
2013,"24056",7.75472933643772
2014,"24056",5.81604700232829
2015,"24056",2
2016,"24056",8
2017,"24056",5
2018,"24056",4
2019,"24056",4
2020,"24056",2
2021,"24056",4
2022,"24056",7
2023,"24056",8
2024,"24056",12
2025,"24056",7
2011,"24057",0.969341167054715
2012,"24057",0.969341167054715
2013,"24057",0.969341167054715
2014,"24057",0.969341167054715
2015,"24057",1
2016,"24057",0
2017,"24057",1
2018,"24057",1
2019,"24057",5
2020,"24057",3
2021,"24057",3
2022,"24057",4
2023,"24057",1
2024,"24057",4
2025,"24057",2
2011,"24058",0
2012,"24058",0
2013,"24058",0
2014,"24058",4.84670583527357
2015,"24058",3
2016,"24058",5
2017,"24058",3
2018,"24058",6
2019,"24058",3
2020,"24058",8
2021,"24058",9
2022,"24058",2
2023,"24058",5
2024,"24058",1
2025,"24058",1
2024,"24059",0
2025,"24059",0
2011,"25001",173.512068902794
2012,"25001",177.389433571013
2013,"25001",195.806915745052
2014,"25001",162.849316065192
2015,"25001",112
2016,"25001",132
2017,"25001",168
2018,"25001",148
2019,"25001",123
2020,"25001",117
2021,"25001",116
2022,"25001",116
2023,"25001",133
2024,"25001",120
2025,"25001",101
2011,"25002",39.7429878492433
2012,"25002",28.1108938445867
2013,"25002",19.3868233410943
2014,"25002",14.5401175058207
2015,"25002",26
2016,"25002",16
2017,"25002",24
2018,"25002",18
2019,"25002",21
2020,"25002",31
2021,"25002",21
2022,"25002",19
2023,"25002",22
2024,"25002",24
2025,"25002",20
2011,"25003",44.5896936845169
2012,"25003",60.0991523573923
2013,"25003",27.141552677532
2014,"25003",29.0802350116414
2015,"25003",32
2016,"25003",35
2017,"25003",22
2018,"25003",28
2019,"25003",16
2020,"25003",17
2021,"25003",16
2022,"25003",10
2023,"25003",12
2024,"25003",20
2025,"25003",18
2011,"25004",17.4481410069849
2012,"25004",11.6320940046566
2013,"25004",16.4787998399302
2014,"25004",17.4481410069849
2015,"25004",29
2016,"25004",24
2017,"25004",48
2018,"25004",33
2019,"25004",8
2020,"25004",5
2021,"25004",9
2022,"25004",6
2023,"25004",1
2024,"25004",19
2025,"25004",27
2011,"25005",13.570776338766
2012,"25005",13.570776338766
2013,"25005",7.75472933643772
2014,"25005",3.87736466821886
2015,"25005",4
2016,"25005",6
2017,"25005",8
2018,"25005",7
2019,"25005",4
2020,"25005",3
2021,"25005",3
2022,"25005",0
2023,"25005",5
2024,"25005",1
2025,"25005",1
2011,"25006",683.385522773574
2012,"25006",629.10241741851
2013,"25006",568.033923894063
2014,"25006",493.39465403085
2015,"25006",551
2016,"25006",551
2017,"25006",760
2018,"25006",706
2019,"25006",645
2020,"25006",604
2021,"25006",511
2022,"25006",444
2023,"25006",459
2024,"25006",686
2025,"25006",1004
2011,"25007",35.8656231810244
2012,"25007",38.7736466821886
2013,"25007",29.0802350116414
2014,"25007",22.2948468422584
2015,"25007",15
2016,"25007",16
2017,"25007",15
2018,"25007",21
2019,"25007",20
2020,"25007",36
2021,"25007",24
2022,"25007",10
2023,"25007",17
2024,"25007",16
2025,"25007",12
2011,"25008",26.1722115104773
2012,"25008",25.2028703434226
2013,"25008",31.0189173457509
2014,"25008",24.2335291763679
2015,"25008",17
2016,"25008",26
2017,"25008",39
2018,"25008",30
2019,"25008",33
2020,"25008",28
2021,"25008",29
2022,"25008",26
2023,"25008",30
2024,"25008",47
2025,"25008",60
2011,"25009",29.0802350116414
2012,"25009",27.141552677532
2013,"25009",26.1722115104773
2014,"25009",19.3868233410943
2015,"25009",23
2016,"25009",28
2017,"25009",21
2018,"25009",28
2019,"25009",26
2020,"25009",25
2021,"25009",22
2022,"25009",32
2023,"25009",23
2024,"25009",26
2025,"25009",40
2011,"25010",88.210046201979
2012,"25010",99.8421402066356
2013,"25010",66.8845405267753
2014,"25010",62.0378346915017
2015,"25010",50
2016,"25010",51
2017,"25010",65
2018,"25010",53
2019,"25010",26
2020,"25010",26
2021,"25010",42
2022,"25010",31
2023,"25010",32
2024,"25010",33
2025,"25010",28
2011,"25011",119.22896354773
2012,"25011",110.504893044237
2013,"25011",110.504893044237
2014,"25011",117.29028121362
2015,"25011",132
2016,"25011",119
2017,"25011",121
2018,"25011",135
2019,"25011",101
2020,"25011",95
2021,"25011",122
2022,"25011",97
2023,"25011",103
2024,"25011",80
2025,"25011",79
2011,"25012",284.016961947031
2012,"25012",140.554469222934
2013,"25012",127.953034051222
2014,"25012",120.198304714785
2015,"25012",145
2016,"25012",231
2017,"25012",223
2018,"25012",164
2019,"25012",162
2020,"25012",126
2021,"25012",117
2022,"25012",122
2023,"25012",126
2024,"25012",146
2025,"25012",193
2011,"25013",67.85388169383
2012,"25013",40.712329016298
2013,"25013",48.4670583527357
2014,"25013",40.712329016298
2015,"25013",38
2016,"25013",58
2017,"25013",46
2018,"25013",45
2019,"25013",54
2020,"25013",35
2021,"25013",28
2022,"25013",24
2023,"25013",30
2024,"25013",29
2025,"25013",39
2011,"25014",30.0495761786962
2012,"25014",41.6816701833527
2013,"25014",31.9882585128056
2014,"25014",31.0189173457509
2015,"25014",43
2016,"25014",33
2017,"25014",31
2018,"25014",28
2019,"25014",25
2020,"25014",16
2021,"25014",29
2022,"25014",29
2023,"25014",30
2024,"25014",27
2025,"25014",27
2011,"25015",81.424658032596
2012,"25015",35.8656231810244
2013,"25015",29.0802350116414
2014,"25015",33.926940846915
2015,"25015",50
2016,"25015",35
2017,"25015",31
2018,"25015",41
2019,"25015",32
2020,"25015",36
2021,"25015",35
2022,"25015",31
2023,"25015",34
2024,"25015",26
2025,"25015",23
2011,"25016",28.1108938445867
2012,"25016",14.5401175058207
2013,"25016",11.6320940046566
2014,"25016",26.1722115104773
2015,"25016",28
2016,"25016",21
2017,"25016",28
2018,"25016",12
2019,"25016",8
2020,"25016",13
2021,"25016",17
2022,"25016",11
2023,"25016",10
2024,"25016",14
2025,"25016",31
2011,"25017",53.3137641880093
2012,"25017",56.2217876891735
2013,"25017",43.6203525174622
2014,"25017",32.9575996798603
2015,"25017",38
2016,"25017",36
2017,"25017",21
2018,"25017",35
2019,"25017",34
2020,"25017",28
2021,"25017",28
2022,"25017",29
2023,"25017",19
2024,"25017",27
2025,"25017",29
2011,"25018",155.094586728754
2012,"25018",88.210046201979
2013,"25018",56.2217876891735
2014,"25018",77.5472933643772
2015,"25018",71
2016,"25018",98
2017,"25018",168
2018,"25018",76
2019,"25018",69
2020,"25018",72
2021,"25018",59
2022,"25018",69
2023,"25018",64
2024,"25018",70
2025,"25018",182
2024,"25019",8
2025,"25019",11
2024,"25020",0
2025,"25020",11
2014,"26001",0
2015,"26001",1
2016,"26001",0
2017,"26001",2
2018,"26001",0
2019,"26001",0
2020,"26001",1
2021,"26001",0
2022,"26001",1
2023,"26001",0
2024,"26001",0
2025,"26001",0
2011,"26002",32.9575996798603
2012,"26002",31.9882585128056
2013,"26002",23.2641880093132
2014,"26002",25.2028703434226
2015,"26002",27
2016,"26002",26
2017,"26002",18
2018,"26002",5
2019,"26002",19
2020,"26002",10
2021,"26002",12
2022,"26002",10
2023,"26002",9
2024,"26002",7
2025,"26002",5
2014,"26003",21.3255056752037
2015,"26003",13
2016,"26003",17
2017,"26003",11
2018,"26003",11
2019,"26003",8
2020,"26003",8
2021,"26003",7
2022,"26003",3
2023,"26003",7
2024,"26003",6
2025,"26003",5
2014,"26004",8.72407050349243
2015,"26004",8
2016,"26004",6
2017,"26004",3
2018,"26004",1
2019,"26004",3
2020,"26004",6
2021,"26004",11
2022,"26004",11
2023,"26004",7
2024,"26004",6
2025,"26004",5
2014,"26005",0
2015,"26005",0
2016,"26005",1
2017,"26005",0
2018,"26005",1
2019,"26005",0
2020,"26005",0
2021,"26005",0
2022,"26005",1
2023,"26005",0
2024,"26005",0
2025,"26005",0
2014,"26006",0.969341167054715
2015,"26006",3
2016,"26006",1
2017,"26006",3
2018,"26006",1
2019,"26006",1
2020,"26006",0
2021,"26006",1
2022,"26006",2
2023,"26006",2
2024,"26006",3
2025,"26006",1
2014,"26007",0
2015,"26007",0
2016,"26007",0
2017,"26007",0
2018,"26007",0
2019,"26007",0
2020,"26007",0
2021,"26007",0
2022,"26007",0
2023,"26007",1
2024,"26007",0
2025,"26007",0
2014,"26008",0
2015,"26008",2
2016,"26008",1
2017,"26008",1
2018,"26008",0
2019,"26008",0
2020,"26008",0
2021,"26008",1
2022,"26008",0
2023,"26008",0
2024,"26008",0
2025,"26008",0
2014,"26009",0
2015,"26009",0
2016,"26009",1
2017,"26009",0
2018,"26009",0
2019,"26009",0
2020,"26009",1
2021,"26009",0
2022,"26009",0
2023,"26009",0
2024,"26009",0
2025,"26009",1
2014,"26010",0
2015,"26010",1
2016,"26010",0
2017,"26010",0
2018,"26010",0
2019,"26010",0
2020,"26010",1
2021,"26010",1
2022,"26010",0
2023,"26010",0
2024,"26010",0
2025,"26010",0
2014,"26011",0.969341167054715
2015,"26011",0
2016,"26011",1
2017,"26011",3
2018,"26011",1
2019,"26011",1
2020,"26011",0
2021,"26011",0
2022,"26011",0
2023,"26011",0
2024,"26011",1
2025,"26011",0
2014,"26012",23.2641880093132
2015,"26012",9
2016,"26012",27
2017,"26012",17
2018,"26012",21
2019,"26012",20
2020,"26012",25
2021,"26012",25
2022,"26012",10
2023,"26012",18
2024,"26012",11
2025,"26012",14
2014,"26013",0.969341167054715
2015,"26013",0
2016,"26013",0
2017,"26013",0
2018,"26013",2
2019,"26013",1
2020,"26013",0
2021,"26013",2
2022,"26013",0
2023,"26013",1
2024,"26013",0
2025,"26013",0
2014,"26014",1.93868233410943
2015,"26014",5
2016,"26014",0
2017,"26014",2
2018,"26014",2
2019,"26014",0
2020,"26014",1
2021,"26014",2
2022,"26014",2
2023,"26014",2
2024,"26014",0
2025,"26014",1
2014,"26015",0
2015,"26015",2
2016,"26015",0
2017,"26015",1
2018,"26015",0
2019,"26015",4
2020,"26015",0
2021,"26015",0
2022,"26015",0
2023,"26015",0
2024,"26015",0
2025,"26015",0
2014,"26016",3.87736466821886
2015,"26016",1
2016,"26016",4
2017,"26016",1
2018,"26016",6
2019,"26016",3
2020,"26016",5
2021,"26016",11
2022,"26016",3
2023,"26016",1
2024,"26016",4
2025,"26016",2
2011,"26017",44.5896936845169
2012,"26017",49.4363995197904
2013,"26017",51.3750818538999
2014,"26017",57.1911288562282
2015,"26017",34
2016,"26017",32
2017,"26017",37
2018,"26017",45
2019,"26017",52
2020,"26017",143
2021,"26017",100
2022,"26017",134
2023,"26017",35
2024,"26017",86
2025,"26017",41
2011,"26018",145.401175058207
2012,"26018",153.155904394645
2013,"26018",206.469668582654
2014,"26018",195.806915745052
2015,"26018",182
2016,"26018",247
2017,"26018",303
2018,"26018",291
2019,"26018",390
2020,"26018",476
2021,"26018",646
2022,"26018",549
2023,"26018",472
2024,"26018",368
2025,"26018",437
2014,"26019",19.3868233410943
2015,"26019",11
2016,"26019",13
2017,"26019",9
2018,"26019",3
2019,"26019",6
2020,"26019",5
2021,"26019",4
2022,"26019",8
2023,"26019",10
2024,"26019",2
2025,"26019",2
2014,"26020",1.93868233410943
2015,"26020",2
2016,"26020",1
2017,"26020",2
2018,"26020",5
2019,"26020",1
2020,"26020",6
2021,"26020",2
2022,"26020",1
2023,"26020",1
2024,"26020",3
2025,"26020",1
2014,"26021",0
2015,"26021",0
2016,"26021",2
2017,"26021",1
2018,"26021",4
2019,"26021",1
2020,"26021",0
2021,"26021",1
2022,"26021",1
2023,"26021",1
2024,"26021",0
2025,"26021",1
2014,"26022",0.969341167054715
2015,"26022",2
2016,"26022",0
2017,"26022",1
2018,"26022",1
2019,"26022",1
2020,"26022",1
2021,"26022",1
2022,"26022",1
2023,"26022",1
2024,"26022",0
2025,"26022",1
2014,"26023",2.90802350116414
2015,"26023",2
2016,"26023",2
2017,"26023",2
2018,"26023",1
2019,"26023",1
2020,"26023",1
2021,"26023",5
2022,"26023",1
2023,"26023",0
2024,"26023",2
2025,"26023",0
2014,"26024",0
2015,"26024",0
2016,"26024",0
2017,"26024",2
2018,"26024",0
2019,"26024",1
2020,"26024",0
2021,"26024",0
2022,"26024",0
2023,"26024",0
2024,"26024",1
2025,"26024",0
2011,"26025",12.6014351717113
2014,"26025",17.4481410069849
2015,"26025",19
2016,"26025",22
2017,"26025",22
2018,"26025",50
2019,"26025",75
2020,"26025",88
2021,"26025",116
2022,"26025",111
2023,"26025",32
2024,"26025",23
2025,"26025",14
2011,"26026",14.5401175058207
2014,"26026",12.6014351717113
2015,"26026",13
2016,"26026",16
2017,"26026",27
2018,"26026",23
2019,"26026",20
2020,"26026",14
2021,"26026",12
2022,"26026",9
2023,"26026",11
2024,"26026",14
2025,"26026",9
2014,"26027",0.969341167054715
2015,"26027",1
2016,"26027",6
2017,"26027",2
2018,"26027",1
2019,"26027",3
2020,"26027",1
2021,"26027",0
2022,"26027",1
2023,"26027",0
2024,"26027",2
2025,"26027",1
2014,"26028",0
2015,"26028",0
2016,"26028",0
2017,"26028",0
2018,"26028",0
2019,"26028",0
2020,"26028",0
2021,"26028",0
2022,"26028",0
2023,"26028",0
2024,"26028",0
2025,"26028",0
2011,"26029",46.5283760186263
2012,"26029",53.3137641880093
2013,"26029",55.2524465221187
2014,"26029",47.497717185681
2015,"26029",62
2016,"26029",53
2017,"26029",90
2018,"26029",83
2019,"26029",126
2020,"26029",170
2021,"26029",174
2022,"26029",225
2023,"26029",193
2024,"26029",87
2025,"26029",34
2011,"26030",145.401175058207
2012,"26030",182.236139406286
2013,"26030",212.285715584983
2014,"26030",175.450751236903
2015,"26030",198
2016,"26030",240
2017,"26030",233
2018,"26030",255
2019,"26030",280
2020,"26030",299
2021,"26030",269
2022,"26030",209
2023,"26030",161
2024,"26030",215
2025,"26030",278
2014,"26031",0
2015,"26031",3
2016,"26031",0
2017,"26031",2
2018,"26031",0
2019,"26031",1
2020,"26031",0
2021,"26031",1
2022,"26031",0
2023,"26031",0
2024,"26031",0
2025,"26031",0
2014,"26032",0.969341167054715
2015,"26032",1
2016,"26032",2
2017,"26032",0
2018,"26032",1
2019,"26032",1
2020,"26032",0
2021,"26032",1
2022,"26032",0
2023,"26032",0
2024,"26032",1
2025,"26032",0
2011,"26033",27.141552677532
2012,"26033",31.9882585128056
2013,"26033",18.4174821740396
2014,"26033",18.4174821740396
2015,"26033",31
2016,"26033",24
2017,"26033",25
2018,"26033",10
2019,"26033",24
2020,"26033",21
2021,"26033",18
2022,"26033",20
2023,"26033",14
2024,"26033",10
2025,"26033",4
2014,"26034",0
2015,"26034",1
2016,"26034",1
2017,"26034",0
2018,"26034",0
2019,"26034",0
2020,"26034",1
2021,"26034",0
2022,"26034",0
2023,"26034",0
2024,"26034",0
2025,"26034",0
2014,"26035",4.84670583527357
2015,"26035",9
2016,"26035",13
2017,"26035",11
2018,"26035",8
2019,"26035",5
2020,"26035",10
2021,"26035",9
2022,"26035",8
2023,"26035",7
2024,"26035",9
2025,"26035",3
2014,"26036",7.75472933643772
2015,"26036",15
2016,"26036",8
2017,"26036",15
2018,"26036",17
2019,"26036",7
2020,"26036",19
2021,"26036",39
2022,"26036",15
2023,"26036",8
2024,"26036",7
2025,"26036",8
2014,"26037",0
2015,"26037",0
2016,"26037",2
2017,"26037",0
2018,"26037",1
2019,"26037",0
2020,"26037",0
2021,"26037",1
2022,"26037",1
2023,"26037",0
2024,"26037",0
2025,"26037",0
2014,"26038",2.90802350116414
2015,"26038",0
2016,"26038",0
2017,"26038",1
2018,"26038",1
2019,"26038",1
2020,"26038",4
2021,"26038",1
2022,"26038",0
2023,"26038",1
2024,"26038",3
2025,"26038",1
2014,"26039",0.969341167054715
2015,"26039",5
2016,"26039",1
2017,"26039",2
2018,"26039",0
2019,"26039",4
2020,"26039",1
2021,"26039",3
2022,"26039",1
2023,"26039",1
2024,"26039",0
2025,"26039",0
2014,"26040",0
2015,"26040",0
2016,"26040",2
2017,"26040",0
2018,"26040",1
2019,"26040",3
2020,"26040",0
2021,"26040",2
2022,"26040",2
2023,"26040",0
2024,"26040",0
2025,"26040",0
2014,"26041",1.93868233410943
2015,"26041",1
2016,"26041",4
2017,"26041",2
2018,"26041",1
2019,"26041",0
2020,"26041",0
2021,"26041",1
2022,"26041",3
2023,"26041",3
2024,"26041",4
2025,"26041",0
2011,"26042",54.283105355064
2012,"26042",54.283105355064
2013,"26042",56.2217876891735
2014,"26042",48.4670583527357
2015,"26042",49
2016,"26042",25
2017,"26042",44
2018,"26042",45
2019,"26042",46
2020,"26042",50
2021,"26042",44
2022,"26042",39
2023,"26042",35
2024,"26042",44
2025,"26042",17
2011,"26043",94.995434371362
2012,"26043",72.7005875291036
2013,"26043",65.9151993597206
2014,"26043",83.3633403667055
2015,"26043",75
2016,"26043",71
2017,"26043",83
2018,"26043",80
2019,"26043",95
2020,"26043",121
2021,"26043",145
2022,"26043",90
2023,"26043",71
2024,"26043",93
2025,"26043",72
2014,"26044",0
2015,"26044",0
2016,"26044",0
2017,"26044",0
2018,"26044",2
2019,"26044",0
2020,"26044",0
2021,"26044",0
2022,"26044",0
2023,"26044",0
2024,"26044",1
2025,"26044",0
2014,"26045",0
2015,"26045",0
2016,"26045",4
2017,"26045",0
2018,"26045",1
2019,"26045",0
2020,"26045",2
2021,"26045",2
2022,"26045",2
2023,"26045",1
2024,"26045",0
2025,"26045",0
2014,"26046",0.969341167054715
2015,"26046",0
2016,"26046",1
2017,"26046",0
2018,"26046",0
2019,"26046",0
2020,"26046",0
2021,"26046",0
2022,"26046",1
2023,"26046",4
2024,"26046",1
2025,"26046",1
2014,"26047",2.90802350116414
2015,"26047",1
2016,"26047",7
2017,"26047",4
2018,"26047",10
2019,"26047",7
2020,"26047",12
2021,"26047",15
2022,"26047",12
2023,"26047",3
2024,"26047",5
2025,"26047",3
2011,"26048",25.2028703434226
2012,"26048",37.8043055151339
2013,"26048",4.84670583527357
2014,"26048",14.5401175058207
2015,"26048",14
2016,"26048",25
2017,"26048",13
2018,"26048",15
2019,"26048",22
2020,"26048",32
2021,"26048",40
2022,"26048",24
2023,"26048",16
2024,"26048",9
2025,"26048",8
2014,"26049",0.969341167054715
2015,"26049",0
2016,"26049",2
2017,"26049",1
2018,"26049",2
2019,"26049",0
2020,"26049",3
2021,"26049",1
2022,"26049",1
2023,"26049",3
2024,"26049",4
2025,"26049",2
2014,"26050",0.969341167054715
2015,"26050",1
2016,"26050",0
2017,"26050",0
2018,"26050",0
2019,"26050",0
2020,"26050",0
2021,"26050",2
2022,"26050",0
2023,"26050",0
2024,"26050",1
2025,"26050",1
2014,"26051",3.87736466821886
2015,"26051",5
2016,"26051",3
2017,"26051",1
2018,"26051",5
2019,"26051",6
2020,"26051",4
2021,"26051",2
2022,"26051",8
2023,"26051",2
2024,"26051",3
2025,"26051",3
2014,"26052",1.93868233410943
2015,"26052",2
2016,"26052",5
2017,"26052",2
2018,"26052",5
2019,"26052",2
2020,"26052",4
2021,"26052",2
2022,"26052",1
2023,"26052",0
2024,"26052",1
2025,"26052",1
2014,"26053",0
2015,"26053",0
2016,"26053",1
2017,"26053",0
2018,"26053",0
2019,"26053",0
2020,"26053",0
2021,"26053",0
2022,"26053",2
2023,"26053",0
2024,"26053",1
2025,"26053",0
2014,"26054",0
2015,"26054",0
2016,"26054",0
2017,"26054",2
2018,"26054",0
2019,"26054",0
2020,"26054",1
2021,"26054",0
2022,"26054",0
2023,"26054",0
2024,"26054",0
2025,"26054",0
2011,"26055",36.8349643480792
2012,"26055",44.5896936845169
2013,"26055",51.3750818538999
2014,"26055",48.4670583527357
2015,"26055",46
2016,"26055",67
2017,"26055",64
2018,"26055",65
2019,"26055",120
2020,"26055",89
2021,"26055",151
2022,"26055",182
2023,"26055",202
2024,"26055",253
2025,"26055",191
2014,"26056",3.87736466821886
2015,"26056",3
2016,"26056",9
2017,"26056",4
2018,"26056",5
2019,"26056",3
2020,"26056",2
2021,"26056",6
2022,"26056",1
2023,"26056",1
2024,"26056",4
2025,"26056",3
2014,"26057",0
2015,"26057",0
2016,"26057",0
2017,"26057",0
2018,"26057",0
2019,"26057",1
2020,"26057",3
2021,"26057",0
2022,"26057",0
2023,"26057",0
2024,"26057",0
2025,"26057",0
2014,"26058",7.75472933643772
2015,"26058",14
2016,"26058",9
2017,"26058",12
2018,"26058",8
2019,"26058",14
2020,"26058",9
2021,"26058",28
2022,"26058",11
2023,"26058",11
2024,"26058",17
2025,"26058",4
2014,"26059",0
2015,"26059",0
2016,"26059",0
2017,"26059",0
2018,"26059",0
2019,"26059",1
2020,"26059",0
2021,"26059",0
2022,"26059",0
2023,"26059",0
2024,"26059",0
2025,"26059",1
2014,"26060",2.90802350116414
2015,"26060",11
2016,"26060",1
2017,"26060",2
2018,"26060",0
2019,"26060",0
2020,"26060",0
2021,"26060",2
2022,"26060",1
2023,"26060",2
2024,"26060",5
2025,"26060",1
2014,"26061",0
2015,"26061",1
2016,"26061",2
2017,"26061",1
2018,"26061",3
2019,"26061",0
2020,"26061",1
2021,"26061",0
2022,"26061",1
2023,"26061",0
2024,"26061",1
2025,"26061",0
2014,"26062",0
2015,"26062",1
2016,"26062",0
2017,"26062",0
2018,"26062",0
2019,"26062",0
2020,"26062",0
2021,"26062",0
2022,"26062",0
2023,"26062",0
2024,"26062",0
2025,"26062",0
2014,"26063",0
2015,"26063",1
2016,"26063",2
2017,"26063",0
2018,"26063",1
2019,"26063",0
2020,"26063",0
2021,"26063",0
2022,"26063",0
2023,"26063",0
2024,"26063",0
2025,"26063",0
2014,"26064",0.969341167054715
2015,"26064",2
2016,"26064",4
2017,"26064",1
2018,"26064",0
2019,"26064",3
2020,"26064",3
2021,"26064",2
2022,"26064",0
2023,"26064",3
2024,"26064",1
2025,"26064",4
2014,"26065",0
2015,"26065",0
2016,"26065",0
2017,"26065",1
2018,"26065",0
2019,"26065",0
2020,"26065",1
2021,"26065",1
2022,"26065",1
2023,"26065",0
2024,"26065",2
2025,"26065",2
2014,"26066",1.93868233410943
2015,"26066",7
2016,"26066",4
2017,"26066",5
2018,"26066",1
2019,"26066",2
2020,"26066",3
2021,"26066",6
2022,"26066",4
2023,"26066",0
2024,"26066",0
2025,"26066",3
2014,"26067",0.969341167054715
2015,"26067",0
2016,"26067",1
2017,"26067",0
2018,"26067",0
2019,"26067",0
2020,"26067",0
2021,"26067",0
2022,"26067",0
2023,"26067",0
2024,"26067",0
2025,"26067",0
2014,"26068",0
2015,"26068",0
2016,"26068",3
2017,"26068",0
2018,"26068",1
2019,"26068",0
2020,"26068",2
2021,"26068",0
2022,"26068",1
2023,"26068",1
2024,"26068",1
2025,"26068",0
2014,"26069",11.6320940046566
2015,"26069",9
2016,"26069",6
2017,"26069",12
2018,"26069",18
2019,"26069",3
2020,"26069",12
2021,"26069",7
2022,"26069",4
2023,"26069",3
2024,"26069",9
2025,"26069",1
2014,"26070",28.1108938445867
2015,"26070",57
2016,"26070",28
2017,"26070",25
2018,"26070",21
2019,"26070",16
2020,"26070",27
2021,"26070",24
2022,"26070",13
2023,"26070",13
2024,"26070",74
2025,"26070",6
2014,"26071",10.6627528376019
2015,"26071",11
2016,"26071",5
2017,"26071",13
2018,"26071",7
2019,"26071",10
2020,"26071",7
2021,"26071",5
2022,"26071",2
2023,"26071",8
2024,"26071",7
2025,"26071",3
2014,"26072",14.5401175058207
2015,"26072",9
2016,"26072",6
2017,"26072",8
2018,"26072",8
2019,"26072",7
2020,"26072",5
2021,"26072",4
2022,"26072",9
2023,"26072",8
2024,"26072",11
2025,"26072",3
2014,"26998",0
2015,"26998",0
2016,"26998",0
2017,"26998",0
2018,"26998",0
2019,"26998",0
2020,"26998",0
2021,"26998",0
2022,"26998",0
2023,"26998",0
2024,"26998",0
2025,"26998",0
2014,"26999",0
2015,"26999",0
2016,"26999",1
2017,"26999",0
2018,"26999",1
2019,"26999",0
2020,"26999",1
2021,"26999",0
2022,"26999",0
2023,"26999",0
2024,"26999",0
2025,"26999",0
2011,"27001",6.785388169383
2012,"27001",6.785388169383
2013,"27001",9.69341167054715
2014,"27001",3.87736466821886
2015,"27001",5
2016,"27001",9
2017,"27001",20
2018,"27001",17
2019,"27001",14
2020,"27001",9
2021,"27001",21
2022,"27001",22
2023,"27001",12
2024,"27001",5
2025,"27001",5
2011,"27002",72.7005875291036
2012,"27002",61.068493524447
2013,"27002",63.0071758585565
2014,"27002",75.6086110302678
2015,"27002",88
2016,"27002",95
2017,"27002",105
2018,"27002",134
2019,"27002",94
2020,"27002",99
2021,"27002",139
2022,"27002",114
2023,"27002",88
2024,"27002",155
2025,"27002",134
2011,"27003",7.75472933643772
2012,"27003",16.4787998399302
2013,"27003",19.3868233410943
2014,"27003",25.2028703434226
2015,"27003",32
2016,"27003",26
2017,"27003",36
2018,"27003",25
2019,"27003",29
2020,"27003",40
2021,"27003",33
2022,"27003",33
2023,"27003",31
2024,"27003",36
2025,"27003",34
2011,"27004",183.205480573341
2012,"27004",177.389433571013
2013,"27004",164.787998399302
2014,"27004",196.776256912107
2015,"27004",260
2016,"27004",237
2017,"27004",337
2018,"27004",333
2019,"27004",373
2020,"27004",250
2021,"27004",218
2022,"27004",197
2023,"27004",183
2024,"27004",336
2025,"27004",411
2011,"27005",37.8043055151339
2012,"27005",43.6203525174622
2013,"27005",63.9765170256112
2014,"27005",60.0991523573923
2015,"27005",54
2016,"27005",55
2017,"27005",53
2018,"27005",72
2019,"27005",73
2020,"27005",60
2021,"27005",76
2022,"27005",68
2023,"27005",78
2024,"27005",178
2025,"27005",136
2011,"27006",39.7429878492433
2012,"27006",48.4670583527357
2013,"27006",45.5590348515716
2014,"27006",28.1108938445867
2015,"27006",58
2016,"27006",45
2017,"27006",58
2018,"27006",55
2019,"27006",61
2020,"27006",48
2021,"27006",49
2022,"27006",37
2023,"27006",40
2024,"27006",66
2025,"27006",96
2011,"27007",4.84670583527357
2012,"27007",4.84670583527357
2013,"27007",6.785388169383
2014,"27007",12.6014351717113
2015,"27007",7
2016,"27007",4
2017,"27007",3
2018,"27007",7
2019,"27007",18
2020,"27007",9
2021,"27007",7
2022,"27007",15
2023,"27007",9
2024,"27007",14
2025,"27007",8
2011,"27008",63.0071758585565
2012,"27008",70.7619051949942
2013,"27008",65.9151993597206
2014,"27008",92.0874108701979
2015,"27008",84
2016,"27008",98
2017,"27008",115
2018,"27008",162
2019,"27008",172
2020,"27008",139
2021,"27008",89
2022,"27008",84
2023,"27008",113
2024,"27008",91
2025,"27008",107
2011,"27009",11.6320940046566
2012,"27009",8.72407050349243
2013,"27009",9.69341167054715
2014,"27009",8.72407050349243
2015,"27009",5
2016,"27009",13
2017,"27009",15
2018,"27009",10
2019,"27009",18
2020,"27009",15
2021,"27009",12
2022,"27009",10
2023,"27009",9
2024,"27009",20
2025,"27009",25
2011,"27010",7.75472933643772
2012,"27010",0.969341167054715
2013,"27010",0.969341167054715
2014,"27010",1.93868233410943
2015,"27010",7
2016,"27010",17
2017,"27010",19
2018,"27010",19
2019,"27010",15
2020,"27010",11
2021,"27010",10
2022,"27010",13
2023,"27010",21
2024,"27010",27
2025,"27010",52
2011,"27011",0.969341167054715
2012,"27011",1.93868233410943
2013,"27011",0
2014,"27011",0.969341167054715
2015,"27011",1
2016,"27011",1
2017,"27011",3
2018,"27011",3
2019,"27011",3
2020,"27011",4
2021,"27011",5
2022,"27011",8
2023,"27011",2
2024,"27011",4
2025,"27011",10
2011,"27012",10.6627528376019
2012,"27012",7.75472933643772
2013,"27012",0
2014,"27012",2.90802350116414
2015,"27012",28
2016,"27012",34
2017,"27012",38
2018,"27012",52
2019,"27012",47
2020,"27012",43
2021,"27012",65
2022,"27012",41
2023,"27012",38
2024,"27012",53
2025,"27012",48
2011,"27013",4.84670583527357
2012,"27013",6.785388169383
2013,"27013",11.6320940046566
2014,"27013",11.6320940046566
2015,"27013",9
2016,"27013",18
2017,"27013",18
2018,"27013",27
2019,"27013",19
2020,"27013",29
2021,"27013",26
2022,"27013",16
2023,"27013",21
2024,"27013",59
2025,"27013",61
2011,"27014",25.2028703434226
2012,"27014",23.2641880093132
2013,"27014",24.2335291763679
2014,"27014",15.5094586728754
2015,"27014",16
2016,"27014",10
2017,"27014",22
2018,"27014",37
2019,"27014",22
2020,"27014",31
2021,"27014",31
2022,"27014",30
2023,"27014",35
2024,"27014",55
2025,"27014",55
2011,"27015",3.87736466821886
2012,"27015",3.87736466821886
2013,"27015",3.87736466821886
2014,"27015",2.90802350116414
2015,"27015",6
2016,"27015",4
2017,"27015",0
2018,"27015",5
2019,"27015",6
2020,"27015",5
2021,"27015",2
2022,"27015",4
2023,"27015",6
2024,"27015",7
2025,"27015",11
2011,"27016",19.3868233410943
2012,"27016",17.4481410069849
2013,"27016",11.6320940046566
2014,"27016",18.4174821740396
2015,"27016",10
2016,"27016",18
2017,"27016",26
2018,"27016",26
2019,"27016",13
2020,"27016",19
2021,"27016",22
2022,"27016",17
2023,"27016",16
2024,"27016",67
2025,"27016",35
2011,"27017",10.6627528376019
2012,"27017",12.6014351717113
2013,"27017",13.570776338766
2014,"27017",13.570776338766
2015,"27017",15
2016,"27017",15
2017,"27017",20
2018,"27017",17
2019,"27017",20
2020,"27017",21
2021,"27017",32
2022,"27017",17
2023,"27017",16
2024,"27017",7
2025,"27017",20
2011,"28001",1.93868233410943
2012,"28001",7.75472933643772
2013,"28001",11.6320940046566
2014,"28001",7.75472933643772
2015,"28001",7
2016,"28001",4
2017,"28001",11
2018,"28001",5
2019,"28001",2
2020,"28001",8
2021,"28001",5
2022,"28001",3
2023,"28001",6
2024,"28001",4
2025,"28001",9
2011,"28002",11.6320940046566
2012,"28002",6.785388169383
2013,"28002",5.81604700232829
2014,"28002",12.6014351717113
2015,"28002",18
2016,"28002",6
2017,"28002",12
2018,"28002",16
2019,"28002",6
2020,"28002",7
2021,"28002",9
2022,"28002",18
2023,"28002",10
2024,"28002",7
2025,"28002",9
2011,"28003",73.6699286961583
2012,"28003",62.0378346915017
2013,"28003",39.7429878492433
2014,"28003",102.7501637078
2015,"28003",81
2016,"28003",63
2017,"28003",62
2018,"28003",63
2019,"28003",66
2020,"28003",64
2021,"28003",49
2022,"28003",68
2023,"28003",66
2024,"28003",55
2025,"28003",47
2014,"28004",0.969341167054715
2015,"28004",0
2016,"28004",3
2017,"28004",2
2018,"28004",2
2019,"28004",8
2020,"28004",1
2021,"28004",3
2022,"28004",3
2023,"28004",1
2024,"28004",6
2025,"28004",1
2011,"28005",0.969341167054715
2014,"28005",0
2015,"28005",0
2016,"28005",1
2017,"28005",1
2018,"28005",1
2019,"28005",0
2020,"28005",0
2021,"28005",0
2022,"28005",0
2023,"28005",0
2024,"28005",0
2025,"28005",2
2014,"28006",0
2015,"28006",0
2016,"28006",1
2017,"28006",2
2018,"28006",0
2019,"28006",4
2020,"28006",2
2021,"28006",2
2022,"28006",0
2023,"28006",1
2024,"28006",0
2025,"28006",0
2011,"28007",3.87736466821886
2012,"28007",4.84670583527357
2013,"28007",8.72407050349243
2014,"28007",17.4481410069849
2015,"28007",12
2016,"28007",12
2017,"28007",13
2018,"28007",6
2019,"28007",15
2020,"28007",23
2021,"28007",21
2022,"28007",12
2023,"28007",3
2024,"28007",7
2025,"28007",3
2014,"28008",0
2015,"28008",0
2016,"28008",1
2017,"28008",0
2018,"28008",0
2019,"28008",1
2020,"28008",3
2021,"28008",2
2022,"28008",3
2023,"28008",2
2024,"28008",2
2025,"28008",1
2011,"28009",62.0378346915017
2012,"28009",48.4670583527357
2013,"28009",43.6203525174622
2014,"28009",75.6086110302678
2015,"28009",67
2016,"28009",56
2017,"28009",41
2018,"28009",43
2019,"28009",43
2020,"28009",37
2021,"28009",37
2022,"28009",36
2023,"28009",34
2024,"28009",27
2025,"28009",42
2014,"28010",0
2015,"28010",1
2016,"28010",0
2017,"28010",0
2018,"28010",1
2019,"28010",0
2020,"28010",1
2021,"28010",1
2022,"28010",3
2023,"28010",4
2024,"28010",6
2025,"28010",4
2014,"28011",0.969341167054715
2015,"28011",1
2016,"28011",1
2017,"28011",7
2018,"28011",3
2019,"28011",5
2020,"28011",5
2021,"28011",6
2022,"28011",6
2023,"28011",4
2024,"28011",2
2025,"28011",3
2011,"28012",15.5094586728754
2012,"28012",31.0189173457509
2013,"28012",26.1722115104773
2014,"28012",23.2641880093132
2015,"28012",21
2016,"28012",27
2017,"28012",25
2018,"28012",24
2019,"28012",27
2020,"28012",27
2021,"28012",19
2022,"28012",18
2023,"28012",21
2024,"28012",20
2025,"28012",22
2011,"28013",12.6014351717113
2012,"28013",7.75472933643772
2013,"28013",18.4174821740396
2014,"28013",11.6320940046566
2015,"28013",11
2016,"28013",9
2017,"28013",22
2018,"28013",24
2019,"28013",23
2020,"28013",16
2021,"28013",20
2022,"28013",13
2023,"28013",13
2024,"28013",16
2025,"28013",17
2014,"28014",2.90802350116414
2015,"28014",1
2016,"28014",3
2017,"28014",1
2018,"28014",3
2019,"28014",2
2020,"28014",1
2021,"28014",1
2022,"28014",1
2023,"28014",5
2024,"28014",0
2025,"28014",1
2011,"28015",2.90802350116414
2012,"28015",3.87736466821886
2013,"28015",2.90802350116414
2014,"28015",10.6627528376019
2015,"28015",13
2016,"28015",23
2017,"28015",12
2018,"28015",8
2019,"28015",23
2020,"28015",13
2021,"28015",11
2022,"28015",11
2023,"28015",10
2024,"28015",5
2025,"28015",4
2011,"28016",24.2335291763679
2012,"28016",31.0189173457509
2013,"28016",16.4787998399302
2014,"28016",20.356164508149
2015,"28016",26
2016,"28016",16
2017,"28016",23
2018,"28016",26
2019,"28016",8
2020,"28016",21
2021,"28016",12
2022,"28016",10
2023,"28016",18
2024,"28016",13
2025,"28016",12
2011,"28017",1.93868233410943
2012,"28017",2.90802350116414
2013,"28017",9.69341167054715
2014,"28017",10.6627528376019
2015,"28017",10
2016,"28017",9
2017,"28017",12
2018,"28017",5
2019,"28017",13
2020,"28017",9
2021,"28017",9
2022,"28017",10
2023,"28017",13
2024,"28017",7
2025,"28017",9
2011,"28018",5.81604700232829
2012,"28018",5.81604700232829
2013,"28018",14.5401175058207
2014,"28018",4.84670583527357
2015,"28018",10
2016,"28018",3
2017,"28018",2
2018,"28018",6
2019,"28018",8
2020,"28018",6
2021,"28018",5
2022,"28018",5
2023,"28018",6
2024,"28018",6
2025,"28018",2
2011,"28019",4.84670583527357
2012,"28019",14.5401175058207
2013,"28019",13.570776338766
2014,"28019",9.69341167054715
2015,"28019",18
2016,"28019",9
2017,"28019",11
2018,"28019",14
2019,"28019",12
2020,"28019",7
2021,"28019",12
2022,"28019",12
2023,"28019",17
2024,"28019",26
2025,"28019",9
2014,"28020",2.90802350116414
2015,"28020",0
2016,"28020",2
2017,"28020",1
2018,"28020",1
2019,"28020",0
2020,"28020",1
2021,"28020",1
2022,"28020",1
2023,"28020",3
2024,"28020",2
2025,"28020",2
2011,"28021",32.9575996798603
2012,"28021",42.6510113504075
2013,"28021",31.0189173457509
2014,"28021",30.0495761786962
2015,"28021",27
2016,"28021",33
2017,"28021",47
2018,"28021",78
2019,"28021",72
2020,"28021",60
2021,"28021",56
2022,"28021",37
2023,"28021",41
2024,"28021",26
2025,"28021",25
2011,"28022",137.646445721769
2012,"28022",158.971951396973
2013,"28022",111.474234211292
2014,"28022",251.059362267171
2015,"28022",280
2016,"28022",242
2017,"28022",131
2018,"28022",165
2019,"28022",160
2020,"28022",146
2021,"28022",128
2022,"28022",150
2023,"28022",120
2024,"28022",136
2025,"28022",99
2014,"28023",0
2015,"28023",0
2016,"28023",1
2017,"28023",2
2018,"28023",0
2019,"28023",4
2020,"28023",0
2021,"28023",3
2022,"28023",2
2023,"28023",6
2024,"28023",2
2025,"28023",1
2011,"28024",7.75472933643772
2012,"28024",19.3868233410943
2013,"28024",8.72407050349243
2014,"28024",8.72407050349243
2015,"28024",5
2016,"28024",8
2017,"28024",10
2018,"28024",11
2019,"28024",4
2020,"28024",1
2021,"28024",6
2022,"28024",0
2023,"28024",3
2024,"28024",2
2025,"28024",1
2011,"28025",15.5094586728754
2012,"28025",18.4174821740396
2013,"28025",8.72407050349243
2014,"28025",20.356164508149
2015,"28025",11
2016,"28025",17
2017,"28025",21
2018,"28025",26
2019,"28025",30
2020,"28025",27
2021,"28025",47
2022,"28025",48
2023,"28025",33
2024,"28025",17
2025,"28025",6
2014,"28026",0.969341167054715
2015,"28026",0
2016,"28026",2
2017,"28026",0
2018,"28026",2
2019,"28026",0
2020,"28026",0
2021,"28026",0
2022,"28026",1
2023,"28026",0
2024,"28026",4
2025,"28026",0
2011,"28027",185.144162907451
2012,"28027",331.514679132712
2013,"28027",129.891716385332
2014,"28027",134.738422220605
2015,"28027",163
2016,"28027",168
2017,"28027",140
2018,"28027",128
2019,"28027",105
2020,"28027",91
2021,"28027",130
2022,"28027",98
2023,"28027",91
2024,"28027",92
2025,"28027",73
2014,"28028",0
2015,"28028",0
2016,"28028",1
2017,"28028",1
2018,"28028",0
2019,"28028",1
2020,"28028",1
2021,"28028",2
2022,"28028",3
2023,"28028",0
2024,"28028",0
2025,"28028",1
2011,"28029",0.969341167054715
2012,"28029",2.90802350116414
2013,"28029",2.90802350116414
2014,"28029",0
2015,"28029",0
2016,"28029",4
2017,"28029",5
2018,"28029",10
2019,"28029",7
2020,"28029",5
2021,"28029",6
2022,"28029",8
2023,"28029",3
2024,"28029",3
2025,"28029",5
2011,"28030",2.90802350116414
2012,"28030",13.570776338766
2013,"28030",14.5401175058207
2014,"28030",10.6627528376019
2015,"28030",13
2016,"28030",10
2017,"28030",19
2018,"28030",12
2019,"28030",9
2020,"28030",20
2021,"28030",14
2022,"28030",13
2023,"28030",9
2024,"28030",12
2025,"28030",15
2014,"28031",1.93868233410943
2015,"28031",2
2016,"28031",1
2017,"28031",2
2018,"28031",2
2019,"28031",0
2020,"28031",1
2021,"28031",1
2022,"28031",3
2023,"28031",1
2024,"28031",1
2025,"28031",1
2011,"28032",181.266798239232
2012,"28032",182.236139406286
2013,"28032",158.002610229919
2014,"28032",214.224397919092
2015,"28032",254
2016,"28032",288
2017,"28032",424
2018,"28032",380
2019,"28032",378
2020,"28032",303
2021,"28032",283
2022,"28032",284
2023,"28032",265
2024,"28032",238
2025,"28032",216
2011,"28033",29.0802350116414
2012,"28033",27.141552677532
2013,"28033",16.4787998399302
2014,"28033",21.3255056752037
2015,"28033",56
2016,"28033",26
2017,"28033",55
2018,"28033",42
2019,"28033",48
2020,"28033",63
2021,"28033",49
2022,"28033",28
2023,"28033",62
2024,"28033",48
2025,"28033",36
2011,"28034",3.87736466821886
2012,"28034",2.90802350116414
2013,"28034",1.93868233410943
2014,"28034",11.6320940046566
2015,"28034",3
2016,"28034",13
2017,"28034",14
2018,"28034",2
2019,"28034",6
2020,"28034",5
2021,"28034",1
2022,"28034",5
2023,"28034",1
2024,"28034",7
2025,"28034",1
2011,"28035",31.9882585128056
2012,"28035",73.6699286961583
2013,"28035",44.5896936845169
2014,"28035",45.5590348515716
2015,"28035",48
2016,"28035",31
2017,"28035",35
2018,"28035",34
2019,"28035",39
2020,"28035",31
2021,"28035",32
2022,"28035",29
2023,"28035",32
2024,"28035",33
2025,"28035",18
2014,"28036",0
2015,"28036",0
2016,"28036",1
2017,"28036",0
2018,"28036",0
2019,"28036",0
2020,"28036",0
2021,"28036",0
2022,"28036",0
2023,"28036",0
2024,"28036",0
2025,"28036",1
2011,"28037",8.72407050349243
2012,"28037",16.4787998399302
2013,"28037",5.81604700232829
2014,"28037",15.5094586728754
2015,"28037",11
2016,"28037",8
2017,"28037",17
2018,"28037",12
2019,"28037",13
2020,"28037",18
2021,"28037",16
2022,"28037",12
2023,"28037",13
2024,"28037",17
2025,"28037",16
2011,"28038",108.566210710128
2012,"28038",104.688846041909
2013,"28038",63.9765170256112
2014,"28038",100.81148137369
2015,"28038",65
2016,"28038",57
2017,"28038",71
2018,"28038",64
2019,"28038",54
2020,"28038",41
2021,"28038",57
2022,"28038",67
2023,"28038",54
2024,"28038",44
2025,"28038",46
2011,"28039",0.969341167054715
2012,"28039",2.90802350116414
2013,"28039",8.72407050349243
2014,"28039",8.72407050349243
2015,"28039",5
2016,"28039",23
2017,"28039",27
2018,"28039",17
2019,"28039",24
2020,"28039",21
2021,"28039",25
2022,"28039",22
2023,"28039",12
2024,"28039",14
2025,"28039",19
2011,"28040",63.9765170256112
2012,"28040",57.1911288562282
2013,"28040",20.356164508149
2014,"28040",20.356164508149
2015,"28040",28
2016,"28040",23
2017,"28040",19
2018,"28040",14
2019,"28040",24
2020,"28040",19
2021,"28040",18
2022,"28040",14
2023,"28040",10
2024,"28040",17
2025,"28040",19
2011,"28041",130.861057552386
2012,"28041",186.113504074505
2013,"28041",165.757339566356
2014,"28041",98.8727990395809
2015,"28041",102
2016,"28041",291
2017,"28041",309
2018,"28041",348
2019,"28041",185
2020,"28041",149
2021,"28041",138
2022,"28041",123
2023,"28041",108
2024,"28041",82
2025,"28041",75
2014,"28042",8.72407050349243
2015,"28042",3
2016,"28042",2
2017,"28042",1
2018,"28042",0
2019,"28042",2
2020,"28042",1
2021,"28042",4
2022,"28042",0
2023,"28042",1
2024,"28042",3
2025,"28042",7
2011,"28043",3.87736466821886
2012,"28043",5.81604700232829
2013,"28043",9.69341167054715
2014,"28043",6.785388169383
2015,"28043",10
2016,"28043",14
2017,"28043",8
2018,"28043",9
2019,"28043",17
2020,"28043",9
2021,"28043",10
2022,"28043",10
2023,"28043",11
2024,"28043",9
2025,"28043",8
2011,"29001",3.87736466821886
2012,"29001",3.87736466821886
2013,"29001",1.93868233410943
2014,"29001",2.90802350116414
2015,"29001",4
2016,"29001",1
2017,"29001",4
2018,"29001",0
2019,"29001",0
2020,"29001",3
2021,"29001",1
2022,"29001",0
2023,"29001",0
2024,"29001",0
2025,"29001",0
2011,"29002",7.75472933643772
2012,"29002",7.75472933643772
2013,"29002",7.75472933643772
2014,"29002",3.87736466821886
2015,"29002",2
2016,"29002",7
2017,"29002",6
2018,"29002",2
2019,"29002",1
2020,"29002",0
2021,"29002",1
2022,"29002",5
2023,"29002",3
2024,"29002",5
2025,"29002",1
2011,"29003",0.969341167054715
2012,"29003",3.87736466821886
2013,"29003",0.969341167054715
2014,"29003",0.969341167054715
2015,"29003",2
2016,"29003",0
2017,"29003",2
2018,"29003",1
2019,"29003",3
2020,"29003",1
2021,"29003",3
2022,"29003",0
2023,"29003",1
2024,"29003",0
2025,"29003",2
2011,"29004",4.84670583527357
2012,"29004",6.785388169383
2013,"29004",2.90802350116414
2014,"29004",2.90802350116414
2015,"29004",6
2016,"29004",5
2017,"29004",8
2018,"29004",0
2019,"29004",1
2020,"29004",1
2021,"29004",3
2022,"29004",1
2023,"29004",0
2024,"29004",2
2025,"29004",1
2011,"29005",42.6510113504075
2012,"29005",38.7736466821886
2013,"29005",24.2335291763679
2014,"29005",42.6510113504075
2015,"29005",36
2016,"29005",30
2017,"29005",15
2018,"29005",10
2019,"29005",15
2020,"29005",6
2021,"29005",9
2022,"29005",11
2023,"29005",10
2024,"29005",9
2025,"29005",4
2011,"29006",28.1108938445867
2012,"29006",37.8043055151339
2013,"29006",21.3255056752037
2014,"29006",25.2028703434226
2015,"29006",27
2016,"29006",24
2017,"29006",19
2018,"29006",12
2019,"29006",16
2020,"29006",6
2021,"29006",16
2022,"29006",5
2023,"29006",9
2024,"29006",12
2025,"29006",9
2011,"29007",3.87736466821886
2012,"29007",10.6627528376019
2013,"29007",8.72407050349243
2014,"29007",7.75472933643772
2015,"29007",7
2016,"29007",6
2017,"29007",10
2018,"29007",3
2019,"29007",4
2020,"29007",5
2021,"29007",5
2022,"29007",2
2023,"29007",3
2024,"29007",4
2025,"29007",6
2011,"29008",7.75472933643772
2012,"29008",11.6320940046566
2013,"29008",14.5401175058207
2014,"29008",5.81604700232829
2015,"29008",12
2016,"29008",9
2017,"29008",3
2018,"29008",2
2019,"29008",3
2020,"29008",3
2021,"29008",2
2022,"29008",1
2023,"29008",4
2024,"29008",1
2025,"29008",1
2011,"29009",0
2012,"29009",0
2013,"29009",0
2014,"29009",0.969341167054715
2015,"29009",0
2016,"29009",0
2017,"29009",1
2018,"29009",1
2019,"29009",0
2020,"29009",0
2021,"29009",0
2022,"29009",0
2023,"29009",0
2024,"29009",0
2025,"29009",0
2011,"29010",17.4481410069849
2012,"29010",16.4787998399302
2013,"29010",16.4787998399302
2014,"29010",8.72407050349243
2015,"29010",11
2016,"29010",10
2017,"29010",8
2018,"29010",5
2019,"29010",7
2020,"29010",8
2021,"29010",2
2022,"29010",7
2023,"29010",5
2024,"29010",6
2025,"29010",7
2011,"29011",0
2012,"29011",1.93868233410943
2013,"29011",2.90802350116414
2014,"29011",1.93868233410943
2015,"29011",2
2016,"29011",1
2017,"29011",3
2018,"29011",0
2019,"29011",1
2020,"29011",0
2021,"29011",1
2022,"29011",1
2023,"29011",0
2024,"29011",1
2025,"29011",0
2011,"29012",0.969341167054715
2012,"29012",2.90802350116414
2013,"29012",0.969341167054715
2014,"29012",2.90802350116414
2015,"29012",4
2016,"29012",5
2017,"29012",4
2018,"29012",2
2019,"29012",3
2020,"29012",2
2021,"29012",1
2022,"29012",0
2023,"29012",2
2024,"29012",0
2025,"29012",0
2011,"29013",31.9882585128056
2012,"29013",34.8962820139697
2013,"29013",20.356164508149
2014,"29013",17.4481410069849
2015,"29013",26
2016,"29013",32
2017,"29013",37
2018,"29013",5
2019,"29013",10
2020,"29013",8
2021,"29013",4
2022,"29013",12
2023,"29013",4
2024,"29013",11
2025,"29013",6
2011,"29014",7.75472933643772
2012,"29014",10.6627528376019
2013,"29014",4.84670583527357
2014,"29014",2.90802350116414
2015,"29014",0
2016,"29014",6
2017,"29014",1
2018,"29014",4
2019,"29014",2
2020,"29014",2
2021,"29014",2
2022,"29014",0
2023,"29014",0
2024,"29014",2
2025,"29014",0
2011,"29015",13.570776338766
2012,"29015",18.4174821740396
2013,"29015",13.570776338766
2014,"29015",15.5094586728754
2015,"29015",8
2016,"29015",11
2017,"29015",10
2018,"29015",7
2019,"29015",7
2020,"29015",10
2021,"29015",7
2022,"29015",3
2023,"29015",11
2024,"29015",9
2025,"29015",5
2011,"29016",1.93868233410943
2012,"29016",1.93868233410943
2013,"29016",1.93868233410943
2014,"29016",3.87736466821886
2015,"29016",6
2016,"29016",1
2017,"29016",0
2018,"29016",0
2019,"29016",1
2020,"29016",0
2021,"29016",2
2022,"29016",1
2023,"29016",0
2024,"29016",0
2025,"29016",0
2011,"29017",3.87736466821886
2012,"29017",2.90802350116414
2013,"29017",1.93868233410943
2014,"29017",1.93868233410943
2015,"29017",1
2016,"29017",1
2017,"29017",0
2018,"29017",1
2019,"29017",0
2020,"29017",1
2021,"29017",1
2022,"29017",0
2023,"29017",1
2024,"29017",1
2025,"29017",1
2011,"29018",8.72407050349243
2012,"29018",8.72407050349243
2013,"29018",10.6627528376019
2014,"29018",4.84670583527357
2015,"29018",2
2016,"29018",6
2017,"29018",3
2018,"29018",1
2019,"29018",2
2020,"29018",1
2021,"29018",5
2022,"29018",2
2023,"29018",2
2024,"29018",1
2025,"29018",0
2011,"29019",1.93868233410943
2012,"29019",5.81604700232829
2013,"29019",2.90802350116414
2014,"29019",4.84670583527357
2015,"29019",4
2016,"29019",6
2017,"29019",4
2018,"29019",1
2019,"29019",3
2020,"29019",3
2021,"29019",2
2022,"29019",4
2023,"29019",3
2024,"29019",4
2025,"29019",2
2011,"29020",5.81604700232829
2012,"29020",2.90802350116414
2013,"29020",4.84670583527357
2014,"29020",6.785388169383
2015,"29020",8
2016,"29020",3
2017,"29020",3
2018,"29020",1
2019,"29020",4
2020,"29020",3
2021,"29020",2
2022,"29020",2
2023,"29020",2
2024,"29020",6
2025,"29020",0
2011,"29021",3.87736466821886
2012,"29021",1.93868233410943
2013,"29021",4.84670583527357
2014,"29021",1.93868233410943
2015,"29021",3
2016,"29021",5
2017,"29021",3
2018,"29021",2
2019,"29021",3
2020,"29021",3
2021,"29021",3
2022,"29021",4
2023,"29021",1
2024,"29021",4
2025,"29021",1
2011,"29022",0.969341167054715
2012,"29022",2.90802350116414
2013,"29022",2.90802350116414
2014,"29022",2.90802350116414
2015,"29022",2
2016,"29022",0
2017,"29022",3
2018,"29022",3
2019,"29022",0
2020,"29022",0
2021,"29022",1
2022,"29022",0
2023,"29022",0
2024,"29022",0
2025,"29022",1
2011,"29023",5.81604700232829
2012,"29023",9.69341167054715
2013,"29023",8.72407050349243
2014,"29023",3.87736466821886
2015,"29023",5
2016,"29023",13
2017,"29023",6
2018,"29023",7
2019,"29023",7
2020,"29023",7
2021,"29023",10
2022,"29023",9
2023,"29023",6
2024,"29023",4
2025,"29023",9
2011,"29024",10.6627528376019
2012,"29024",8.72407050349243
2013,"29024",9.69341167054715
2014,"29024",5.81604700232829
2015,"29024",6
2016,"29024",3
2017,"29024",4
2018,"29024",3
2019,"29024",2
2020,"29024",1
2021,"29024",1
2022,"29024",2
2023,"29024",2
2024,"29024",2
2025,"29024",0
2011,"29025",22.2948468422584
2012,"29025",20.356164508149
2013,"29025",20.356164508149
2014,"29025",23.2641880093132
2015,"29025",21
2016,"29025",14
2017,"29025",17
2018,"29025",9
2019,"29025",6
2020,"29025",13
2021,"29025",4
2022,"29025",11
2023,"29025",11
2024,"29025",22
2025,"29025",20
2011,"29026",5.81604700232829
2012,"29026",4.84670583527357
2013,"29026",4.84670583527357
2014,"29026",4.84670583527357
2015,"29026",3
2016,"29026",3
2017,"29026",2
2018,"29026",1
2019,"29026",4
2020,"29026",3
2021,"29026",1
2022,"29026",6
2023,"29026",3
2024,"29026",0
2025,"29026",1
2011,"29027",2.90802350116414
2012,"29027",1.93868233410943
2013,"29027",7.75472933643772
2014,"29027",4.84670583527357
2015,"29027",2
2016,"29027",1
2017,"29027",11
2018,"29027",5
2019,"29027",3
2020,"29027",5
2021,"29027",8
2022,"29027",7
2023,"29027",6
2024,"29027",8
2025,"29027",5
2011,"29028",2.90802350116414
2012,"29028",10.6627528376019
2013,"29028",7.75472933643772
2014,"29028",4.84670583527357
2015,"29028",1
2016,"29028",4
2017,"29028",7
2018,"29028",2
2019,"29028",2
2020,"29028",3
2021,"29028",0
2022,"29028",4
2023,"29028",3
2024,"29028",2
2025,"29028",1
2011,"29029",1.93868233410943
2012,"29029",3.87736466821886
2013,"29029",3.87736466821886
2014,"29029",0.969341167054715
2015,"29029",1
2016,"29029",1
2017,"29029",0
2018,"29029",4
2019,"29029",2
2020,"29029",3
2021,"29029",0
2022,"29029",0
2023,"29029",0
2024,"29029",3
2025,"29029",0
2011,"29030",2.90802350116414
2012,"29030",3.87736466821886
2013,"29030",0.969341167054715
2014,"29030",0.969341167054715
2015,"29030",2
2016,"29030",5
2017,"29030",4
2018,"29030",0
2019,"29030",0
2020,"29030",1
2021,"29030",0
2022,"29030",0
2023,"29030",1
2024,"29030",2
2025,"29030",0
2011,"29031",13.570776338766
2012,"29031",8.72407050349243
2013,"29031",7.75472933643772
2014,"29031",7.75472933643772
2015,"29031",13
2016,"29031",11
2017,"29031",14
2018,"29031",7
2019,"29031",6
2020,"29031",2
2021,"29031",2
2022,"29031",3
2023,"29031",3
2024,"29031",4
2025,"29031",2
2011,"29032",1.93868233410943
2012,"29032",0.969341167054715
2013,"29032",1.93868233410943
2014,"29032",4.84670583527357
2015,"29032",7
2016,"29032",5
2017,"29032",2
2018,"29032",3
2019,"29032",6
2020,"29032",1
2021,"29032",2
2022,"29032",1
2023,"29032",2
2024,"29032",3
2025,"29032",5
2011,"29033",82.3939991996508
2012,"29033",63.0071758585565
2013,"29033",56.2217876891735
2014,"29033",26.1722115104773
2015,"29033",22
2016,"29033",36
2017,"29033",19
2018,"29033",14
2019,"29033",16
2020,"29033",10
2021,"29033",19
2022,"29033",10
2023,"29033",10
2024,"29033",5
2025,"29033",4
2011,"29034",10.6627528376019
2012,"29034",14.5401175058207
2013,"29034",8.72407050349243
2014,"29034",7.75472933643772
2015,"29034",8
2016,"29034",20
2017,"29034",14
2018,"29034",5
2019,"29034",4
2020,"29034",5
2021,"29034",5
2022,"29034",6
2023,"29034",8
2024,"29034",3
2025,"29034",4
2011,"29035",1.93868233410943
2012,"29035",0.969341167054715
2013,"29035",1.93868233410943
2014,"29035",0.969341167054715
2015,"29035",0
2016,"29035",2
2017,"29035",2
2018,"29035",1
2019,"29035",0
2020,"29035",1
2021,"29035",0
2022,"29035",1
2023,"29035",0
2024,"29035",0
2025,"29035",0
2011,"29036",7.75472933643772
2012,"29036",8.72407050349243
2013,"29036",6.785388169383
2014,"29036",3.87736466821886
2015,"29036",2
2016,"29036",7
2017,"29036",4
2018,"29036",1
2019,"29036",2
2020,"29036",0
2021,"29036",2
2022,"29036",0
2023,"29036",2
2024,"29036",0
2025,"29036",0
2011,"29037",4.84670583527357
2012,"29037",0.969341167054715
2013,"29037",0
2014,"29037",0
2015,"29037",3
2016,"29037",0
2017,"29037",0
2018,"29037",0
2019,"29037",0
2020,"29037",1
2021,"29037",0
2022,"29037",0
2023,"29037",0
2024,"29037",1
2025,"29037",0
2011,"29038",21.3255056752037
2012,"29038",15.5094586728754
2013,"29038",10.6627528376019
2014,"29038",5.81604700232829
2015,"29038",5
2016,"29038",12
2017,"29038",13
2018,"29038",7
2019,"29038",9
2020,"29038",2
2021,"29038",4
2022,"29038",7
2023,"29038",2
2024,"29038",6
2025,"29038",1
2011,"29039",2.90802350116414
2012,"29039",6.785388169383
2013,"29039",6.785388169383
2014,"29039",7.75472933643772
2015,"29039",9
2016,"29039",6
2017,"29039",4
2018,"29039",0
2019,"29039",4
2020,"29039",0
2021,"29039",1
2022,"29039",2
2023,"29039",3
2024,"29039",1
2025,"29039",1
2011,"29040",2.90802350116414
2012,"29040",4.84670583527357
2013,"29040",7.75472933643772
2014,"29040",5.81604700232829
2015,"29040",1
2016,"29040",4
2017,"29040",7
2018,"29040",5
2019,"29040",4
2020,"29040",1
2021,"29040",0
2022,"29040",1
2023,"29040",1
2024,"29040",1
2025,"29040",0
2011,"29041",5.81604700232829
2012,"29041",8.72407050349243
2013,"29041",7.75472933643772
2014,"29041",10.6627528376019
2015,"29041",4
2016,"29041",8
2017,"29041",7
2018,"29041",4
2019,"29041",4
2020,"29041",3
2021,"29041",1
2022,"29041",4
2023,"29041",2
2024,"29041",0
2025,"29041",2
2011,"29042",2.90802350116414
2012,"29042",6.785388169383
2013,"29042",0.969341167054715
2014,"29042",4.84670583527357
2015,"29042",3
2016,"29042",4
2017,"29042",1
2018,"29042",1
2019,"29042",3
2020,"29042",3
2021,"29042",0
2022,"29042",3
2023,"29042",2
2024,"29042",1
2025,"29042",0
2011,"29043",18.4174821740396
2012,"29043",19.3868233410943
2013,"29043",12.6014351717113
2014,"29043",16.4787998399302
2015,"29043",6
2016,"29043",8
2017,"29043",11
2018,"29043",12
2019,"29043",3
2020,"29043",3
2021,"29043",4
2022,"29043",6
2023,"29043",3
2024,"29043",1
2025,"29043",5
2011,"29044",6.785388169383
2012,"29044",12.6014351717113
2013,"29044",10.6627528376019
2014,"29044",12.6014351717113
2015,"29044",8
2016,"29044",6
2017,"29044",5
2018,"29044",8
2019,"29044",3
2020,"29044",7
2021,"29044",7
2022,"29044",6
2023,"29044",6
2024,"29044",5
2025,"29044",7
2011,"29045",0.969341167054715
2012,"29045",0.969341167054715
2013,"29045",0
2014,"29045",0.969341167054715
2015,"29045",1
2016,"29045",1
2017,"29045",1
2018,"29045",0
2019,"29045",0
2020,"29045",0
2021,"29045",0
2022,"29045",0
2023,"29045",0
2024,"29045",1
2025,"29045",1
2011,"29046",0.969341167054715
2012,"29046",0.969341167054715
2013,"29046",0.969341167054715
2014,"29046",0
2015,"29046",0
2016,"29046",4
2017,"29046",1
2018,"29046",0
2019,"29046",0
2020,"29046",0
2021,"29046",0
2022,"29046",0
2023,"29046",0
2024,"29046",0
2025,"29046",0
2011,"29047",0
2012,"29047",0
2013,"29047",0.969341167054715
2014,"29047",0
2015,"29047",0
2016,"29047",0
2017,"29047",0
2018,"29047",0
2019,"29047",1
2020,"29047",0
2021,"29047",0
2022,"29047",1
2023,"29047",0
2024,"29047",0
2025,"29047",0
2011,"29048",3.87736466821886
2012,"29048",4.84670583527357
2013,"29048",7.75472933643772
2014,"29048",0.969341167054715
2015,"29048",5
2016,"29048",1
2017,"29048",1
2018,"29048",1
2019,"29048",2
2020,"29048",2
2021,"29048",1
2022,"29048",1
2023,"29048",1
2024,"29048",2
2025,"29048",0
2011,"29049",1.93868233410943
2012,"29049",0.969341167054715
2013,"29049",1.93868233410943
2014,"29049",0.969341167054715
2015,"29049",1
2016,"29049",1
2017,"29049",0
2018,"29049",2
2019,"29049",0
2020,"29049",1
2021,"29049",2
2022,"29049",1
2023,"29049",0
2024,"29049",0
2025,"29049",1
2011,"29050",2.90802350116414
2012,"29050",3.87736466821886
2013,"29050",0
2014,"29050",0
2015,"29050",2
2016,"29050",2
2017,"29050",2
2018,"29050",0
2019,"29050",1
2020,"29050",0
2021,"29050",1
2022,"29050",0
2023,"29050",0
2024,"29050",0
2025,"29050",1
2011,"29051",0
2012,"29051",0
2013,"29051",2.90802350116414
2014,"29051",0.969341167054715
2015,"29051",0
2016,"29051",1
2017,"29051",1
2018,"29051",0
2019,"29051",1
2020,"29051",0
2021,"29051",0
2022,"29051",1
2023,"29051",0
2024,"29051",0
2025,"29051",0
2011,"29052",0
2012,"29052",2.90802350116414
2013,"29052",0
2014,"29052",0
2015,"29052",2
2016,"29052",1
2017,"29052",1
2018,"29052",0
2019,"29052",0
2020,"29052",0
2021,"29052",0
2022,"29052",0
2023,"29052",0
2024,"29052",1
2025,"29052",0
2011,"29053",0
2012,"29053",2.90802350116414
2013,"29053",2.90802350116414
2014,"29053",1.93868233410943
2015,"29053",1
2016,"29053",1
2017,"29053",0
2018,"29053",1
2019,"29053",0
2020,"29053",1
2021,"29053",2
2022,"29053",2
2023,"29053",0
2024,"29053",0
2025,"29053",0
2011,"29054",2.90802350116414
2012,"29054",1.93868233410943
2013,"29054",0
2014,"29054",0
2015,"29054",2
2016,"29054",0
2017,"29054",1
2018,"29054",0
2019,"29054",1
2020,"29054",0
2021,"29054",0
2022,"29054",0
2023,"29054",0
2024,"29054",0
2025,"29054",0
2011,"29055",2.90802350116414
2012,"29055",0.969341167054715
2013,"29055",0
2014,"29055",0
2015,"29055",1
2016,"29055",0
2017,"29055",1
2018,"29055",0
2019,"29055",0
2020,"29055",0
2021,"29055",0
2022,"29055",0
2023,"29055",0
2024,"29055",0
2025,"29055",0
2011,"29056",0
2012,"29056",1.93868233410943
2013,"29056",0.969341167054715
2014,"29056",1.93868233410943
2015,"29056",1
2016,"29056",0
2017,"29056",2
2018,"29056",0
2019,"29056",1
2020,"29056",0
2021,"29056",0
2022,"29056",1
2023,"29056",1
2024,"29056",1
2025,"29056",2
2011,"29057",0
2012,"29057",0
2013,"29057",2.90802350116414
2014,"29057",0.969341167054715
2015,"29057",1
2016,"29057",0
2017,"29057",0
2018,"29057",0
2019,"29057",2
2020,"29057",2
2021,"29057",1
2022,"29057",2
2023,"29057",0
2024,"29057",0
2025,"29057",2
2011,"29058",0
2012,"29058",0.969341167054715
2013,"29058",2.90802350116414
2014,"29058",0.969341167054715
2015,"29058",0
2016,"29058",4
2017,"29058",3
2018,"29058",0
2019,"29058",2
2020,"29058",0
2021,"29058",4
2022,"29058",4
2023,"29058",2
2024,"29058",1
2025,"29058",0
2011,"29059",0
2012,"29059",1.93868233410943
2013,"29059",0.969341167054715
2014,"29059",1.93868233410943
2015,"29059",0
2016,"29059",1
2017,"29059",0
2018,"29059",0
2019,"29059",2
2020,"29059",0
2021,"29059",1
2022,"29059",0
2023,"29059",0
2024,"29059",0
2025,"29059",0
2011,"29060",0
2012,"29060",0.969341167054715
2013,"29060",0
2014,"29060",2.90802350116414
2015,"29060",0
2016,"29060",2
2017,"29060",2
2018,"29060",0
2019,"29060",0
2020,"29060",0
2021,"29060",0
2022,"29060",1
2023,"29060",0
2024,"29060",0
2025,"29060",0
2014,"30001",0.969341167054715
2015,"30001",0
2016,"30001",0
2017,"30001",1
2018,"30001",1
2019,"30001",0
2020,"30001",1
2021,"30001",2
2022,"30001",3
2023,"30001",0
2024,"30001",1
2025,"30001",2
2014,"30002",0
2015,"30002",0
2016,"30002",0
2017,"30002",0
2018,"30002",2
2019,"30002",2
2020,"30002",0
2021,"30002",0
2022,"30002",1
2023,"30002",1
2024,"30002",0
2025,"30002",0
2011,"30003",16.4787998399302
2012,"30003",1.93868233410943
2013,"30003",30.0495761786962
2014,"30003",6.785388169383
2015,"30003",20
2016,"30003",42
2017,"30003",102
2018,"30003",92
2019,"30003",56
2020,"30003",47
2021,"30003",42
2022,"30003",45
2023,"30003",44
2024,"30003",30
2025,"30003",25
2011,"30004",2.90802350116414
2012,"30004",4.84670583527357
2013,"30004",9.69341167054715
2014,"30004",0.969341167054715
2015,"30004",1
2016,"30004",1
2017,"30004",10
2018,"30004",12
2019,"30004",15
2020,"30004",16
2021,"30004",14
2022,"30004",5
2023,"30004",11
2024,"30004",9
2025,"30004",11
2014,"30005",0
2015,"30005",0
2016,"30005",2
2017,"30005",3
2018,"30005",2
2019,"30005",1
2020,"30005",1
2021,"30005",3
2022,"30005",1
2023,"30005",0
2024,"30005",0
2025,"30005",1
2014,"30006",1.93868233410943
2015,"30006",2
2016,"30006",4
2017,"30006",6
2018,"30006",9
2019,"30006",5
2020,"30006",6
2021,"30006",11
2022,"30006",6
2023,"30006",3
2024,"30006",6
2025,"30006",4
2014,"30007",1.93868233410943
2015,"30007",1
2016,"30007",1
2017,"30007",1
2018,"30007",2
2019,"30007",2
2020,"30007",4
2021,"30007",2
2022,"30007",0
2023,"30007",0
2024,"30007",1
2025,"30007",0
2014,"30008",0
2015,"30008",0
2016,"30008",2
2017,"30008",1
2018,"30008",1
2019,"30008",1
2020,"30008",0
2021,"30008",2
2022,"30008",3
2023,"30008",1
2024,"30008",0
2025,"30008",1
2014,"30009",0
2015,"30009",1
2016,"30009",8
2017,"30009",1
2018,"30009",9
2019,"30009",5
2020,"30009",9
2021,"30009",0
2022,"30009",2
2023,"30009",6
2024,"30009",7
2025,"30009",5
2011,"30010",2.90802350116414
2012,"30010",11.6320940046566
2013,"30010",16.4787998399302
2014,"30010",5.81604700232829
2015,"30010",19
2016,"30010",16
2017,"30010",13
2018,"30010",24
2019,"30010",32
2020,"30010",16
2021,"30010",7
2022,"30010",11
2023,"30010",16
2024,"30010",13
2025,"30010",10
2011,"30011",19.3868233410943
2012,"30011",9.69341167054715
2013,"30011",19.3868233410943
2014,"30011",8.72407050349243
2015,"30011",21
2016,"30011",12
2017,"30011",28
2018,"30011",10
2019,"30011",14
2020,"30011",7
2021,"30011",15
2022,"30011",14
2023,"30011",11
2024,"30011",7
2025,"30011",19
2014,"30012",0.969341167054715
2015,"30012",1
2016,"30012",1
2017,"30012",10
2018,"30012",3
2019,"30012",4
2020,"30012",2
2021,"30012",1
2022,"30012",2
2023,"30012",1
2024,"30012",2
2025,"30012",0
2014,"30013",0
2015,"30013",4
2016,"30013",8
2017,"30013",19
2018,"30013",4
2019,"30013",12
2020,"30013",11
2021,"30013",7
2022,"30013",6
2023,"30013",10
2024,"30013",12
2025,"30013",4
2011,"30014",4.84670583527357
2012,"30014",12.6014351717113
2013,"30014",1.93868233410943
2014,"30014",2.90802350116414
2015,"30014",2
2016,"30014",11
2017,"30014",8
2018,"30014",10
2019,"30014",16
2020,"30014",12
2021,"30014",17
2022,"30014",28
2023,"30014",20
2024,"30014",14
2025,"30014",12
2014,"30015",0
2015,"30015",0
2016,"30015",2
2017,"30015",7
2018,"30015",10
2019,"30015",5
2020,"30015",4
2021,"30015",10
2022,"30015",8
2023,"30015",9
2024,"30015",2
2025,"30015",10
2014,"30016",4.84670583527357
2015,"30016",4
2016,"30016",8
2017,"30016",48
2018,"30016",56
2019,"30016",21
2020,"30016",22
2021,"30016",21
2022,"30016",18
2023,"30016",18
2024,"30016",12
2025,"30016",11
2014,"30017",0
2015,"30017",0
2016,"30017",3
2017,"30017",2
2018,"30017",0
2019,"30017",3
2020,"30017",2
2021,"30017",2
2022,"30017",2
2023,"30017",2
2024,"30017",5
2025,"30017",3
2014,"30018",0
2015,"30018",0
2016,"30018",0
2017,"30018",3
2018,"30018",0
2019,"30018",1
2020,"30018",0
2021,"30018",1
2022,"30018",0
2023,"30018",1
2024,"30018",0
2025,"30018",0
2014,"30019",0.969341167054715
2015,"30019",0
2016,"30019",0
2017,"30019",0
2018,"30019",1
2019,"30019",2
2020,"30019",3
2021,"30019",0
2022,"30019",0
2023,"30019",0
2024,"30019",1
2025,"30019",1
2014,"30020",0
2015,"30020",0
2016,"30020",0
2017,"30020",0
2018,"30020",0
2019,"30020",2
2020,"30020",1
2021,"30020",0
2022,"30020",1
2023,"30020",0
2024,"30020",1
2025,"30020",0
2014,"30021",5.81604700232829
2015,"30021",0
2016,"30021",4
2017,"30021",7
2018,"30021",5
2019,"30021",19
2020,"30021",10
2021,"30021",12
2022,"30021",4
2023,"30021",5
2024,"30021",7
2025,"30021",16
2014,"30022",2.90802350116414
2015,"30022",2
2016,"30022",5
2017,"30022",2
2018,"30022",7
2019,"30022",6
2020,"30022",4
2021,"30022",12
2022,"30022",4
2023,"30022",6
2024,"30022",2
2025,"30022",1
2011,"30023",6.785388169383
2012,"30023",8.72407050349243
2013,"30023",10.6627528376019
2014,"30023",13.570776338766
2015,"30023",7
2016,"30023",11
2017,"30023",13
2018,"30023",9
2019,"30023",15
2020,"30023",9
2021,"30023",12
2022,"30023",16
2023,"30023",12
2024,"30023",10
2025,"30023",13
2014,"30024",0.969341167054715
2015,"30024",1
2016,"30024",2
2017,"30024",1
2018,"30024",1
2019,"30024",1
2020,"30024",0
2021,"30024",2
2022,"30024",3
2023,"30024",4
2024,"30024",1
2025,"30024",2
2014,"30025",0
2015,"30025",0
2016,"30025",1
2017,"30025",0
2018,"30025",0
2019,"30025",0
2020,"30025",0
2021,"30025",2
2022,"30025",0
2023,"30025",1
2024,"30025",5
2025,"30025",4
2014,"30026",0.969341167054715
2015,"30026",1
2016,"30026",4
2017,"30026",4
2018,"30026",6
2019,"30026",5
2020,"30026",8
2021,"30026",6
2022,"30026",10
2023,"30026",9
2024,"30026",3
2025,"30026",5
2014,"30027",0
2015,"30027",0
2016,"30027",1
2017,"30027",1
2018,"30027",0
2019,"30027",1
2020,"30027",3
2021,"30027",0
2022,"30027",1
2023,"30027",2
2024,"30027",1
2025,"30027",1
2011,"30028",34.8962820139697
2012,"30028",25.2028703434226
2013,"30028",43.6203525174622
2014,"30028",24.2335291763679
2015,"30028",19
2016,"30028",35
2017,"30028",35
2018,"30028",29
2019,"30028",25
2020,"30028",28
2021,"30028",26
2022,"30028",16
2023,"30028",16
2024,"30028",19
2025,"30028",30
2014,"30029",3.87736466821886
2015,"30029",0
2016,"30029",1
2017,"30029",2
2018,"30029",2
2019,"30029",0
2020,"30029",0
2021,"30029",2
2022,"30029",5
2023,"30029",3
2024,"30029",0
2025,"30029",6
2011,"30030",3.87736466821886
2012,"30030",4.84670583527357
2013,"30030",4.84670583527357
2014,"30030",1.93868233410943
2015,"30030",10
2016,"30030",8
2017,"30030",11
2018,"30030",12
2019,"30030",2
2020,"30030",4
2021,"30030",5
2022,"30030",5
2023,"30030",8
2024,"30030",6
2025,"30030",5
2014,"30031",1.93868233410943
2015,"30031",1
2016,"30031",0
2017,"30031",2
2018,"30031",3
2019,"30031",5
2020,"30031",7
2021,"30031",5
2022,"30031",2
2023,"30031",4
2024,"30031",8
2025,"30031",9
2011,"30032",6.785388169383
2012,"30032",1.93868233410943
2013,"30032",1.93868233410943
2014,"30032",2.90802350116414
2015,"30032",0
2016,"30032",8
2017,"30032",10
2018,"30032",5
2019,"30032",8
2020,"30032",10
2021,"30032",7
2022,"30032",15
2023,"30032",10
2024,"30032",10
2025,"30032",10
2014,"30033",1.93868233410943
2015,"30033",1
2016,"30033",0
2017,"30033",8
2018,"30033",0
2019,"30033",3
2020,"30033",4
2021,"30033",6
2022,"30033",4
2023,"30033",3
2024,"30033",4
2025,"30033",5
2014,"30034",0.969341167054715
2015,"30034",0
2016,"30034",1
2017,"30034",11
2018,"30034",7
2019,"30034",7
2020,"30034",4
2021,"30034",4
2022,"30034",5
2023,"30034",2
2024,"30034",2
2025,"30034",8
2014,"30035",0
2015,"30035",0
2016,"30035",0
2017,"30035",0
2018,"30035",1
2019,"30035",1
2020,"30035",3
2021,"30035",0
2022,"30035",5
2023,"30035",2
2024,"30035",2
2025,"30035",0
2014,"30036",0.969341167054715
2015,"30036",0
2016,"30036",1
2017,"30036",3
2018,"30036",0
2019,"30036",3
2020,"30036",4
2021,"30036",3
2022,"30036",1
2023,"30036",1
2024,"30036",1
2025,"30036",2
2014,"30037",0
2015,"30037",0
2016,"30037",0
2017,"30037",0
2018,"30037",0
2019,"30037",1
2020,"30037",0
2021,"30037",0
2022,"30037",0
2023,"30037",1
2024,"30037",1
2025,"30037",1
2011,"30038",6.785388169383
2012,"30038",12.6014351717113
2013,"30038",13.570776338766
2014,"30038",20.356164508149
2015,"30038",9
2016,"30038",13
2017,"30038",25
2018,"30038",18
2019,"30038",30
2020,"30038",29
2021,"30038",11
2022,"30038",11
2023,"30038",6
2024,"30038",13
2025,"30038",16
2011,"30039",43.6203525174622
2012,"30039",26.1722115104773
2013,"30039",79.4859756984866
2014,"30039",22.2948468422584
2015,"30039",46
2016,"30039",82
2017,"30039",166
2018,"30039",195
2019,"30039",141
2020,"30039",93
2021,"30039",83
2022,"30039",60
2023,"30039",82
2024,"30039",92
2025,"30039",86
2011,"30040",2.90802350116414
2012,"30040",2.90802350116414
2013,"30040",0.969341167054715
2014,"30040",6.785388169383
2015,"30040",0
2016,"30040",7
2017,"30040",34
2018,"30040",1
2019,"30040",12
2020,"30040",12
2021,"30040",7
2022,"30040",8
2023,"30040",7
2024,"30040",8
2025,"30040",2
2014,"30041",0
2015,"30041",0
2016,"30041",0
2017,"30041",0
2018,"30041",3
2019,"30041",1
2020,"30041",0
2021,"30041",1
2022,"30041",0
2023,"30041",0
2024,"30041",0
2025,"30041",2
2014,"30042",0
2015,"30042",0
2016,"30042",1
2017,"30042",1
2018,"30042",2
2019,"30042",2
2020,"30042",0
2021,"30042",5
2022,"30042",4
2023,"30042",0
2024,"30042",0
2025,"30042",0
2014,"30043",0.969341167054715
2015,"30043",0
2016,"30043",0
2017,"30043",1
2018,"30043",1
2019,"30043",3
2020,"30043",4
2021,"30043",2
2022,"30043",3
2023,"30043",2
2024,"30043",5
2025,"30043",1
2011,"30044",34.8962820139697
2012,"30044",51.3750818538999
2013,"30044",55.2524465221187
2014,"30044",57.1911288562282
2015,"30044",57
2016,"30044",75
2017,"30044",119
2018,"30044",108
2019,"30044",85
2020,"30044",61
2021,"30044",69
2022,"30044",51
2023,"30044",55
2024,"30044",38
2025,"30044",62
2011,"30045",29.0802350116414
2012,"30045",41.6816701833527
2013,"30045",29.0802350116414
2014,"30045",24.2335291763679
2015,"30045",32
2016,"30045",36
2017,"30045",42
2018,"30045",31
2019,"30045",26
2020,"30045",36
2021,"30045",22
2022,"30045",30
2023,"30045",36
2024,"30045",25
2025,"30045",19
2014,"30046",1.93868233410943
2015,"30046",6
2016,"30046",3
2017,"30046",3
2018,"30046",0
2019,"30046",7
2020,"30046",0
2021,"30046",2
2022,"30046",2
2023,"30046",4
2024,"30046",3
2025,"30046",1
2011,"30047",0.969341167054715
2012,"30047",3.87736466821886
2013,"30047",2.90802350116414
2014,"30047",8.72407050349243
2015,"30047",2
2016,"30047",3
2017,"30047",7
2018,"30047",10
2019,"30047",6
2020,"30047",4
2021,"30047",9
2022,"30047",7
2023,"30047",7
2024,"30047",12
2025,"30047",13
2011,"30048",25.2028703434226
2012,"30048",6.785388169383
2013,"30048",26.1722115104773
2014,"30048",16.4787998399302
2015,"30048",22
2016,"30048",29
2017,"30048",71
2018,"30048",72
2019,"30048",59
2020,"30048",48
2021,"30048",36
2022,"30048",26
2023,"30048",28
2024,"30048",22
2025,"30048",28
2014,"30049",6.785388169383
2015,"30049",3
2016,"30049",6
2017,"30049",11
2018,"30049",6
2019,"30049",9
2020,"30049",13
2021,"30049",9
2022,"30049",5
2023,"30049",13
2024,"30049",11
2025,"30049",7
2014,"30050",1.93868233410943
2015,"30050",0
2016,"30050",1
2017,"30050",4
2018,"30050",2
2019,"30050",1
2020,"30050",2
2021,"30050",5
2022,"30050",2
2023,"30050",3
2024,"30050",0
2025,"30050",5
2014,"30051",2.90802350116414
2015,"30051",0
2016,"30051",0
2017,"30051",4
2018,"30051",8
2019,"30051",5
2020,"30051",5
2021,"30051",5
2022,"30051",5
2023,"30051",5
2024,"30051",3
2025,"30051",2
2014,"30052",1.93868233410943
2015,"30052",1
2016,"30052",0
2017,"30052",4
2018,"30052",3
2019,"30052",6
2020,"30052",7
2021,"30052",10
2022,"30052",7
2023,"30052",3
2024,"30052",6
2025,"30052",9
2014,"30053",7.75472933643772
2015,"30053",8
2016,"30053",21
2017,"30053",10
2018,"30053",13
2019,"30053",21
2020,"30053",17
2021,"30053",20
2022,"30053",28
2023,"30053",25
2024,"30053",19
2025,"30053",18
2014,"30054",0.969341167054715
2015,"30054",3
2016,"30054",2
2017,"30054",9
2018,"30054",0
2019,"30054",2
2020,"30054",1
2021,"30054",5
2022,"30054",1
2023,"30054",2
2024,"30054",2
2025,"30054",6
2014,"30055",0
2015,"30055",1
2016,"30055",2
2017,"30055",2
2018,"30055",3
2019,"30055",3
2020,"30055",1
2021,"30055",2
2022,"30055",2
2023,"30055",5
2024,"30055",3
2025,"30055",1
2014,"30056",0
2015,"30056",0
2016,"30056",0
2017,"30056",1
2018,"30056",0
2019,"30056",0
2020,"30056",0
2021,"30056",0
2022,"30056",0
2023,"30056",1
2024,"30056",0
2025,"30056",1
2014,"30057",0
2015,"30057",0
2016,"30057",3
2017,"30057",4
2018,"30057",2
2019,"30057",3
2020,"30057",1
2021,"30057",3
2022,"30057",0
2023,"30057",0
2024,"30057",2
2025,"30057",1
2011,"30058",7.75472933643772
2012,"30058",0.969341167054715
2013,"30058",3.87736466821886
2014,"30058",1.93868233410943
2015,"30058",2
2016,"30058",4
2017,"30058",7
2018,"30058",10
2019,"30058",3
2020,"30058",9
2021,"30058",6
2022,"30058",5
2023,"30058",6
2024,"30058",2
2025,"30058",6
2014,"30059",0.969341167054715
2015,"30059",0
2016,"30059",2
2017,"30059",6
2018,"30059",2
2019,"30059",8
2020,"30059",5
2021,"30059",11
2022,"30059",7
2023,"30059",6
2024,"30059",2
2025,"30059",3
2014,"30060",1.93868233410943
2015,"30060",1
2016,"30060",1
2017,"30060",3
2018,"30060",0
2019,"30060",8
2020,"30060",10
2021,"30060",4
2022,"30060",4
2023,"30060",2
2024,"30060",5
2025,"30060",4
2011,"30061",17.4481410069849
2012,"30061",4.84670583527357
2013,"30061",26.1722115104773
2014,"30061",7.75472933643772
2015,"30061",14
2016,"30061",36
2017,"30061",54
2018,"30061",37
2019,"30061",56
2020,"30061",33
2021,"30061",29
2022,"30061",30
2023,"30061",29
2024,"30061",36
2025,"30061",17
2014,"30062",0
2015,"30062",0
2016,"30062",0
2017,"30062",2
2018,"30062",1
2019,"30062",5
2020,"30062",6
2021,"30062",7
2022,"30062",1
2023,"30062",4
2024,"30062",2
2025,"30062",0
2014,"30063",0
2015,"30063",0
2016,"30063",1
2017,"30063",2
2018,"30063",1
2019,"30063",1
2020,"30063",3
2021,"30063",3
2022,"30063",3
2023,"30063",1
2024,"30063",2
2025,"30063",0
2014,"30064",0
2015,"30064",0
2016,"30064",0
2017,"30064",0
2018,"30064",0
2019,"30064",0
2020,"30064",0
2021,"30064",0
2022,"30064",2
2023,"30064",1
2024,"30064",0
2025,"30064",1
2011,"30065",5.81604700232829
2012,"30065",13.570776338766
2013,"30065",4.84670583527357
2014,"30065",0.969341167054715
2015,"30065",0
2016,"30065",5
2017,"30065",9
2018,"30065",23
2019,"30065",22
2020,"30065",18
2021,"30065",18
2022,"30065",20
2023,"30065",14
2024,"30065",29
2025,"30065",33
2014,"30066",0.969341167054715
2015,"30066",0
2016,"30066",1
2017,"30066",6
2018,"30066",10
2019,"30066",6
2020,"30066",7
2021,"30066",15
2022,"30066",13
2023,"30066",7
2024,"30066",3
2025,"30066",8
2014,"30067",0.969341167054715
2015,"30067",0
2016,"30067",0
2017,"30067",0
2018,"30067",0
2019,"30067",0
2020,"30067",3
2021,"30067",3
2022,"30067",1
2023,"30067",3
2024,"30067",1
2025,"30067",3
2011,"30068",4.84670583527357
2012,"30068",5.81604700232829
2013,"30068",2.90802350116414
2014,"30068",5.81604700232829
2015,"30068",16
2016,"30068",21
2017,"30068",24
2018,"30068",28
2019,"30068",37
2020,"30068",23
2021,"30068",9
2022,"30068",9
2023,"30068",16
2024,"30068",11
2025,"30068",12
2014,"30069",2.90802350116414
2015,"30069",0
2016,"30069",8
2017,"30069",11
2018,"30069",19
2019,"30069",15
2020,"30069",12
2021,"30069",7
2022,"30069",13
2023,"30069",18
2024,"30069",14
2025,"30069",9
2014,"30070",1.93868233410943
2015,"30070",0
2016,"30070",0
2017,"30070",1
2018,"30070",2
2019,"30070",1
2020,"30070",4
2021,"30070",4
2022,"30070",4
2023,"30070",5
2024,"30070",1
2025,"30070",1
2011,"30071",6.785388169383
2012,"30071",20.356164508149
2013,"30071",7.75472933643772
2014,"30071",8.72407050349243
2015,"30071",14
2016,"30071",18
2017,"30071",10
2018,"30071",21
2019,"30071",5
2020,"30071",15
2021,"30071",5
2022,"30071",6
2023,"30071",7
2024,"30071",9
2025,"30071",15
2014,"30072",0
2015,"30072",1
2016,"30072",3
2017,"30072",4
2018,"30072",4
2019,"30072",3
2020,"30072",3
2021,"30072",1
2022,"30072",7
2023,"30072",4
2024,"30072",5
2025,"30072",2
2011,"30073",2.90802350116414
2012,"30073",3.87736466821886
2013,"30073",2.90802350116414
2014,"30073",0
2015,"30073",0
2016,"30073",4
2017,"30073",5
2018,"30073",10
2019,"30073",11
2020,"30073",13
2021,"30073",6
2022,"30073",12
2023,"30073",7
2024,"30073",12
2025,"30073",15
2014,"30074",0
2015,"30074",1
2016,"30074",2
2017,"30074",1
2018,"30074",2
2019,"30074",5
2020,"30074",5
2021,"30074",2
2022,"30074",2
2023,"30074",5
2024,"30074",5
2025,"30074",2
2014,"30075",0.969341167054715
2015,"30075",1
2016,"30075",3
2017,"30075",0
2018,"30075",4
2019,"30075",1
2020,"30075",0
2021,"30075",2
2022,"30075",1
2023,"30075",3
2024,"30075",4
2025,"30075",0
2014,"30076",1.93868233410943
2015,"30076",1
2016,"30076",0
2017,"30076",5
2018,"30076",0
2019,"30076",3
2020,"30076",2
2021,"30076",0
2022,"30076",0
2023,"30076",1
2024,"30076",0
2025,"30076",1
2011,"30077",15.5094586728754
2012,"30077",23.2641880093132
2013,"30077",32.9575996798603
2014,"30077",24.2335291763679
2015,"30077",16
2016,"30077",30
2017,"30077",28
2018,"30077",19
2019,"30077",11
2020,"30077",28
2021,"30077",20
2022,"30077",29
2023,"30077",21
2024,"30077",8
2025,"30077",11
2014,"30078",0
2015,"30078",1
2016,"30078",1
2017,"30078",0
2018,"30078",2
2019,"30078",2
2020,"30078",2
2021,"30078",2
2022,"30078",0
2023,"30078",1
2024,"30078",1
2025,"30078",1
2014,"30079",0
2015,"30079",0
2016,"30079",0
2017,"30079",0
2018,"30079",0
2019,"30079",1
2020,"30079",2
2021,"30079",0
2022,"30079",1
2023,"30079",0
2024,"30079",0
2025,"30079",0
2014,"30080",3.87736466821886
2015,"30080",0
2016,"30080",2
2017,"30080",5
2018,"30080",2
2019,"30080",2
2020,"30080",1
2021,"30080",1
2022,"30080",3
2023,"30080",0
2024,"30080",3
2025,"30080",0
2014,"30081",2.90802350116414
2015,"30081",2
2016,"30081",3
2017,"30081",0
2018,"30081",2
2019,"30081",1
2020,"30081",2
2021,"30081",1
2022,"30081",0
2023,"30081",0
2024,"30081",1
2025,"30081",1
2014,"30082",0.969341167054715
2015,"30082",0
2016,"30082",3
2017,"30082",8
2018,"30082",3
2019,"30082",4
2020,"30082",6
2021,"30082",2
2022,"30082",7
2023,"30082",4
2024,"30082",2
2025,"30082",1
2011,"30083",2.90802350116414
2012,"30083",2.90802350116414
2013,"30083",4.84670583527357
2014,"30083",0.969341167054715
2015,"30083",0
2016,"30083",8
2017,"30083",9
2018,"30083",4
2019,"30083",11
2020,"30083",9
2021,"30083",1
2022,"30083",8
2023,"30083",4
2024,"30083",8
2025,"30083",3
2014,"30084",0
2015,"30084",1
2016,"30084",4
2017,"30084",3
2018,"30084",4
2019,"30084",4
2020,"30084",4
2021,"30084",1
2022,"30084",0
2023,"30084",0
2024,"30084",1
2025,"30084",5
2011,"30085",4.84670583527357
2012,"30085",3.87736466821886
2013,"30085",1.93868233410943
2014,"30085",1.93868233410943
2015,"30085",3
2016,"30085",7
2017,"30085",8
2018,"30085",11
2019,"30085",13
2020,"30085",8
2021,"30085",11
2022,"30085",15
2023,"30085",12
2024,"30085",16
2025,"30085",9
2011,"30086",3.87736466821886
2012,"30086",12.6014351717113
2013,"30086",6.785388169383
2014,"30086",14.5401175058207
2015,"30086",12
2016,"30086",10
2017,"30086",20
2018,"30086",16
2019,"30086",5
2020,"30086",5
2021,"30086",6
2022,"30086",6
2023,"30086",6
2024,"30086",4
2025,"30086",3
2011,"30087",52.3444230209546
2012,"30087",91.1180697031432
2013,"30087",77.5472933643772
2014,"30087",50.4057406868452
2015,"30087",67
2016,"30087",72
2017,"30087",130
2018,"30087",136
2019,"30087",105
2020,"30087",80
2021,"30087",85
2022,"30087",62
2023,"30087",58
2024,"30087",64
2025,"30087",67
2014,"30088",0.969341167054715
2015,"30088",0
2016,"30088",0
2017,"30088",0
2018,"30088",0
2019,"30088",3
2020,"30088",1
2021,"30088",2
2022,"30088",1
2023,"30088",2
2024,"30088",3
2025,"30088",1
2014,"30089",2.90802350116414
2015,"30089",3
2016,"30089",12
2017,"30089",14
2018,"30089",18
2019,"30089",15
2020,"30089",18
2021,"30089",18
2022,"30089",6
2023,"30089",2
2024,"30089",11
2025,"30089",8
2014,"30090",0
2015,"30090",0
2016,"30090",1
2017,"30090",2
2018,"30090",1
2019,"30090",2
2020,"30090",6
2021,"30090",1
2022,"30090",5
2023,"30090",2
2024,"30090",1
2025,"30090",5
2014,"30091",0
2015,"30091",2
2016,"30091",4
2017,"30091",7
2018,"30091",9
2019,"30091",4
2020,"30091",3
2021,"30091",4
2022,"30091",6
2023,"30091",4
2024,"30091",7
2025,"30091",4
2014,"30092",1.93868233410943
2015,"30092",3
2016,"30092",2
2017,"30092",4
2018,"30092",3
2019,"30092",5
2020,"30092",5
2021,"30092",4
2022,"30092",5
2023,"30092",3
2024,"30092",5
2025,"30092",1
2014,"30093",0
2015,"30093",1
2016,"30093",3
2017,"30093",1
2018,"30093",0
2019,"30093",2
2020,"30093",2
2021,"30093",5
2022,"30093",1
2023,"30093",3
2024,"30093",0
2025,"30093",3
2014,"30094",3.87736466821886
2015,"30094",6
2016,"30094",16
2017,"30094",21
2018,"30094",17
2019,"30094",10
2020,"30094",20
2021,"30094",11
2022,"30094",8
2023,"30094",10
2024,"30094",9
2025,"30094",14
2014,"30095",5.81604700232829
2015,"30095",0
2016,"30095",2
2017,"30095",1
2018,"30095",1
2019,"30095",0
2020,"30095",5
2021,"30095",3
2022,"30095",0
2023,"30095",2
2024,"30095",1
2025,"30095",4
2014,"30096",0
2015,"30096",0
2016,"30096",0
2017,"30096",0
2018,"30096",0
2019,"30096",1
2020,"30096",0
2021,"30096",0
2022,"30096",0
2023,"30096",0
2024,"30096",0
2025,"30096",0
2014,"30097",1.93868233410943
2015,"30097",0
2016,"30097",4
2017,"30097",9
2018,"30097",3
2019,"30097",4
2020,"30097",5
2021,"30097",9
2022,"30097",2
2023,"30097",7
2024,"30097",5
2025,"30097",5
2014,"30098",0
2015,"30098",0
2016,"30098",0
2017,"30098",0
2018,"30098",1
2019,"30098",1
2020,"30098",0
2021,"30098",1
2022,"30098",0
2023,"30098",0
2024,"30098",0
2025,"30098",2
2014,"30099",1.93868233410943
2015,"30099",9
2016,"30099",20
2017,"30099",11
2018,"30099",4
2019,"30099",11
2020,"30099",9
2021,"30099",21
2022,"30099",9
2023,"30099",10
2024,"30099",13
2025,"30099",18
2014,"30100",3.87736466821886
2015,"30100",1
2016,"30100",5
2017,"30100",7
2018,"30100",1
2019,"30100",7
2020,"30100",15
2021,"30100",6
2022,"30100",7
2023,"30100",3
2024,"30100",4
2025,"30100",3
2014,"30101",2.90802350116414
2015,"30101",5
2016,"30101",4
2017,"30101",7
2018,"30101",6
2019,"30101",5
2020,"30101",8
2021,"30101",10
2022,"30101",3
2023,"30101",2
2024,"30101",0
2025,"30101",6
2011,"30102",30.0495761786962
2012,"30102",39.7429878492433
2013,"30102",27.141552677532
2014,"30102",23.2641880093132
2015,"30102",13
2016,"30102",27
2017,"30102",67
2018,"30102",40
2019,"30102",76
2020,"30102",66
2021,"30102",65
2022,"30102",54
2023,"30102",45
2024,"30102",45
2025,"30102",64
2014,"30103",0
2015,"30103",0
2016,"30103",0
2017,"30103",0
2018,"30103",0
2019,"30103",2
2020,"30103",0
2021,"30103",1
2022,"30103",2
2023,"30103",0
2024,"30103",0
2025,"30103",1
2014,"30104",0
2015,"30104",1
2016,"30104",1
2017,"30104",0
2018,"30104",2
2019,"30104",1
2020,"30104",1
2021,"30104",1
2022,"30104",3
2023,"30104",4
2024,"30104",3
2025,"30104",4
2011,"30105",14.5401175058207
2012,"30105",6.785388169383
2013,"30105",11.6320940046566
2014,"30105",1.93868233410943
2015,"30105",2
2016,"30105",7
2017,"30105",20
2018,"30105",11
2019,"30105",15
2020,"30105",15
2021,"30105",16
2022,"30105",18
2023,"30105",14
2024,"30105",6
2025,"30105",27
2014,"30106",0
2015,"30106",0
2016,"30106",0
2017,"30106",0
2018,"30106",2
2019,"30106",0
2020,"30106",0
2021,"30106",0
2022,"30106",1
2023,"30106",0
2024,"30106",0
2025,"30106",0
2014,"30107",2.90802350116414
2015,"30107",1
2016,"30107",2
2017,"30107",0
2018,"30107",0
2019,"30107",1
2020,"30107",1
2021,"30107",2
2022,"30107",3
2023,"30107",1
2024,"30107",0
2025,"30107",3
2011,"30108",19.3868233410943
2012,"30108",13.570776338766
2013,"30108",35.8656231810244
2014,"30108",17.4481410069849
2015,"30108",27
2016,"30108",40
2017,"30108",73
2018,"30108",60
2019,"30108",70
2020,"30108",62
2021,"30108",43
2022,"30108",41
2023,"30108",30
2024,"30108",46
2025,"30108",36
2011,"30109",5.81604700232829
2012,"30109",9.69341167054715
2013,"30109",16.4787998399302
2014,"30109",11.6320940046566
2015,"30109",3
2016,"30109",6
2017,"30109",26
2018,"30109",14
2019,"30109",21
2020,"30109",19
2021,"30109",10
2022,"30109",12
2023,"30109",11
2024,"30109",12
2025,"30109",12
2014,"30110",0
2015,"30110",0
2016,"30110",0
2017,"30110",1
2018,"30110",1
2019,"30110",2
2020,"30110",1
2021,"30110",0
2022,"30110",0
2023,"30110",0
2024,"30110",0
2025,"30110",1
2014,"30111",1.93868233410943
2015,"30111",0
2016,"30111",6
2017,"30111",4
2018,"30111",1
2019,"30111",6
2020,"30111",6
2021,"30111",3
2022,"30111",7
2023,"30111",5
2024,"30111",2
2025,"30111",10
2014,"30112",3.87736466821886
2015,"30112",1
2016,"30112",6
2017,"30112",3
2018,"30112",7
2019,"30112",6
2020,"30112",2
2021,"30112",3
2022,"30112",5
2023,"30112",1
2024,"30112",0
2025,"30112",2
2014,"30113",2.90802350116414
2015,"30113",0
2016,"30113",0
2017,"30113",2
2018,"30113",1
2019,"30113",0
2020,"30113",0
2021,"30113",0
2022,"30113",1
2023,"30113",2
2024,"30113",0
2025,"30113",1
2014,"30114",0
2015,"30114",1
2016,"30114",1
2017,"30114",1
2018,"30114",1
2019,"30114",1
2020,"30114",4
2021,"30114",3
2022,"30114",7
2023,"30114",8
2024,"30114",2
2025,"30114",0
2014,"30115",5.81604700232829
2015,"30115",6
2016,"30115",13
2017,"30115",11
2018,"30115",6
2019,"30115",9
2020,"30115",17
2021,"30115",14
2022,"30115",10
2023,"30115",14
2024,"30115",14
2025,"30115",9
2014,"30116",0
2015,"30116",3
2016,"30116",4
2017,"30116",5
2018,"30116",10
2019,"30116",12
2020,"30116",9
2021,"30116",14
2022,"30116",9
2023,"30116",9
2024,"30116",21
2025,"30116",14
2014,"30117",0.969341167054715
2015,"30117",0
2016,"30117",2
2017,"30117",2
2018,"30117",13
2019,"30117",16
2020,"30117",17
2021,"30117",30
2022,"30117",29
2023,"30117",14
2024,"30117",13
2025,"30117",17
2011,"30118",42.6510113504075
2012,"30118",44.5896936845169
2013,"30118",37.8043055151339
2014,"30118",41.6816701833527
2015,"30118",29
2016,"30118",52
2017,"30118",38
2018,"30118",44
2019,"30118",30
2020,"30118",29
2021,"30118",21
2022,"30118",20
2023,"30118",32
2024,"30118",21
2025,"30118",21
2014,"30119",1.93868233410943
2015,"30119",0
2016,"30119",0
2017,"30119",0
2018,"30119",2
2019,"30119",1
2020,"30119",1
2021,"30119",1
2022,"30119",3
2023,"30119",4
2024,"30119",3
2025,"30119",0
2014,"30120",0
2015,"30120",0
2016,"30120",1
2017,"30120",1
2018,"30120",2
2019,"30120",2
2020,"30120",4
2021,"30120",6
2022,"30120",2
2023,"30120",3
2024,"30120",5
2025,"30120",4
2014,"30121",1.93868233410943
2015,"30121",6
2016,"30121",16
2017,"30121",16
2018,"30121",8
2019,"30121",4
2020,"30121",2
2021,"30121",8
2022,"30121",11
2023,"30121",8
2024,"30121",6
2025,"30121",2
2014,"30122",0
2015,"30122",0
2016,"30122",1
2017,"30122",0
2018,"30122",1
2019,"30122",1
2020,"30122",1
2021,"30122",2
2022,"30122",3
2023,"30122",1
2024,"30122",1
2025,"30122",3
2011,"30123",39.7429878492433
2012,"30123",38.7736466821886
2013,"30123",39.7429878492433
2014,"30123",12.6014351717113
2015,"30123",37
2016,"30123",49
2017,"30123",49
2018,"30123",63
2019,"30123",45
2020,"30123",35
2021,"30123",31
2022,"30123",20
2023,"30123",29
2024,"30123",15
2025,"30123",14
2011,"30124",41.6816701833527
2012,"30124",47.497717185681
2013,"30124",33.926940846915
2014,"30124",27.141552677532
2015,"30124",25
2016,"30124",70
2017,"30124",88
2018,"30124",37
2019,"30124",53
2020,"30124",54
2021,"30124",50
2022,"30124",25
2023,"30124",39
2024,"30124",19
2025,"30124",49
2014,"30125",8.72407050349243
2015,"30125",3
2016,"30125",17
2017,"30125",14
2018,"30125",16
2019,"30125",15
2020,"30125",10
2021,"30125",5
2022,"30125",3
2023,"30125",10
2024,"30125",8
2025,"30125",10
2014,"30126",1.93868233410943
2015,"30126",1
2016,"30126",9
2017,"30126",7
2018,"30126",2
2019,"30126",6
2020,"30126",11
2021,"30126",7
2022,"30126",5
2023,"30126",4
2024,"30126",1
2025,"30126",5
2014,"30127",4.84670583527357
2015,"30127",0
2016,"30127",1
2017,"30127",8
2018,"30127",3
2019,"30127",4
2020,"30127",7
2021,"30127",5
2022,"30127",0
2023,"30127",6
2024,"30127",6
2025,"30127",5
2011,"30128",15.5094586728754
2012,"30128",24.2335291763679
2013,"30128",26.1722115104773
2014,"30128",6.785388169383
2015,"30128",7
2016,"30128",21
2017,"30128",23
2018,"30128",20
2019,"30128",19
2020,"30128",23
2021,"30128",31
2022,"30128",23
2023,"30128",17
2024,"30128",27
2025,"30128",32
2014,"30129",0.969341167054715
2015,"30129",0
2016,"30129",1
2017,"30129",3
2018,"30129",4
2019,"30129",3
2020,"30129",2
2021,"30129",1
2022,"30129",4
2023,"30129",5
2024,"30129",3
2025,"30129",3
2011,"30130",8.72407050349243
2012,"30130",12.6014351717113
2013,"30130",5.81604700232829
2014,"30130",10.6627528376019
2015,"30130",14
2016,"30130",12
2017,"30130",21
2018,"30130",15
2019,"30130",8
2020,"30130",10
2021,"30130",10
2022,"30130",8
2023,"30130",8
2024,"30130",11
2025,"30130",6
2011,"30131",75.6086110302678
2012,"30131",82.3939991996508
2013,"30131",61.068493524447
2014,"30131",43.6203525174622
2015,"30131",33
2016,"30131",85
2017,"30131",99
2018,"30131",67
2019,"30131",46
2020,"30131",67
2021,"30131",41
2022,"30131",40
2023,"30131",70
2024,"30131",38
2025,"30131",40
2014,"30132",0
2015,"30132",0
2016,"30132",1
2017,"30132",2
2018,"30132",1
2019,"30132",1
2020,"30132",3
2021,"30132",5
2022,"30132",5
2023,"30132",4
2024,"30132",5
2025,"30132",3
2011,"30133",0
2012,"30133",3.87736466821886
2013,"30133",13.570776338766
2014,"30133",5.81604700232829
2015,"30133",2
2016,"30133",16
2017,"30133",9
2018,"30133",0
2019,"30133",6
2020,"30133",6
2021,"30133",4
2022,"30133",6
2023,"30133",5
2024,"30133",10
2025,"30133",6
2014,"30134",0.969341167054715
2015,"30134",1
2016,"30134",5
2017,"30134",6
2018,"30134",1
2019,"30134",7
2020,"30134",8
2021,"30134",11
2022,"30134",9
2023,"30134",9
2024,"30134",15
2025,"30134",11
2014,"30135",2.90802350116414
2015,"30135",2
2016,"30135",9
2017,"30135",4
2018,"30135",12
2019,"30135",2
2020,"30135",5
2021,"30135",15
2022,"30135",6
2023,"30135",6
2024,"30135",3
2025,"30135",7
2014,"30136",0
2015,"30136",0
2016,"30136",1
2017,"30136",0
2018,"30136",0
2019,"30136",1
2020,"30136",0
2021,"30136",3
2022,"30136",3
2023,"30136",0
2024,"30136",1
2025,"30136",4
2014,"30137",0
2015,"30137",0
2016,"30137",0
2017,"30137",0
2018,"30137",0
2019,"30137",1
2020,"30137",1
2021,"30137",0
2022,"30137",0
2023,"30137",1
2024,"30137",0
2025,"30137",2
2011,"30138",11.6320940046566
2012,"30138",11.6320940046566
2013,"30138",6.785388169383
2014,"30138",3.87736466821886
2015,"30138",3
2016,"30138",12
2017,"30138",8
2018,"30138",10
2019,"30138",37
2020,"30138",31
2021,"30138",22
2022,"30138",10
2023,"30138",14
2024,"30138",17
2025,"30138",21
2014,"30139",0
2015,"30139",0
2016,"30139",0
2017,"30139",3
2018,"30139",0
2019,"30139",1
2020,"30139",2
2021,"30139",2
2022,"30139",3
2023,"30139",1
2024,"30139",0
2025,"30139",1
2014,"30140",0.969341167054715
2015,"30140",0
2016,"30140",1
2017,"30140",0
2018,"30140",1
2019,"30140",0
2020,"30140",0
2021,"30140",0
2022,"30140",2
2023,"30140",0
2024,"30140",0
2025,"30140",1
2011,"30141",14.5401175058207
2012,"30141",9.69341167054715
2013,"30141",12.6014351717113
2014,"30141",4.84670583527357
2015,"30141",16
2016,"30141",20
2017,"30141",22
2018,"30141",18
2019,"30141",17
2020,"30141",9
2021,"30141",32
2022,"30141",25
2023,"30141",18
2024,"30141",21
2025,"30141",24
2014,"30142",0
2015,"30142",3
2016,"30142",2
2017,"30142",5
2018,"30142",11
2019,"30142",30
2020,"30142",12
2021,"30142",7
2022,"30142",8
2023,"30142",11
2024,"30142",14
2025,"30142",12
2011,"30143",3.87736466821886
2012,"30143",2.90802350116414
2013,"30143",3.87736466821886
2014,"30143",1.93868233410943
2015,"30143",3
2016,"30143",1
2017,"30143",5
2018,"30143",9
2019,"30143",12
2020,"30143",12
2021,"30143",6
2022,"30143",8
2023,"30143",7
2024,"30143",7
2025,"30143",7
2014,"30144",0
2015,"30144",1
2016,"30144",5
2017,"30144",6
2018,"30144",16
2019,"30144",24
2020,"30144",19
2021,"30144",22
2022,"30144",20
2023,"30144",9
2024,"30144",11
2025,"30144",12
2014,"30145",0
2015,"30145",0
2016,"30145",2
2017,"30145",1
2018,"30145",3
2019,"30145",8
2020,"30145",6
2021,"30145",6
2022,"30145",7
2023,"30145",3
2024,"30145",7
2025,"30145",2
2014,"30146",0
2015,"30146",0
2016,"30146",0
2017,"30146",2
2018,"30146",0
2019,"30146",0
2020,"30146",0
2021,"30146",1
2022,"30146",0
2023,"30146",2
2024,"30146",0
2025,"30146",1
2014,"30147",0.969341167054715
2015,"30147",2
2016,"30147",0
2017,"30147",1
2018,"30147",0
2019,"30147",3
2020,"30147",2
2021,"30147",0
2022,"30147",3
2023,"30147",1
2024,"30147",0
2025,"30147",0
2014,"30148",0.969341167054715
2015,"30148",4
2016,"30148",3
2017,"30148",3
2018,"30148",2
2019,"30148",13
2020,"30148",4
2021,"30148",5
2022,"30148",1
2023,"30148",1
2024,"30148",4
2025,"30148",3
2014,"30149",0.969341167054715
2015,"30149",0
2016,"30149",1
2017,"30149",1
2018,"30149",4
2019,"30149",3
2020,"30149",6
2021,"30149",4
2022,"30149",7
2023,"30149",6
2024,"30149",2
2025,"30149",4
2014,"30150",0.969341167054715
2015,"30150",2
2016,"30150",0
2017,"30150",1
2018,"30150",0
2019,"30150",2
2020,"30150",0
2021,"30150",2
2022,"30150",0
2023,"30150",1
2024,"30150",0
2025,"30150",1
2014,"30151",2.90802350116414
2015,"30151",0
2016,"30151",0
2017,"30151",1
2018,"30151",2
2019,"30151",1
2020,"30151",0
2021,"30151",2
2022,"30151",2
2023,"30151",1
2024,"30151",7
2025,"30151",8
2014,"30152",4.84670583527357
2015,"30152",1
2016,"30152",4
2017,"30152",3
2018,"30152",1
2019,"30152",2
2020,"30152",4
2021,"30152",6
2022,"30152",4
2023,"30152",8
2024,"30152",5
2025,"30152",6
2014,"30153",0
2015,"30153",0
2016,"30153",1
2017,"30153",1
2018,"30153",0
2019,"30153",0
2020,"30153",0
2021,"30153",0
2022,"30153",0
2023,"30153",0
2024,"30153",2
2025,"30153",1
2014,"30154",0
2015,"30154",0
2016,"30154",3
2017,"30154",5
2018,"30154",0
2019,"30154",2
2020,"30154",1
2021,"30154",3
2022,"30154",2
2023,"30154",2
2024,"30154",0
2025,"30154",2
2011,"30155",27.141552677532
2012,"30155",5.81604700232829
2013,"30155",12.6014351717113
2014,"30155",2.90802350116414
2015,"30155",16
2016,"30155",26
2017,"30155",8
2018,"30155",12
2019,"30155",9
2020,"30155",10
2021,"30155",9
2022,"30155",13
2023,"30155",15
2024,"30155",16
2025,"30155",18
2014,"30156",0
2015,"30156",0
2016,"30156",2
2017,"30156",0
2018,"30156",0
2019,"30156",2
2020,"30156",1
2021,"30156",0
2022,"30156",0
2023,"30156",1
2024,"30156",1
2025,"30156",2
2014,"30157",0.969341167054715
2015,"30157",1
2016,"30157",4
2017,"30157",1
2018,"30157",7
2019,"30157",2
2020,"30157",8
2021,"30157",2
2022,"30157",3
2023,"30157",5
2024,"30157",4
2025,"30157",1
2014,"30158",2.90802350116414
2015,"30158",1
2016,"30158",6
2017,"30158",7
2018,"30158",22
2019,"30158",14
2020,"30158",17
2021,"30158",18
2022,"30158",10
2023,"30158",11
2024,"30158",10
2025,"30158",12
2014,"30159",0
2015,"30159",0
2016,"30159",1
2017,"30159",7
2018,"30159",2
2019,"30159",3
2020,"30159",8
2021,"30159",3
2022,"30159",1
2023,"30159",1
2024,"30159",1
2025,"30159",4
2011,"30160",31.9882585128056
2012,"30160",38.7736466821886
2013,"30160",44.5896936845169
2014,"30160",23.2641880093132
2015,"30160",13
2016,"30160",27
2017,"30160",31
2018,"30160",46
2019,"30160",39
2020,"30160",49
2021,"30160",63
2022,"30160",48
2023,"30160",41
2024,"30160",38
2025,"30160",34
2014,"30161",0.969341167054715
2015,"30161",3
2016,"30161",6
2017,"30161",6
2018,"30161",6
2019,"30161",5
2020,"30161",7
2021,"30161",11
2022,"30161",11
2023,"30161",7
2024,"30161",5
2025,"30161",8
2014,"30162",0
2015,"30162",0
2016,"30162",0
2017,"30162",0
2018,"30162",0
2019,"30162",0
2020,"30162",1
2021,"30162",1
2022,"30162",1
2023,"30162",0
2024,"30162",0
2025,"30162",0
2014,"30163",0
2015,"30163",0
2016,"30163",1
2017,"30163",0
2018,"30163",0
2019,"30163",0
2020,"30163",1
2021,"30163",1
2022,"30163",2
2023,"30163",0
2024,"30163",0
2025,"30163",1
2014,"30164",0.969341167054715
2015,"30164",0
2016,"30164",0
2017,"30164",9
2018,"30164",0
2019,"30164",5
2020,"30164",2
2021,"30164",3
2022,"30164",1
2023,"30164",0
2024,"30164",5
2025,"30164",1
2014,"30165",0.969341167054715
2015,"30165",0
2016,"30165",0
2017,"30165",0
2018,"30165",1
2019,"30165",1
2020,"30165",1
2021,"30165",0
2022,"30165",0
2023,"30165",1
2024,"30165",1
2025,"30165",2
2014,"30166",0
2015,"30166",0
2016,"30166",1
2017,"30166",0
2018,"30166",1
2019,"30166",2
2020,"30166",1
2021,"30166",0
2022,"30166",0
2023,"30166",4
2024,"30166",0
2025,"30166",1
2014,"30167",1.93868233410943
2015,"30167",0
2016,"30167",0
2017,"30167",1
2018,"30167",1
2019,"30167",3
2020,"30167",3
2021,"30167",4
2022,"30167",1
2023,"30167",4
2024,"30167",0
2025,"30167",2
2014,"30168",0
2015,"30168",0
2016,"30168",0
2017,"30168",0
2018,"30168",1
2019,"30168",2
2020,"30168",0
2021,"30168",1
2022,"30168",0
2023,"30168",0
2024,"30168",1
2025,"30168",1
2014,"30169",3.87736466821886
2015,"30169",11
2016,"30169",10
2017,"30169",12
2018,"30169",4
2019,"30169",3
2020,"30169",13
2021,"30169",9
2022,"30169",8
2023,"30169",4
2024,"30169",5
2025,"30169",6
2014,"30170",0
2015,"30170",0
2016,"30170",2
2017,"30170",3
2018,"30170",3
2019,"30170",2
2020,"30170",3
2021,"30170",2
2022,"30170",1
2023,"30170",3
2024,"30170",1
2025,"30170",0
2014,"30171",0
2015,"30171",0
2016,"30171",0
2017,"30171",0
2018,"30171",1
2019,"30171",0
2020,"30171",1
2021,"30171",2
2022,"30171",1
2023,"30171",0
2024,"30171",1
2025,"30171",0
2014,"30172",0
2015,"30172",0
2016,"30172",0
2017,"30172",2
2018,"30172",2
2019,"30172",8
2020,"30172",5
2021,"30172",7
2022,"30172",8
2023,"30172",1
2024,"30172",6
2025,"30172",11
2011,"30173",10.6627528376019
2012,"30173",11.6320940046566
2013,"30173",2.90802350116414
2014,"30173",9.69341167054715
2015,"30173",14
2016,"30173",12
2017,"30173",20
2018,"30173",22
2019,"30173",13
2020,"30173",23
2021,"30173",12
2022,"30173",10
2023,"30173",9
2024,"30173",8
2025,"30173",3
2011,"30174",44.5896936845169
2012,"30174",55.2524465221187
2013,"30174",54.283105355064
2014,"30174",27.141552677532
2015,"30174",39
2016,"30174",43
2017,"30174",47
2018,"30174",43
2019,"30174",43
2020,"30174",28
2021,"30174",39
2022,"30174",31
2023,"30174",40
2024,"30174",38
2025,"30174",19
2011,"30175",32.9575996798603
2012,"30175",28.1108938445867
2013,"30175",21.3255056752037
2014,"30175",23.2641880093132
2015,"30175",17
2016,"30175",57
2017,"30175",48
2018,"30175",34
2019,"30175",34
2020,"30175",30
2021,"30175",25
2022,"30175",21
2023,"30175",32
2024,"30175",26
2025,"30175",18
2014,"30176",0
2015,"30176",0
2016,"30176",0
2017,"30176",3
2018,"30176",2
2019,"30176",2
2020,"30176",1
2021,"30176",1
2022,"30176",1
2023,"30176",3
2024,"30176",1
2025,"30176",0
2014,"30177",0
2015,"30177",0
2016,"30177",1
2017,"30177",2
2018,"30177",0
2019,"30177",1
2020,"30177",1
2021,"30177",1
2022,"30177",1
2023,"30177",3
2024,"30177",3
2025,"30177",2
2014,"30178",0
2015,"30178",0
2016,"30178",8
2017,"30178",17
2018,"30178",4
2019,"30178",2
2020,"30178",6
2021,"30178",1
2022,"30178",5
2023,"30178",3
2024,"30178",4
2025,"30178",2
2014,"30179",1.93868233410943
2015,"30179",1
2016,"30179",0
2017,"30179",0
2018,"30179",0
2019,"30179",0
2020,"30179",1
2021,"30179",2
2022,"30179",0
2023,"30179",0
2024,"30179",1
2025,"30179",0
2014,"30180",0
2015,"30180",0
2016,"30180",0
2017,"30180",2
2018,"30180",0
2019,"30180",2
2020,"30180",0
2021,"30180",1
2022,"30180",1
2023,"30180",1
2024,"30180",0
2025,"30180",1
2014,"30181",1.93868233410943
2015,"30181",0
2016,"30181",4
2017,"30181",12
2018,"30181",11
2019,"30181",8
2020,"30181",10
2021,"30181",9
2022,"30181",11
2023,"30181",7
2024,"30181",12
2025,"30181",6
2014,"30182",0.969341167054715
2015,"30182",0
2016,"30182",0
2017,"30182",1
2018,"30182",0
2019,"30182",5
2020,"30182",1
2021,"30182",0
2022,"30182",1
2023,"30182",0
2024,"30182",1
2025,"30182",1
2011,"30183",4.84670583527357
2012,"30183",10.6627528376019
2013,"30183",16.4787998399302
2014,"30183",7.75472933643772
2015,"30183",2
2016,"30183",16
2017,"30183",20
2018,"30183",9
2019,"30183",10
2020,"30183",12
2021,"30183",16
2022,"30183",12
2023,"30183",20
2024,"30183",21
2025,"30183",23
2014,"30184",0.969341167054715
2015,"30184",0
2016,"30184",0
2017,"30184",2
2018,"30184",1
2019,"30184",2
2020,"30184",2
2021,"30184",2
2022,"30184",1
2023,"30184",1
2024,"30184",0
2025,"30184",3
2014,"30185",0.969341167054715
2015,"30185",1
2016,"30185",0
2017,"30185",2
2018,"30185",1
2019,"30185",0
2020,"30185",1
2021,"30185",6
2022,"30185",1
2023,"30185",0
2024,"30185",0
2025,"30185",0
2014,"30186",0.969341167054715
2015,"30186",0
2016,"30186",1
2017,"30186",1
2018,"30186",1
2019,"30186",0
2020,"30186",1
2021,"30186",1
2022,"30186",2
2023,"30186",1
2024,"30186",0
2025,"30186",1
2014,"30187",0
2015,"30187",0
2016,"30187",0
2017,"30187",1
2018,"30187",0
2019,"30187",0
2020,"30187",0
2021,"30187",0
2022,"30187",0
2023,"30187",0
2024,"30187",1
2025,"30187",1
2014,"30188",0.969341167054715
2015,"30188",0
2016,"30188",1
2017,"30188",0
2018,"30188",1
2019,"30188",2
2020,"30188",2
2021,"30188",3
2022,"30188",5
2023,"30188",5
2024,"30188",4
2025,"30188",1
2011,"30189",34.8962820139697
2012,"30189",33.926940846915
2013,"30189",40.712329016298
2014,"30189",23.2641880093132
2015,"30189",29
2016,"30189",33
2017,"30189",64
2018,"30189",55
2019,"30189",34
2020,"30189",39
2021,"30189",41
2022,"30189",35
2023,"30189",36
2024,"30189",46
2025,"30189",57
2014,"30190",2.90802350116414
2015,"30190",0
2016,"30190",2
2017,"30190",0
2018,"30190",0
2019,"30190",0
2020,"30190",0
2021,"30190",0
2022,"30190",0
2023,"30190",1
2024,"30190",1
2025,"30190",2
2014,"30191",1.93868233410943
2015,"30191",2
2016,"30191",2
2017,"30191",2
2018,"30191",0
2019,"30191",5
2020,"30191",10
2021,"30191",5
2022,"30191",3
2023,"30191",6
2024,"30191",7
2025,"30191",1
2014,"30192",0.969341167054715
2015,"30192",3
2016,"30192",2
2017,"30192",10
2018,"30192",2
2019,"30192",7
2020,"30192",5
2021,"30192",9
2022,"30192",9
2023,"30192",5
2024,"30192",4
2025,"30192",4
2011,"30193",179.328115905122
2012,"30193",134.738422220605
2013,"30193",208.408350916764
2014,"30193",86.2713638678696
2015,"30193",71
2016,"30193",118
2017,"30193",215
2018,"30193",237
2019,"30193",198
2020,"30193",133
2021,"30193",134
2022,"30193",151
2023,"30193",120
2024,"30193",154
2025,"30193",166
2014,"30194",0.969341167054715
2015,"30194",1
2016,"30194",2
2017,"30194",0
2018,"30194",1
2019,"30194",3
2020,"30194",3
2021,"30194",4
2022,"30194",1
2023,"30194",2
2024,"30194",5
2025,"30194",7
2014,"30195",0
2015,"30195",0
2016,"30195",2
2017,"30195",0
2018,"30195",0
2019,"30195",0
2020,"30195",0
2021,"30195",2
2022,"30195",0
2023,"30195",0
2024,"30195",1
2025,"30195",1
2014,"30196",3.87736466821886
2015,"30196",0
2016,"30196",14
2017,"30196",15
2018,"30196",13
2019,"30196",11
2020,"30196",13
2021,"30196",7
2022,"30196",11
2023,"30196",10
2024,"30196",17
2025,"30196",17
2014,"30197",3.87736466821886
2015,"30197",0
2016,"30197",1
2017,"30197",2
2018,"30197",1
2019,"30197",3
2020,"30197",6
2021,"30197",5
2022,"30197",2
2023,"30197",1
2024,"30197",1
2025,"30197",3
2014,"30198",0
2015,"30198",2
2016,"30198",0
2017,"30198",0
2018,"30198",1
2019,"30198",1
2020,"30198",3
2021,"30198",1
2022,"30198",1
2023,"30198",2
2024,"30198",0
2025,"30198",0
2014,"30199",0
2015,"30199",0
2016,"30199",0
2017,"30199",0
2018,"30199",1
2019,"30199",2
2020,"30199",0
2021,"30199",2
2022,"30199",2
2023,"30199",0
2024,"30199",0
2025,"30199",1
2014,"30200",1.93868233410943
2015,"30200",0
2016,"30200",1
2017,"30200",3
2018,"30200",1
2019,"30200",5
2020,"30200",4
2021,"30200",2
2022,"30200",1
2023,"30200",3
2024,"30200",0
2025,"30200",3
2011,"30201",5.81604700232829
2012,"30201",5.81604700232829
2013,"30201",6.785388169383
2014,"30201",1.93868233410943
2015,"30201",11
2016,"30201",8
2017,"30201",4
2018,"30201",11
2019,"30201",6
2020,"30201",5
2021,"30201",6
2022,"30201",4
2023,"30201",8
2024,"30201",8
2025,"30201",4
2014,"30202",0
2015,"30202",0
2016,"30202",1
2017,"30202",0
2018,"30202",2
2019,"30202",1
2020,"30202",3
2021,"30202",5
2022,"30202",2
2023,"30202",6
2024,"30202",1
2025,"30202",2
2014,"30203",0
2015,"30203",1
2016,"30203",0
2017,"30203",1
2018,"30203",1
2019,"30203",0
2020,"30203",2
2021,"30203",4
2022,"30203",3
2023,"30203",2
2024,"30203",2
2025,"30203",1
2011,"30204",3.87736466821886
2012,"30204",1.93868233410943
2013,"30204",12.6014351717113
2014,"30204",2.90802350116414
2015,"30204",3
2016,"30204",10
2017,"30204",20
2018,"30204",18
2019,"30204",34
2020,"30204",28
2021,"30204",19
2022,"30204",13
2023,"30204",13
2024,"30204",10
2025,"30204",14
2014,"30205",0
2015,"30205",0
2016,"30205",3
2017,"30205",14
2018,"30205",8
2019,"30205",13
2020,"30205",9
2021,"30205",9
2022,"30205",5
2023,"30205",8
2024,"30205",6
2025,"30205",5
2014,"30206",2.90802350116414
2015,"30206",4
2016,"30206",7
2017,"30206",16
2018,"30206",13
2019,"30206",10
2020,"30206",8
2021,"30206",2
2022,"30206",5
2023,"30206",2
2024,"30206",9
2025,"30206",5
2011,"30207",21.3255056752037
2012,"30207",27.141552677532
2013,"30207",20.356164508149
2014,"30207",15.5094586728754
2015,"30207",14
2016,"30207",19
2017,"30207",20
2018,"30207",11
2019,"30207",14
2020,"30207",12
2021,"30207",16
2022,"30207",22
2023,"30207",7
2024,"30207",15
2025,"30207",13
2014,"30208",0
2015,"30208",2
2016,"30208",10
2017,"30208",12
2018,"30208",6
2019,"30208",5
2020,"30208",7
2021,"30208",2
2022,"30208",5
2023,"30208",4
2024,"30208",3
2025,"30208",3
2014,"30209",0
2015,"30209",1
2016,"30209",2
2017,"30209",0
2018,"30209",7
2019,"30209",4
2020,"30209",1
2021,"30209",2
2022,"30209",2
2023,"30209",0
2024,"30209",2
2025,"30209",0
2014,"30210",0.969341167054715
2015,"30210",0
2016,"30210",3
2017,"30210",13
2018,"30210",9
2019,"30210",9
2020,"30210",6
2021,"30210",8
2022,"30210",7
2023,"30210",9
2024,"30210",5
2025,"30210",5
2014,"30211",0
2015,"30211",0
2016,"30211",0
2017,"30211",0
2018,"30211",3
2019,"30211",16
2020,"30211",9
2021,"30211",13
2022,"30211",14
2023,"30211",10
2024,"30211",10
2025,"30211",14
2014,"30212",1.93868233410943
2015,"30212",1
2016,"30212",2
2017,"30212",5
2018,"30212",4
2019,"30212",1
2020,"30212",3
2021,"30212",2
2022,"30212",4
2023,"30212",6
2024,"30212",3
2025,"30212",3
2014,"30998",0
2015,"30998",0
2016,"30998",0
2017,"30998",0
2018,"30998",0
2019,"30998",1
2020,"30998",1
2021,"30998",2
2022,"30998",0
2023,"30998",0
2024,"30998",0
2025,"30998",0
2014,"30999",0
2015,"30999",0
2016,"30999",0
2017,"30999",0
2018,"30999",2
2019,"30999",3
2020,"30999",4
2021,"30999",1
2022,"30999",5
2023,"30999",4
2024,"30999",3
2025,"30999",0
2014,"31001",0
2015,"31001",0
2016,"31001",1
2017,"31001",0
2018,"31001",0
2019,"31001",0
2020,"31001",1
2021,"31001",0
2022,"31001",0
2023,"31001",0
2024,"31001",0
2025,"31001",0
2014,"31002",0
2015,"31002",0
2016,"31002",0
2017,"31002",0
2018,"31002",1
2019,"31002",1
2020,"31002",0
2021,"31002",0
2022,"31002",0
2023,"31002",1
2024,"31002",2
2025,"31002",1
2014,"31003",0
2015,"31003",0
2016,"31003",0
2017,"31003",1
2018,"31003",0
2019,"31003",0
2020,"31003",1
2021,"31003",0
2022,"31003",0
2023,"31003",0
2024,"31003",0
2025,"31003",0
2014,"31004",0
2015,"31004",0
2016,"31004",1
2017,"31004",1
2018,"31004",0
2019,"31004",0
2020,"31004",0
2021,"31004",1
2022,"31004",0
2023,"31004",3
2024,"31004",1
2025,"31004",1
2014,"31005",0
2015,"31005",0
2016,"31005",0
2017,"31005",0
2018,"31005",0
2019,"31005",0
2020,"31005",0
2021,"31005",0
2022,"31005",0
2023,"31005",0
2024,"31005",0
2025,"31005",1
2014,"31006",0
2015,"31006",0
2016,"31006",0
2017,"31006",0
2018,"31006",0
2019,"31006",0
2020,"31006",0
2021,"31006",1
2022,"31006",0
2023,"31006",0
2024,"31006",1
2025,"31006",0
2014,"31007",0
2015,"31007",0
2016,"31007",0
2017,"31007",1
2018,"31007",0
2019,"31007",0
2020,"31007",0
2021,"31007",0
2022,"31007",0
2023,"31007",0
2024,"31007",0
2025,"31007",0
2014,"31008",0
2015,"31008",0
2016,"31008",0
2017,"31008",0
2018,"31008",0
2019,"31008",0
2020,"31008",1
2021,"31008",0
2022,"31008",0
2023,"31008",1
2024,"31008",0
2025,"31008",0
2014,"31009",0
2015,"31009",0
2016,"31009",0
2017,"31009",1
2018,"31009",0
2019,"31009",0
2020,"31009",0
2021,"31009",0
2022,"31009",0
2023,"31009",1
2024,"31009",0
2025,"31009",0
2014,"31010",0
2015,"31010",0
2016,"31010",0
2017,"31010",0
2018,"31010",0
2019,"31010",0
2020,"31010",0
2021,"31010",0
2022,"31010",0
2023,"31010",0
2024,"31010",0
2025,"31010",0
2014,"31011",0
2015,"31011",0
2016,"31011",0
2017,"31011",1
2018,"31011",0
2019,"31011",0
2020,"31011",0
2021,"31011",0
2022,"31011",2
2023,"31011",0
2024,"31011",0
2025,"31011",0
2014,"31012",0
2015,"31012",0
2016,"31012",0
2017,"31012",0
2018,"31012",0
2019,"31012",0
2020,"31012",0
2021,"31012",1
2022,"31012",0
2023,"31012",0
2024,"31012",0
2025,"31012",0
2014,"31013",0
2015,"31013",0
2016,"31013",0
2017,"31013",0
2018,"31013",0
2019,"31013",0
2020,"31013",0
2021,"31013",1
2022,"31013",0
2023,"31013",0
2024,"31013",0
2025,"31013",0
2014,"31014",0
2015,"31014",0
2016,"31014",0
2017,"31014",0
2018,"31014",0
2019,"31014",0
2020,"31014",0
2021,"31014",0
2022,"31014",0
2023,"31014",0
2024,"31014",0
2025,"31014",0
2014,"31015",0
2015,"31015",0
2016,"31015",0
2017,"31015",0
2018,"31015",0
2019,"31015",0
2020,"31015",0
2021,"31015",0
2022,"31015",0
2023,"31015",0
2024,"31015",0
2025,"31015",0
2014,"31016",0
2015,"31016",0
2016,"31016",0
2017,"31016",0
2018,"31016",0
2019,"31016",0
2020,"31016",0
2021,"31016",0
2022,"31016",0
2023,"31016",0
2024,"31016",0
2025,"31016",0
2014,"31017",0
2015,"31017",0
2016,"31017",0
2017,"31017",1
2018,"31017",0
2019,"31017",0
2020,"31017",0
2021,"31017",0
2022,"31017",0
2023,"31017",0
2024,"31017",0
2025,"31017",0
2014,"31018",0
2015,"31018",0
2016,"31018",0
2017,"31018",1
2018,"31018",0
2019,"31018",0
2020,"31018",0
2021,"31018",0
2022,"31018",0
2023,"31018",0
2024,"31018",0
2025,"31018",0
2014,"31019",0
2015,"31019",0
2016,"31019",0
2017,"31019",2
2018,"31019",0
2019,"31019",0
2020,"31019",0
2021,"31019",2
2022,"31019",2
2023,"31019",3
2024,"31019",3
2025,"31019",0
2014,"31020",0
2015,"31020",0
2016,"31020",1
2017,"31020",0
2018,"31020",0
2019,"31020",1
2020,"31020",1
2021,"31020",0
2022,"31020",0
2023,"31020",0
2024,"31020",0
2025,"31020",0
2014,"31021",0
2015,"31021",0
2016,"31021",0
2017,"31021",0
2018,"31021",0
2019,"31021",0
2020,"31021",0
2021,"31021",0
2022,"31021",0
2023,"31021",1
2024,"31021",0
2025,"31021",0
2014,"31022",0
2015,"31022",0
2016,"31022",0
2017,"31022",0
2018,"31022",0
2019,"31022",0
2020,"31022",0
2021,"31022",0
2022,"31022",1
2023,"31022",0
2024,"31022",0
2025,"31022",0
2014,"31023",0
2015,"31023",0
2016,"31023",0
2017,"31023",0
2018,"31023",0
2019,"31023",0
2020,"31023",0
2021,"31023",0
2022,"31023",0
2023,"31023",0
2024,"31023",0
2025,"31023",0
2014,"31024",0
2015,"31024",0
2016,"31024",0
2017,"31024",0
2018,"31024",0
2019,"31024",0
2020,"31024",0
2021,"31024",0
2022,"31024",0
2023,"31024",0
2024,"31024",0
2025,"31024",0
2014,"31025",0
2015,"31025",0
2016,"31025",0
2017,"31025",0
2018,"31025",0
2019,"31025",1
2020,"31025",0
2021,"31025",0
2022,"31025",0
2023,"31025",0
2024,"31025",0
2025,"31025",1
2014,"31026",0
2015,"31026",0
2016,"31026",0
2017,"31026",0
2018,"31026",0
2019,"31026",0
2020,"31026",0
2021,"31026",0
2022,"31026",0
2023,"31026",1
2024,"31026",0
2025,"31026",0
2014,"31027",0
2015,"31027",0
2016,"31027",0
2017,"31027",0
2018,"31027",0
2019,"31027",0
2020,"31027",0
2021,"31027",0
2022,"31027",1
2023,"31027",0
2024,"31027",0
2025,"31027",0
2014,"31028",0
2015,"31028",0
2016,"31028",3
2017,"31028",0
2018,"31028",1
2019,"31028",0
2020,"31028",0
2021,"31028",0
2022,"31028",0
2023,"31028",0
2024,"31028",0
2025,"31028",0
2014,"31029",0
2015,"31029",0
2016,"31029",1
2017,"31029",0
2018,"31029",0
2019,"31029",0
2020,"31029",0
2021,"31029",0
2022,"31029",0
2023,"31029",2
2024,"31029",0
2025,"31029",0
2014,"31030",0
2015,"31030",0
2016,"31030",0
2017,"31030",0
2018,"31030",0
2019,"31030",0
2020,"31030",1
2021,"31030",0
2022,"31030",0
2023,"31030",0
2024,"31030",0
2025,"31030",0
2014,"31031",0
2015,"31031",0
2016,"31031",0
2017,"31031",0
2018,"31031",0
2019,"31031",0
2020,"31031",0
2021,"31031",0
2022,"31031",0
2023,"31031",0
2024,"31031",0
2025,"31031",0
2014,"31032",0
2015,"31032",0
2016,"31032",0
2017,"31032",0
2018,"31032",1
2019,"31032",0
2020,"31032",0
2021,"31032",0
2022,"31032",1
2023,"31032",0
2024,"31032",0
2025,"31032",1
2014,"31033",0
2015,"31033",0
2016,"31033",1
2017,"31033",0
2018,"31033",1
2019,"31033",1
2020,"31033",2
2021,"31033",0
2022,"31033",0
2023,"31033",2
2024,"31033",0
2025,"31033",0
2014,"31034",0
2015,"31034",0
2016,"31034",0
2017,"31034",0
2018,"31034",0
2019,"31034",0
2020,"31034",0
2021,"31034",1
2022,"31034",0
2023,"31034",0
2024,"31034",0
2025,"31034",0
2014,"31035",0
2015,"31035",0
2016,"31035",1
2017,"31035",0
2018,"31035",0
2019,"31035",0
2020,"31035",1
2021,"31035",0
2022,"31035",0
2023,"31035",0
2024,"31035",0
2025,"31035",1
2014,"31036",0
2015,"31036",0
2016,"31036",0
2017,"31036",0
2018,"31036",0
2019,"31036",0
2020,"31036",0
2021,"31036",0
2022,"31036",0
2023,"31036",0
2024,"31036",0
2025,"31036",0
2014,"31037",0
2015,"31037",0
2016,"31037",0
2017,"31037",0
2018,"31037",0
2019,"31037",0
2020,"31037",1
2021,"31037",0
2022,"31037",0
2023,"31037",0
2024,"31037",0
2025,"31037",0
2011,"31038",5.81604700232829
2012,"31038",0.969341167054715
2013,"31038",1.93868233410943
2014,"31038",1.93868233410943
2015,"31038",1
2016,"31038",1
2017,"31038",1
2018,"31038",0
2019,"31038",4
2020,"31038",5
2021,"31038",4
2022,"31038",6
2023,"31038",4
2024,"31038",2
2025,"31038",3
2014,"31039",0
2015,"31039",0
2016,"31039",0
2017,"31039",0
2018,"31039",0
2019,"31039",0
2020,"31039",0
2021,"31039",0
2022,"31039",0
2023,"31039",0
2024,"31039",0
2025,"31039",1
2011,"31040",6.785388169383
2012,"31040",17.4481410069849
2013,"31040",2.90802350116414
2014,"31040",3.87736466821886
2015,"31040",3
2016,"31040",3
2017,"31040",0
2018,"31040",3
2019,"31040",4
2020,"31040",5
2021,"31040",3
2022,"31040",13
2023,"31040",11
2024,"31040",11
2025,"31040",6
2012,"31041",2.90802350116414
2013,"31041",13.570776338766
2014,"31041",12.6014351717113
2015,"31041",8
2016,"31041",14
2017,"31041",14
2018,"31041",12
2019,"31041",10
2020,"31041",13
2021,"31041",22
2022,"31041",11
2023,"31041",9
2024,"31041",19
2025,"31041",10
2014,"31042",0
2015,"31042",0
2016,"31042",0
2017,"31042",0
2018,"31042",0
2019,"31042",1
2020,"31042",0
2021,"31042",0
2022,"31042",1
2023,"31042",0
2024,"31042",0
2025,"31042",0
2014,"31043",0
2015,"31043",0
2016,"31043",0
2017,"31043",0
2018,"31043",0
2019,"31043",0
2020,"31043",0
2021,"31043",0
2022,"31043",0
2023,"31043",0
2024,"31043",0
2025,"31043",0
2014,"31044",0
2015,"31044",0
2016,"31044",0
2017,"31044",2
2018,"31044",0
2019,"31044",0
2020,"31044",0
2021,"31044",1
2022,"31044",0
2023,"31044",0
2024,"31044",0
2025,"31044",0
2014,"31045",0
2015,"31045",0
2016,"31045",2
2017,"31045",0
2018,"31045",0
2019,"31045",0
2020,"31045",0
2021,"31045",0
2022,"31045",0
2023,"31045",0
2024,"31045",0
2025,"31045",0
2014,"31046",0
2015,"31046",0
2016,"31046",0
2017,"31046",0
2018,"31046",1
2019,"31046",0
2020,"31046",0
2021,"31046",0
2022,"31046",0
2023,"31046",0
2024,"31046",0
2025,"31046",0
2014,"31047",0
2015,"31047",0
2016,"31047",0
2017,"31047",0
2018,"31047",0
2019,"31047",2
2020,"31047",1
2021,"31047",0
2022,"31047",0
2023,"31047",0
2024,"31047",2
2025,"31047",0
2011,"31048",2.90802350116414
2012,"31048",11.6320940046566
2013,"31048",5.81604700232829
2014,"31048",3.87736466821886
2015,"31048",5
2016,"31048",4
2017,"31048",2
2018,"31048",1
2019,"31048",6
2020,"31048",2
2021,"31048",3
2022,"31048",4
2023,"31048",10
2024,"31048",4
2025,"31048",4
2014,"31049",0
2015,"31049",0
2016,"31049",0
2017,"31049",0
2018,"31049",0
2019,"31049",0
2020,"31049",1
2021,"31049",0
2022,"31049",0
2023,"31049",0
2024,"31049",0
2025,"31049",0
2011,"31050",85.3020227008149
2012,"31050",109.535551877183
2013,"31050",59.1298111903376
2014,"31050",43.6203525174622
2015,"31050",42
2016,"31050",33
2017,"31050",26
2018,"31050",35
2019,"31050",49
2020,"31050",66
2021,"31050",109
2022,"31050",66
2023,"31050",43
2024,"31050",78
2025,"31050",126
2014,"31051",0
2015,"31051",0
2016,"31051",0
2017,"31051",0
2018,"31051",0
2019,"31051",0
2020,"31051",0
2021,"31051",1
2022,"31051",0
2023,"31051",0
2024,"31051",0
2025,"31051",0
2011,"31052",8.72407050349243
2012,"31052",13.570776338766
2013,"31052",2.90802350116414
2014,"31052",1.93868233410943
2015,"31052",7
2016,"31052",5
2017,"31052",3
2018,"31052",1
2019,"31052",3
2020,"31052",5
2021,"31052",11
2022,"31052",12
2023,"31052",8
2024,"31052",17
2025,"31052",5
2014,"31053",0
2015,"31053",0
2016,"31053",0
2017,"31053",0
2018,"31053",1
2019,"31053",0
2020,"31053",0
2021,"31053",0
2022,"31053",0
2023,"31053",0
2024,"31053",0
2025,"31053",0
2014,"31054",0
2015,"31054",0
2016,"31054",0
2017,"31054",0
2018,"31054",0
2019,"31054",0
2020,"31054",0
2021,"31054",0
2022,"31054",0
2023,"31054",0
2024,"31054",0
2025,"31054",0
2014,"31055",0
2015,"31055",0
2016,"31055",0
2017,"31055",0
2018,"31055",1
2019,"31055",0
2020,"31055",0
2021,"31055",1
2022,"31055",0
2023,"31055",0
2024,"31055",0
2025,"31055",0
2014,"31056",0
2015,"31056",0
2016,"31056",1
2017,"31056",0
2018,"31056",1
2019,"31056",0
2020,"31056",2
2021,"31056",0
2022,"31056",0
2023,"31056",1
2024,"31056",1
2025,"31056",1
2014,"31057",0
2015,"31057",0
2016,"31057",0
2017,"31057",0
2018,"31057",0
2019,"31057",1
2020,"31057",2
2021,"31057",0
2022,"31057",1
2023,"31057",0
2024,"31057",0
2025,"31057",0
2014,"31058",0
2015,"31058",0
2016,"31058",0
2017,"31058",1
2018,"31058",1
2019,"31058",0
2020,"31058",3
2021,"31058",0
2022,"31058",0
2023,"31058",0
2024,"31058",0
2025,"31058",0
2011,"31059",1.93868233410943
2012,"31059",6.785388169383
2013,"31059",2.90802350116414
2014,"31059",1.93868233410943
2015,"31059",8
2016,"31059",12
2017,"31059",4
2018,"31059",6
2019,"31059",7
2020,"31059",4
2021,"31059",2
2022,"31059",9
2023,"31059",10
2024,"31059",13
2025,"31059",8
2014,"31060",0
2015,"31060",0
2016,"31060",0
2017,"31060",0
2018,"31060",0
2019,"31060",0
2020,"31060",0
2021,"31060",0
2022,"31060",0
2023,"31060",0
2024,"31060",0
2025,"31060",0
2014,"31061",0
2015,"31061",0
2016,"31061",0
2017,"31061",0
2018,"31061",0
2019,"31061",0
2020,"31061",0
2021,"31061",0
2022,"31061",0
2023,"31061",0
2024,"31061",0
2025,"31061",0
2014,"31062",0
2015,"31062",0
2016,"31062",1
2017,"31062",0
2018,"31062",0
2019,"31062",0
2020,"31062",0
2021,"31062",0
2022,"31062",0
2023,"31062",0
2024,"31062",0
2025,"31062",0
2014,"31063",0
2015,"31063",0
2016,"31063",0
2017,"31063",0
2018,"31063",0
2019,"31063",0
2020,"31063",0
2021,"31063",1
2022,"31063",0
2023,"31063",0
2024,"31063",0
2025,"31063",0
2014,"31064",0
2015,"31064",0
2016,"31064",0
2017,"31064",0
2018,"31064",0
2019,"31064",0
2020,"31064",0
2021,"31064",0
2022,"31064",0
2023,"31064",0
2024,"31064",0
2025,"31064",0
2014,"31065",0
2015,"31065",0
2016,"31065",0
2017,"31065",0
2018,"31065",0
2019,"31065",0
2020,"31065",0
2021,"31065",0
2022,"31065",0
2023,"31065",0
2024,"31065",1
2025,"31065",0
2014,"31066",0
2015,"31066",0
2016,"31066",0
2017,"31066",0
2018,"31066",0
2019,"31066",0
2020,"31066",0
2021,"31066",0
2022,"31066",0
2023,"31066",0
2024,"31066",0
2025,"31066",0
2014,"31067",0
2015,"31067",0
2016,"31067",0
2017,"31067",0
2018,"31067",0
2019,"31067",0
2020,"31067",0
2021,"31067",0
2022,"31067",0
2023,"31067",0
2024,"31067",1
2025,"31067",0
2014,"31068",0
2015,"31068",0
2016,"31068",0
2017,"31068",0
2018,"31068",0
2019,"31068",0
2020,"31068",0
2021,"31068",0
2022,"31068",0
2023,"31068",0
2024,"31068",0
2025,"31068",0
2014,"31069",0
2015,"31069",0
2016,"31069",0
2017,"31069",0
2018,"31069",0
2019,"31069",0
2020,"31069",0
2021,"31069",0
2022,"31069",0
2023,"31069",0
2024,"31069",0
2025,"31069",0
2014,"31070",0
2015,"31070",0
2016,"31070",0
2017,"31070",0
2018,"31070",0
2019,"31070",0
2020,"31070",0
2021,"31070",1
2022,"31070",0
2023,"31070",0
2024,"31070",0
2025,"31070",0
2014,"31071",0
2015,"31071",0
2016,"31071",0
2017,"31071",0
2018,"31071",0
2019,"31071",1
2020,"31071",0
2021,"31071",0
2022,"31071",0
2023,"31071",0
2024,"31071",0
2025,"31071",0
2014,"31072",0
2015,"31072",0
2016,"31072",0
2017,"31072",0
2018,"31072",0
2019,"31072",0
2020,"31072",0
2021,"31072",0
2022,"31072",0
2023,"31072",0
2024,"31072",0
2025,"31072",0
2014,"31073",0
2015,"31073",0
2016,"31073",0
2017,"31073",0
2018,"31073",0
2019,"31073",0
2020,"31073",1
2021,"31073",0
2022,"31073",0
2023,"31073",0
2024,"31073",1
2025,"31073",1
2014,"31074",0
2015,"31074",0
2016,"31074",0
2017,"31074",0
2018,"31074",0
2019,"31074",0
2020,"31074",0
2021,"31074",0
2022,"31074",0
2023,"31074",0
2024,"31074",0
2025,"31074",0
2014,"31075",0
2015,"31075",0
2016,"31075",0
2017,"31075",2
2018,"31075",0
2019,"31075",0
2020,"31075",0
2021,"31075",0
2022,"31075",0
2023,"31075",0
2024,"31075",0
2025,"31075",1
2014,"31076",0
2015,"31076",0
2016,"31076",0
2017,"31076",2
2018,"31076",1
2019,"31076",1
2020,"31076",1
2021,"31076",0
2022,"31076",1
2023,"31076",0
2024,"31076",0
2025,"31076",0
2014,"31077",0
2015,"31077",0
2016,"31077",0
2017,"31077",0
2018,"31077",0
2019,"31077",0
2020,"31077",0
2021,"31077",0
2022,"31077",0
2023,"31077",0
2024,"31077",0
2025,"31077",0
2014,"31078",0
2015,"31078",0
2016,"31078",1
2017,"31078",0
2018,"31078",0
2019,"31078",0
2020,"31078",0
2021,"31078",1
2022,"31078",0
2023,"31078",0
2024,"31078",0
2025,"31078",0
2011,"31079",3.87736466821886
2012,"31079",15.5094586728754
2013,"31079",9.69341167054715
2014,"31079",16.4787998399302
2015,"31079",12
2016,"31079",3
2017,"31079",5
2018,"31079",5
2019,"31079",4
2020,"31079",9
2021,"31079",8
2022,"31079",10
2023,"31079",10
2024,"31079",6
2025,"31079",2
2014,"31080",0
2015,"31080",0
2016,"31080",0
2017,"31080",0
2018,"31080",0
2019,"31080",0
2020,"31080",0
2021,"31080",1
2022,"31080",0
2023,"31080",0
2024,"31080",0
2025,"31080",2
2014,"31081",0
2015,"31081",0
2016,"31081",0
2017,"31081",0
2018,"31081",0
2019,"31081",0
2020,"31081",0
2021,"31081",0
2022,"31081",0
2023,"31081",0
2024,"31081",0
2025,"31081",0
2014,"31082",0
2015,"31082",0
2016,"31082",0
2017,"31082",0
2018,"31082",0
2019,"31082",0
2020,"31082",0
2021,"31082",0
2022,"31082",0
2023,"31082",0
2024,"31082",1
2025,"31082",0
2014,"31083",0
2015,"31083",0
2016,"31083",0
2017,"31083",0
2018,"31083",0
2019,"31083",0
2020,"31083",0
2021,"31083",0
2022,"31083",0
2023,"31083",0
2024,"31083",1
2025,"31083",0
2014,"31084",0
2015,"31084",0
2016,"31084",0
2017,"31084",1
2018,"31084",0
2019,"31084",0
2020,"31084",1
2021,"31084",0
2022,"31084",0
2023,"31084",1
2024,"31084",0
2025,"31084",1
2014,"31085",0
2015,"31085",0
2016,"31085",0
2017,"31085",0
2018,"31085",2
2019,"31085",0
2020,"31085",0
2021,"31085",0
2022,"31085",0
2023,"31085",0
2024,"31085",0
2025,"31085",2
2014,"31086",0
2015,"31086",0
2016,"31086",0
2017,"31086",0
2018,"31086",0
2019,"31086",0
2020,"31086",0
2021,"31086",0
2022,"31086",0
2023,"31086",0
2024,"31086",0
2025,"31086",0
2014,"31087",0
2015,"31087",0
2016,"31087",0
2017,"31087",0
2018,"31087",0
2019,"31087",0
2020,"31087",0
2021,"31087",0
2022,"31087",0
2023,"31087",0
2024,"31087",0
2025,"31087",0
2014,"31088",0
2015,"31088",0
2016,"31088",0
2017,"31088",0
2018,"31088",0
2019,"31088",1
2020,"31088",0
2021,"31088",0
2022,"31088",0
2023,"31088",0
2024,"31088",1
2025,"31088",0
2011,"31089",9.69341167054715
2012,"31089",12.6014351717113
2013,"31089",7.75472933643772
2014,"31089",3.87736466821886
2015,"31089",3
2016,"31089",5
2017,"31089",1
2018,"31089",1
2019,"31089",2
2020,"31089",2
2021,"31089",4
2022,"31089",6
2023,"31089",6
2024,"31089",6
2025,"31089",5
2014,"31090",0
2015,"31090",0
2016,"31090",0
2017,"31090",0
2018,"31090",0
2019,"31090",0
2020,"31090",0
2021,"31090",0
2022,"31090",1
2023,"31090",0
2024,"31090",0
2025,"31090",0
2014,"31091",0
2015,"31091",0
2016,"31091",0
2017,"31091",1
2018,"31091",0
2019,"31091",0
2020,"31091",0
2021,"31091",0
2022,"31091",0
2023,"31091",1
2024,"31091",0
2025,"31091",1
2014,"31092",0
2015,"31092",0
2016,"31092",0
2017,"31092",0
2018,"31092",0
2019,"31092",0
2020,"31092",0
2021,"31092",1
2022,"31092",0
2023,"31092",0
2024,"31092",0
2025,"31092",0
2014,"31093",0
2015,"31093",0
2016,"31093",0
2017,"31093",0
2018,"31093",0
2019,"31093",1
2020,"31093",0
2021,"31093",0
2022,"31093",0
2023,"31093",0
2024,"31093",0
2025,"31093",2
2014,"31094",0
2015,"31094",0
2016,"31094",1
2017,"31094",0
2018,"31094",0
2019,"31094",1
2020,"31094",0
2021,"31094",0
2022,"31094",0
2023,"31094",0
2024,"31094",0
2025,"31094",0
2014,"31095",0
2015,"31095",0
2016,"31095",1
2017,"31095",2
2018,"31095",0
2019,"31095",0
2020,"31095",0
2021,"31095",0
2022,"31095",0
2023,"31095",0
2024,"31095",0
2025,"31095",0
2011,"31096",9.69341167054715
2012,"31096",7.75472933643772
2013,"31096",3.87736466821886
2014,"31096",3.87736466821886
2015,"31096",5
2016,"31096",2
2017,"31096",4
2018,"31096",2
2019,"31096",4
2020,"31096",8
2021,"31096",14
2022,"31096",6
2023,"31096",13
2024,"31096",7
2025,"31096",6
2014,"31097",0
2015,"31097",0
2016,"31097",0
2017,"31097",0
2018,"31097",0
2019,"31097",0
2020,"31097",0
2021,"31097",0
2022,"31097",0
2023,"31097",1
2024,"31097",0
2025,"31097",0
2014,"31098",0
2015,"31098",0
2016,"31098",0
2017,"31098",0
2018,"31098",2
2019,"31098",1
2020,"31098",0
2021,"31098",1
2022,"31098",0
2023,"31098",0
2024,"31098",0
2025,"31098",1
2014,"31099",0
2015,"31099",0
2016,"31099",0
2017,"31099",0
2018,"31099",0
2019,"31099",0
2020,"31099",0
2021,"31099",0
2022,"31099",0
2023,"31099",0
2024,"31099",0
2025,"31099",0
2014,"31100",0
2015,"31100",0
2016,"31100",0
2017,"31100",0
2018,"31100",0
2019,"31100",0
2020,"31100",0
2021,"31100",0
2022,"31100",0
2023,"31100",0
2024,"31100",0
2025,"31100",0
2011,"31101",1.93868233410943
2012,"31101",2.90802350116414
2013,"31101",2.90802350116414
2014,"31101",5.81604700232829
2015,"31101",3
2016,"31101",7
2017,"31101",4
2018,"31101",3
2019,"31101",7
2020,"31101",4
2021,"31101",16
2022,"31101",6
2023,"31101",4
2024,"31101",4
2025,"31101",7
2011,"31102",19.3868233410943
2012,"31102",9.69341167054715
2013,"31102",13.570776338766
2014,"31102",0.969341167054715
2015,"31102",7
2016,"31102",5
2017,"31102",1
2018,"31102",5
2019,"31102",17
2020,"31102",9
2021,"31102",19
2022,"31102",35
2023,"31102",16
2024,"31102",16
2025,"31102",10
2014,"31103",0
2015,"31103",0
2016,"31103",0
2017,"31103",0
2018,"31103",0
2019,"31103",0
2020,"31103",0
2021,"31103",0
2022,"31103",0
2023,"31103",0
2024,"31103",0
2025,"31103",0
2014,"31104",0
2015,"31104",0
2016,"31104",0
2017,"31104",0
2018,"31104",0
2019,"31104",1
2020,"31104",0
2021,"31104",0
2022,"31104",3
2023,"31104",2
2024,"31104",0
2025,"31104",0
2014,"31105",0
2015,"31105",0
2016,"31105",0
2017,"31105",0
2018,"31105",0
2019,"31105",1
2020,"31105",0
2021,"31105",0
2022,"31105",0
2023,"31105",0
2024,"31105",2
2025,"31105",0
2014,"31106",0
2015,"31106",0
2016,"31106",0
2017,"31106",0
2018,"31106",0
2019,"31106",0
2020,"31106",0
2021,"31106",0
2022,"31106",0
2023,"31106",0
2024,"31106",0
2025,"31106",0
2014,"32001",0
2015,"32001",0
2016,"32001",3
2017,"32001",1
2018,"32001",0
2019,"32001",3
2020,"32001",1
2021,"32001",2
2022,"32001",2
2023,"32001",0
2024,"32001",3
2025,"32001",4
2014,"32002",0
2015,"32002",0
2016,"32002",0
2017,"32002",0
2018,"32002",1
2019,"32002",0
2020,"32002",3
2021,"32002",2
2022,"32002",0
2023,"32002",2
2024,"32002",0
2025,"32002",1
2014,"32003",0
2015,"32003",0
2016,"32003",1
2017,"32003",2
2018,"32003",1
2019,"32003",0
2020,"32003",1
2021,"32003",0
2022,"32003",3
2023,"32003",0
2024,"32003",1
2025,"32003",0
2014,"32004",0
2015,"32004",1
2016,"32004",0
2017,"32004",1
2018,"32004",1
2019,"32004",0
2020,"32004",0
2021,"32004",3
2022,"32004",2
2023,"32004",3
2024,"32004",2
2025,"32004",1
2011,"32005",7.75472933643772
2012,"32005",8.72407050349243
2013,"32005",0.969341167054715
2014,"32005",35.8656231810244
2015,"32005",16
2016,"32005",41
2017,"32005",29
2018,"32005",36
2019,"32005",49
2020,"32005",64
2021,"32005",64
2022,"32005",98
2023,"32005",48
2024,"32005",18
2025,"32005",14
2014,"32006",0
2015,"32006",1
2016,"32006",0
2017,"32006",3
2018,"32006",2
2019,"32006",2
2020,"32006",5
2021,"32006",3
2022,"32006",4
2023,"32006",1
2024,"32006",3
2025,"32006",1
2011,"32007",5.81604700232829
2012,"32007",17.4481410069849
2013,"32007",4.84670583527357
2014,"32007",3.87736466821886
2015,"32007",4
2016,"32007",6
2017,"32007",7
2018,"32007",6
2019,"32007",2
2020,"32007",4
2021,"32007",10
2022,"32007",7
2023,"32007",6
2024,"32007",3
2025,"32007",11
2014,"32008",0
2015,"32008",4
2016,"32008",5
2017,"32008",1
2018,"32008",12
2019,"32008",16
2020,"32008",10
2021,"32008",12
2022,"32008",10
2023,"32008",15
2024,"32008",20
2025,"32008",13
2014,"32009",0.969341167054715
2015,"32009",1
2016,"32009",3
2017,"32009",1
2018,"32009",3
2019,"32009",4
2020,"32009",0
2021,"32009",3
2022,"32009",1
2023,"32009",3
2024,"32009",4
2025,"32009",1
2011,"32010",18.4174821740396
2012,"32010",42.6510113504075
2013,"32010",66.8845405267753
2014,"32010",50.4057406868452
2015,"32010",99
2016,"32010",144
2017,"32010",180
2018,"32010",181
2019,"32010",129
2020,"32010",264
2021,"32010",486
2022,"32010",297
2023,"32010",220
2024,"32010",132
2025,"32010",82
2014,"32011",0
2015,"32011",2
2016,"32011",1
2017,"32011",0
2018,"32011",0
2019,"32011",0
2020,"32011",0
2021,"32011",2
2022,"32011",3
2023,"32011",4
2024,"32011",0
2025,"32011",1
2014,"32012",0
2015,"32012",4
2016,"32012",5
2017,"32012",2
2018,"32012",4
2019,"32012",1
2020,"32012",1
2021,"32012",2
2022,"32012",7
2023,"32012",4
2024,"32012",2
2025,"32012",2
2014,"32013",0
2015,"32013",2
2016,"32013",5
2017,"32013",9
2018,"32013",3
2019,"32013",6
2020,"32013",18
2021,"32013",27
2022,"32013",19
2023,"32013",11
2024,"32013",4
2025,"32013",5
2014,"32014",0
2015,"32014",1
2016,"32014",0
2017,"32014",0
2018,"32014",1
2019,"32014",8
2020,"32014",8
2021,"32014",2
2022,"32014",7
2023,"32014",5
2024,"32014",7
2025,"32014",4
2014,"32015",0
2015,"32015",1
2016,"32015",0
2017,"32015",0
2018,"32015",0
2019,"32015",0
2020,"32015",0
2021,"32015",2
2022,"32015",0
2023,"32015",1
2024,"32015",2
2025,"32015",3
2014,"32016",0
2015,"32016",8
2016,"32016",8
2017,"32016",7
2018,"32016",10
2019,"32016",16
2020,"32016",13
2021,"32016",9
2022,"32016",6
2023,"32016",13
2024,"32016",8
2025,"32016",7
2014,"32017",6.785388169383
2015,"32017",38
2016,"32017",88
2017,"32017",120
2018,"32017",80
2019,"32017",87
2020,"32017",110
2021,"32017",183
2022,"32017",226
2023,"32017",175
2024,"32017",104
2025,"32017",49
2014,"32018",0
2015,"32018",0
2016,"32018",0
2017,"32018",1
2018,"32018",1
2019,"32018",1
2020,"32018",1
2021,"32018",1
2022,"32018",4
2023,"32018",2
2024,"32018",0
2025,"32018",1
2011,"32019",11.6320940046566
2012,"32019",11.6320940046566
2013,"32019",9.69341167054715
2014,"32019",8.72407050349243
2015,"32019",7
2016,"32019",1
2017,"32019",6
2018,"32019",2
2019,"32019",3
2020,"32019",4
2021,"32019",3
2022,"32019",3
2023,"32019",9
2024,"32019",7
2025,"32019",6
2011,"32020",11.6320940046566
2012,"32020",13.570776338766
2013,"32020",12.6014351717113
2014,"32020",8.72407050349243
2015,"32020",10
2016,"32020",13
2017,"32020",16
2018,"32020",11
2019,"32020",6
2020,"32020",31
2021,"32020",43
2022,"32020",77
2023,"32020",61
2024,"32020",36
2025,"32020",12
2014,"32021",0
2015,"32021",1
2016,"32021",1
2017,"32021",0
2018,"32021",3
2019,"32021",2
2020,"32021",2
2021,"32021",2
2022,"32021",2
2023,"32021",1
2024,"32021",1
2025,"32021",0
2014,"32022",0.969341167054715
2015,"32022",2
2016,"32022",13
2017,"32022",8
2018,"32022",11
2019,"32022",15
2020,"32022",11
2021,"32022",7
2022,"32022",14
2023,"32022",11
2024,"32022",6
2025,"32022",10
2011,"32023",5.81604700232829
2012,"32023",0
2013,"32023",6.785388169383
2014,"32023",5.81604700232829
2015,"32023",1
2016,"32023",2
2017,"32023",0
2018,"32023",3
2019,"32023",5
2020,"32023",1
2021,"32023",4
2022,"32023",0
2023,"32023",3
2024,"32023",2
2025,"32023",3
2011,"32024",5.81604700232829
2012,"32024",7.75472933643772
2013,"32024",0.969341167054715
2014,"32024",3.87736466821886
2015,"32024",10
2016,"32024",5
2017,"32024",5
2018,"32024",24
2019,"32024",18
2020,"32024",17
2021,"32024",15
2022,"32024",36
2023,"32024",26
2024,"32024",16
2025,"32024",14
2014,"32025",0
2015,"32025",3
2016,"32025",4
2017,"32025",7
2018,"32025",4
2019,"32025",7
2020,"32025",6
2021,"32025",5
2022,"32025",10
2023,"32025",7
2024,"32025",11
2025,"32025",17
2014,"32026",0.969341167054715
2015,"32026",1
2016,"32026",7
2017,"32026",2
2018,"32026",6
2019,"32026",3
2020,"32026",3
2021,"32026",17
2022,"32026",7
2023,"32026",12
2024,"32026",13
2025,"32026",9
2014,"32027",0
2015,"32027",0
2016,"32027",1
2017,"32027",1
2018,"32027",0
2019,"32027",0
2020,"32027",0
2021,"32027",1
2022,"32027",1
2023,"32027",1
2024,"32027",0
2025,"32027",0
2014,"32028",0
2015,"32028",0
2016,"32028",0
2017,"32028",0
2018,"32028",0
2019,"32028",1
2020,"32028",0
2021,"32028",1
2022,"32028",0
2023,"32028",0
2024,"32028",0
2025,"32028",2
2011,"32029",6.785388169383
2012,"32029",9.69341167054715
2013,"32029",5.81604700232829
2014,"32029",0.969341167054715
2015,"32029",4
2016,"32029",3
2017,"32029",5
2018,"32029",10
2019,"32029",12
2020,"32029",6
2021,"32029",3
2022,"32029",7
2023,"32029",1
2024,"32029",8
2025,"32029",4
2014,"32030",0
2015,"32030",1
2016,"32030",0
2017,"32030",0
2018,"32030",1
2019,"32030",0
2020,"32030",2
2021,"32030",1
2022,"32030",2
2023,"32030",0
2024,"32030",1
2025,"32030",0
2014,"32031",0.969341167054715
2015,"32031",2
2016,"32031",1
2017,"32031",3
2018,"32031",2
2019,"32031",2
2020,"32031",1
2021,"32031",14
2022,"32031",7
2023,"32031",9
2024,"32031",8
2025,"32031",3
2014,"32032",0.969341167054715
2015,"32032",2
2016,"32032",5
2017,"32032",14
2018,"32032",14
2019,"32032",7
2020,"32032",3
2021,"32032",22
2022,"32032",23
2023,"32032",22
2024,"32032",12
2025,"32032",5
2014,"32033",0
2015,"32033",1
2016,"32033",2
2017,"32033",1
2018,"32033",2
2019,"32033",2
2020,"32033",4
2021,"32033",4
2022,"32033",1
2023,"32033",1
2024,"32033",4
2025,"32033",4
2011,"32034",3.87736466821886
2012,"32034",3.87736466821886
2013,"32034",6.785388169383
2014,"32034",4.84670583527357
2015,"32034",3
2016,"32034",2
2017,"32034",4
2018,"32034",1
2019,"32034",1
2020,"32034",4
2021,"32034",1
2022,"32034",3
2023,"32034",1
2024,"32034",4
2025,"32034",2
2014,"32035",0
2015,"32035",1
2016,"32035",1
2017,"32035",1
2018,"32035",3
2019,"32035",3
2020,"32035",2
2021,"32035",2
2022,"32035",9
2023,"32035",1
2024,"32035",3
2025,"32035",5
2011,"32036",13.570776338766
2012,"32036",26.1722115104773
2013,"32036",11.6320940046566
2014,"32036",15.5094586728754
2015,"32036",12
2016,"32036",22
2017,"32036",13
2018,"32036",29
2019,"32036",28
2020,"32036",26
2021,"32036",33
2022,"32036",29
2023,"32036",36
2024,"32036",21
2025,"32036",10
2014,"32037",0
2015,"32037",2
2016,"32037",12
2017,"32037",11
2018,"32037",6
2019,"32037",16
2020,"32037",13
2021,"32037",14
2022,"32037",10
2023,"32037",7
2024,"32037",11
2025,"32037",5
2011,"32038",20.356164508149
2012,"32038",23.2641880093132
2013,"32038",11.6320940046566
2014,"32038",17.4481410069849
2015,"32038",12
2016,"32038",15
2017,"32038",22
2018,"32038",28
2019,"32038",22
2020,"32038",22
2021,"32038",36
2022,"32038",30
2023,"32038",35
2024,"32038",46
2025,"32038",25
2011,"32039",12.6014351717113
2012,"32039",8.72407050349243
2013,"32039",18.4174821740396
2014,"32039",11.6320940046566
2015,"32039",11
2016,"32039",6
2017,"32039",3
2018,"32039",10
2019,"32039",19
2020,"32039",44
2021,"32039",13
2022,"32039",21
2023,"32039",16
2024,"32039",29
2025,"32039",18
2014,"32040",1.93868233410943
2015,"32040",3
2016,"32040",4
2017,"32040",1
2018,"32040",4
2019,"32040",7
2020,"32040",9
2021,"32040",10
2022,"32040",10
2023,"32040",14
2024,"32040",19
2025,"32040",12
2014,"32041",0
2015,"32041",0
2016,"32041",0
2017,"32041",0
2018,"32041",0
2019,"32041",0
2020,"32041",2
2021,"32041",2
2022,"32041",0
2023,"32041",1
2024,"32041",1
2025,"32041",1
2011,"32042",26.1722115104773
2012,"32042",45.5590348515716
2013,"32042",30.0495761786962
2014,"32042",16.4787998399302
2015,"32042",18
2016,"32042",25
2017,"32042",18
2018,"32042",17
2019,"32042",17
2020,"32042",13
2021,"32042",28
2022,"32042",21
2023,"32042",15
2024,"32042",18
2025,"32042",31
2014,"32043",0
2015,"32043",0
2016,"32043",0
2017,"32043",1
2018,"32043",0
2019,"32043",0
2020,"32043",0
2021,"32043",0
2022,"32043",2
2023,"32043",1
2024,"32043",0
2025,"32043",1
2014,"32044",2.90802350116414
2015,"32044",1
2016,"32044",3
2017,"32044",5
2018,"32044",4
2019,"32044",3
2020,"32044",1
2021,"32044",3
2022,"32044",4
2023,"32044",4
2024,"32044",4
2025,"32044",5
2014,"32045",0
2015,"32045",0
2016,"32045",1
2017,"32045",4
2018,"32045",2
2019,"32045",2
2020,"32045",2
2021,"32045",6
2022,"32045",1
2023,"32045",3
2024,"32045",2
2025,"32045",5
2014,"32046",0
2015,"32046",2
2016,"32046",4
2017,"32046",5
2018,"32046",2
2019,"32046",1
2020,"32046",4
2021,"32046",10
2022,"32046",10
2023,"32046",13
2024,"32046",7
2025,"32046",2
2011,"32047",7.75472933643772
2012,"32047",5.81604700232829
2013,"32047",0.969341167054715
2014,"32047",1.93868233410943
2015,"32047",2
2016,"32047",0
2017,"32047",3
2018,"32047",2
2019,"32047",2
2020,"32047",2
2021,"32047",2
2022,"32047",4
2023,"32047",3
2024,"32047",5
2025,"32047",0
2011,"32048",4.84670583527357
2012,"32048",7.75472933643772
2013,"32048",9.69341167054715
2014,"32048",3.87736466821886
2015,"32048",5
2016,"32048",14
2017,"32048",5
2018,"32048",5
2019,"32048",8
2020,"32048",2
2021,"32048",11
2022,"32048",12
2023,"32048",8
2024,"32048",9
2025,"32048",8
2011,"32049",3.87736466821886
2012,"32049",6.785388169383
2013,"32049",8.72407050349243
2014,"32049",9.69341167054715
2015,"32049",9
2016,"32049",19
2017,"32049",20
2018,"32049",24
2019,"32049",18
2020,"32049",30
2021,"32049",70
2022,"32049",29
2023,"32049",17
2024,"32049",16
2025,"32049",7
2014,"32050",0
2015,"32050",2
2016,"32050",4
2017,"32050",4
2018,"32050",7
2019,"32050",5
2020,"32050",4
2021,"32050",17
2022,"32050",15
2023,"32050",7
2024,"32050",6
2025,"32050",3
2014,"32051",0
2015,"32051",6
2016,"32051",17
2017,"32051",7
2018,"32051",7
2019,"32051",22
2020,"32051",31
2021,"32051",35
2022,"32051",23
2023,"32051",9
2024,"32051",15
2025,"32051",14
2014,"32052",0
2015,"32052",0
2016,"32052",1
2017,"32052",1
2018,"32052",0
2019,"32052",7
2020,"32052",4
2021,"32052",5
2022,"32052",6
2023,"32052",5
2024,"32052",11
2025,"32052",5
2014,"32053",3.87736466821886
2015,"32053",0
2016,"32053",2
2017,"32053",1
2018,"32053",2
2019,"32053",5
2020,"32053",1
2021,"32053",3
2022,"32053",1
2023,"32053",1
2024,"32053",4
2025,"32053",7
2014,"32054",0
2015,"32054",3
2016,"32054",2
2017,"32054",1
2018,"32054",3
2019,"32054",4
2020,"32054",0
2021,"32054",9
2022,"32054",9
2023,"32054",8
2024,"32054",7
2025,"32054",1
2011,"32055",4.84670583527357
2012,"32055",1.93868233410943
2013,"32055",3.87736466821886
2014,"32055",3.87736466821886
2015,"32055",8
2016,"32055",9
2017,"32055",8
2018,"32055",8
2019,"32055",7
2020,"32055",11
2021,"32055",16
2022,"32055",17
2023,"32055",37
2024,"32055",36
2025,"32055",27
2011,"32056",44.5896936845169
2012,"32056",87.2407050349243
2013,"32056",60.0991523573923
2014,"32056",13.570776338766
2015,"32056",26
2016,"32056",70
2017,"32056",96
2018,"32056",84
2019,"32056",54
2020,"32056",95
2021,"32056",177
2022,"32056",188
2023,"32056",107
2024,"32056",73
2025,"32056",28
2014,"32057",2.90802350116414
2015,"32057",3
2016,"32057",8
2017,"32057",21
2018,"32057",17
2019,"32057",8
2020,"32057",3
2021,"32057",8
2022,"32057",18
2023,"32057",21
2024,"32057",5
2025,"32057",8
2014,"32058",0
2015,"32058",1
2016,"32058",0
2017,"32058",3
2018,"32058",0
2019,"32058",0
2020,"32058",1
2021,"32058",1
2022,"32058",2
2023,"32058",4
2024,"32058",2
2025,"32058",2
