cve_mun,ano,n_encuestados,prop_inseguro,n_valido_percepcion,prop_espera_empeorar,n_valido_expectativa,prop_atestiguo_alguno,indice_atestiguo,n_valido_atestiguo,prop_cambio_habito,indice_habito,n_valido_habito
01001,2013,78,0.7948717948717948,78,0.24358974358974358,78,0.8974358974358975,2.2564102564102564,78,0.8589743589743589,1.6025641025641026,78
01001,2014,167,0.7724550898203593,167,0.2694610778443114,167,0.9101796407185628,2.221556886227545,167,0.8263473053892215,1.5748502994011973,167
01001,2015,179,0.7430167597765364,179,0.4022346368715084,179,0.8268156424581006,2.525139664804469,179,0.6256983240223464,1.4413407821229045,179
01001,2016,976,0.5097636176772867,973,0.3138075313807531,956,0.8360655737704918,2.785641025641026,975,0.6721311475409836,1.525231719876416,971
01001,2017,994,0.5674044265593562,994,0.31947261663286003,986,0.8189134808853119,2.706237424547284,994,0.6277665995975855,1.427565392354124,994
01001,2018,992,0.5868686868686869,990,0.2822085889570552,978,0.8306451612903226,2.950554994954591,991,0.6360887096774194,1.455005055611729,989
01001,2019,1013,0.5308764940239044,1004,0.2578046324269889,993,0.788746298124383,2.5326086956521747,1012,0.6219151036525172,1.402571711177052,1011
01001,2020,754,0.5099601593625498,753,0.37032085561497324,748,0.7984084880636605,2.6286472148541105,754,0.6061007957559682,1.3917662682602927,753
01005,2013,8,0.5,8,0.125,8,0.5,1.375,8,0.75,1.375,8
01005,2014,12,0.8333333333333334,12,0.08333333333333333,12,1,2.1666666666666665,12,0.8333333333333334,1.8333333333333333,12
01005,2015,4,0,4,0.25,4,0.75,2.75,4,0,0,4
01005,2016,69,0.5882352941176471,68,0.2923076923076923,65,0.9420289855072463,3.0434782608695654,69,0.7681159420289855,1.6376811594202898,69
01005,2017,72,0.6111111111111112,72,0.3055555555555556,72,0.9444444444444444,3.333333333333333,72,0.5833333333333334,1.5555555555555558,72
01005,2018,69,0.6521739130434783,69,0.30434782608695654,69,0.8695652173913043,3.231884057971014,69,0.5507246376811594,1.2898550724637683,69
01005,2019,74,0.6081081081081081,74,0.28378378378378377,74,0.8243243243243243,2.945945945945946,74,0.5,1.0810810810810811,74
01005,2020,53,0.6037735849056604,53,0.39622641509433965,53,0.9056603773584906,3.4716981132075473,53,0.5660377358490566,1.207547169811321,53
02002,2016,1010,0.6517857142857143,1008,0.32028112449799195,996,0.8495049504950495,2.834653465346535,1010,0.7910891089108911,1.8897715988083417,1007
02002,2017,1035,0.8077294685990338,1035,0.4644595910418695,1027,0.8608695652173913,3.028073572120041,1033,0.6869565217391305,1.640579710144927,1035
02002,2018,1012,0.751730959446093,1011,0.3079268292682927,984,0.8488142292490118,2.9495548961424354,1011,0.7924901185770751,1.9129574678536108,1011
02002,2019,1036,0.6356589147286822,1032,0.1881091617933723,1026,0.8233590733590733,2.952702702702703,1036,0.8108108108108109,2.0357833655705995,1034
02002,2020,783,0.6176470588235294,782,0.24516129032258063,775,0.7905491698595147,2.423273657289003,782,0.7828863346104725,1.865211810012837,779
02004,2013,83,0.5975609756097561,82,0.19753086419753085,81,0.8072289156626506,2.3975903614457836,83,0.7108433734939759,1.2771084337349397,83
02004,2014,168,0.5272727272727272,165,0.25903614457831325,166,0.7261904761904762,1.9047619047619044,168,0.6726190476190477,1.2142857142857142,168
02004,2015,167,0.7005988023952096,167,0.294478527607362,163,0.7365269461077845,2.119760479041916,167,0.7664670658682635,1.4790419161676644,167
02004,2016,1018,0.6344621513944223,1004,0.33707865168539325,979,0.787819253438114,2.716110019646366,1018,0.7642436149312377,1.7706057596822233,1007
02004,2017,1048,0.7636363636363637,1045,0.48579823702252695,1021,0.8864503816793893,3.3199617956064946,1047,0.7595419847328244,1.8932038834951446,1030
02004,2018,1052,0.7695238095238095,1050,0.42248062015503873,1032,0.8906844106463878,3.4638783269961997,1052,0.7870722433460076,2.143135345666991,1027
02004,2019,1049,0.7349857006673022,1049,0.21470019342359767,1034,0.8646329837940896,3.0705433746425164,1049,0.780743565300286,1.9402546523016644,1021
02004,2020,808,0.7955390334572491,807,0.47547169811320755,795,0.905940594059406,3.3230198019801995,808,0.8428217821782178,2.1390644753476624,791
03003,2013,72,0.4166666666666667,72,0.2638888888888889,72,0.8611111111111112,2.5,72,0.6111111111111112,1.2638888888888886,72
03003,2014,142,0.6690140845070423,142,0.3873239436619718,142,0.9366197183098591,2.9154929577464785,142,0.8098591549295775,2.0211267605633805,142
03003,2015,141,0.8156028368794326,141,0.3829787234042553,141,0.9219858156028369,2.978723404255319,141,0.8865248226950354,2.354609929078014,141
03003,2016,1042,0.6926032660902978,1041,0.41375968992248063,1032,0.8406909788867563,2.7840690978886755,1042,0.6890595009596929,1.6599423631123915,1041
03003,2017,1091,0.736455463728191,1089,0.39098436062557496,1087,0.8056828597616865,2.881651376146793,1090,0.7195233730522457,1.8064220183486213,1090
03003,2018,1094,0.6094182825484764,1083,0.1701923076923077,1040,0.7742230347349177,2.3793418647166362,1094,0.6956124314442413,1.7387717690192477,1091
03003,2019,1070,0.5224719101123596,1068,0.14650283553875237,1058,0.8317757009345794,2.429373246024322,1069,0.5990654205607476,1.301125703564728,1066
03003,2020,801,0.3035264483627204,794,0.2519280205655527,778,0.7240948813982522,1.8551810237203505,801,0.46941323345817726,0.9786967418546367,798
03008,2017,772,0.6376623376623377,770,0.40633608815426997,726,0.8044041450777202,2.423376623376623,770,0.6800518134715026,1.6467532467532464,770
03008,2018,1035,0.4363459669582119,1029,0.1623246492985972,998,0.7169082125603865,2.012584704743466,1033,0.5806763285024155,1.3123181377303594,1031
03008,2019,1029,0.36273538156590684,1009,0.13034623217922606,982,0.6588921282798834,1.7463556851311954,1029,0.5422740524781341,1.2529182879377434,1028
03008,2020,770,0.27645502645502645,756,0.1906040268456376,745,0.7363636363636363,1.8636363636363629,770,0.538961038961039,1.2626788036410919,769
04002,2013,67,0.4925373134328358,67,0.2835820895522388,67,0.8059701492537313,2.3134328358208953,67,0.5522388059701493,1.1641791044776117,67
04002,2014,136,0.45588235294117646,136,0.27941176470588236,136,0.7573529411764706,2.1397058823529407,136,0.4632352941176471,0.8308823529411764,136
04002,2015,137,0.43795620437956206,137,0.2647058823529412,136,0.8248175182481752,2.408759124087591,137,0.5912408759124088,1.2335766423357666,137
04002,2016,1043,0.44701348747591524,1038,0.3469785575048733,1026,0.7535953978907,2.2262703739213805,1043,0.6174496644295302,1.3564547206165716,1038
04002,2017,1080,0.500464252553389,1077,0.3857677902621723,1068,0.8111111111111111,2.3231481481481486,1080,0.5166666666666667,1.0731481481481489,1080
04002,2018,1069,0.5070555032925682,1063,0.2967557251908397,1048,0.754911131898971,2.163704396632366,1069,0.529466791393826,1.059044048734771,1067
04002,2019,1075,0.4789915966386555,1071,0.29924242424242425,1056,0.7134883720930233,2,1073,0.5358139534883721,1.1219739292364994,1074
04002,2020,796,0.4379746835443038,790,0.3490445859872611,785,0.664572864321608,1.8476070528967252,794,0.5376884422110553,1.0872313527180786,791
04003,2017,1033,0.8381782945736435,1032,0.41812865497076024,1026,0.8780251694094869,2.977734753146177,1033,0.8334946757018393,2.208333333333333,1032
04003,2018,1015,0.729064039408867,1015,0.2572283150548355,1003,0.8118226600985222,2.569458128078817,1015,0.7881773399014779,2.012820512820514,1014
04003,2019,1046,0.7509615384615385,1040,0.26953125,1024,0.8575525812619503,2.9225621414913947,1046,0.8068833652007649,2.0985645933014365,1045
04003,2020,782,0.7052767052767053,777,0.3114323258869908,761,0.7570332480818415,2.4846547314578005,782,0.7263427109974424,1.7397435897435898,780
05017,2016,39,0.41025641025641024,39,0.3076923076923077,39,0.8205128205128205,1.9487179487179487,39,0.6410256410256411,1.8205128205128207,39
05017,2017,53,0.4807692307692308,52,0.3137254901960784,51,0.8490566037735849,2.358490566037736,53,0.6226415094339622,1.6981132075471699,53
05017,2018,51,0.5882352941176471,51,0.29411764705882354,51,0.7058823529411765,1.7843137254901962,51,0.49019607843137253,0.9411764705882352,51
05017,2019,53,0.5283018867924528,53,0.2641509433962264,53,0.6037735849056604,1.849056603773585,53,0.6981132075471698,1.679245283018868,53
05017,2020,49,0.5306122448979592,49,0.3673469387755102,49,0.7551020408163265,2.163265306122449,49,0.673469387755102,1.3877551020408165,49
05022,2016,10,0.3,10,0.2222222222222222,9,0.5,1.1,10,0.8,1.9,10
05022,2017,34,0.38235294117647056,34,0.11764705882352941,34,0.4411764705882353,1,34,0.47058823529411764,1.3333333333333335,33
05022,2018,34,0.5,34,0.30303030303030304,33,0.5,1.4117647058823528,34,0.20588235294117646,0.588235294117647,34
05022,2019,40,0.65,40,0.375,40,0.575,1.1,40,0.225,0.4000000000000001,40
05022,2020,26,0.4230769230769231,26,0.34615384615384615,26,0.5384615384615384,1.2307692307692308,26,0.46153846153846156,0.846153846153846,26
05025,2016,230,0.4780701754385965,228,0.2374429223744292,219,0.6695652173913044,1.6913043478260865,230,0.7043478260869566,1.6359649122807016,228
05025,2017,1005,0.41691542288557215,1005,0.17330677290836655,1004,0.6079601990049751,1.686567164179105,1005,0.5890547263681593,1.2603015075376882,995
05025,2018,1005,0.5402985074626866,1005,0.3026973026973027,1001,0.6437810945273632,1.8487562189054725,1005,0.5223880597014925,1.1473259334006056,991
05025,2019,1002,0.49201596806387227,1002,0.22954091816367264,1002,0.5788423153692615,1.5419161676646713,1002,0.4181636726546906,0.9269999999999989,1000
05025,2020,758,0.4973614775725594,758,0.26649076517150394,758,0.6081794195250659,1.646437994722956,758,0.4736147757255937,1.0396825396825407,756
05027,2013,9,0.5555555555555556,9,0,9,0.8888888888888888,2.111111111111111,9,0.6666666666666666,2,9
05027,2014,16,0.25,16,0.1875,16,0.75,2.5625,16,0.6875,1.875,16
05027,2015,8,0.25,8,0.25,8,0.625,1.625,8,0.5,1.25,8
05027,2016,91,0.46153846153846156,91,0.07865168539325842,89,0.5934065934065934,1.7362637362637363,91,0.5714285714285714,1.2444444444444445,90
05027,2017,95,0.2,95,0.10526315789473684,95,0.49473684210526314,1.1473684210526316,95,0.3263157894736842,0.568421052631579,95
05027,2018,92,0.20652173913043478,92,0.125,88,0.5978260869565217,1.434782608695652,92,0.40217391304347827,0.7934782608695651,92
05027,2019,93,0.3010752688172043,93,0.14130434782608695,92,0.6344086021505376,1.3763440860215053,93,0.5698924731182796,1.1612903225806452,93
05027,2020,70,0.32857142857142857,70,0.15942028985507245,69,0.4142857142857143,1.2571428571428571,70,0.5571428571428572,1.2857142857142858,70
05030,2013,85,0.6,85,0.16470588235294117,85,0.7294117647058823,2.3058823529411763,85,0.7529411764705882,2.0588235294117645,85
05030,2014,173,0.5260115606936416,173,0.15028901734104047,173,0.7283236994219653,2.341040462427746,173,0.7456647398843931,1.8670520231213876,173
05030,2015,188,0.48404255319148937,188,0.16489361702127658,188,0.7606382978723404,2.287234042553192,188,0.6914893617021277,1.6329787234042554,188
05030,2016,943,0.4596602972399151,942,0.1824973319103522,937,0.6818663838812301,1.7932131495227999,943,0.6553552492046659,1.5557917109458022,941
05030,2017,933,0.41423948220064727,927,0.20636663007683864,911,0.5894962486602358,1.6323687031082532,933,0.5927116827438371,1.3129689174705248,933
05030,2018,932,0.34913793103448276,928,0.12445887445887446,924,0.5847639484978541,1.4833512352309346,931,0.5332618025751072,1.17241379310345,928
05030,2019,932,0.3351235230934479,931,0.1657638136511376,923,0.5740343347639485,1.4313304721030042,932,0.5418454935622318,1.1759656652360522,932
05030,2020,698,0.3022922636103152,698,0.15988372093023256,688,0.5859598853868195,1.60458452722063,698,0.5587392550143266,1.2367288378766144,697
05035,2016,453,0.5641592920353983,452,0.21076233183856502,446,0.7240618101545254,2.0640176600441498,453,0.7726269315673289,1.8824833702882482,451
05035,2017,608,0.5737976782752903,603,0.2440273037542662,586,0.7286184210526315,1.9225700164744646,607,0.5888157894736842,1.2840531561461797,602
05035,2018,618,0.5218800648298217,617,0.18666666666666668,600,0.6796116504854369,1.6418152350081041,617,0.5501618122977346,1.2100977198697065,614
05035,2019,601,0.5225375626043406,599,0.17420435510887772,597,0.653910149750416,1.720465890183028,601,0.6256239600665557,1.3288590604026842,596
05035,2020,451,0.5299334811529933,451,0.17832957110609482,443,0.656319290465632,1.7228381374722834,451,0.614190687361419,1.3037694013303764,451
06002,2013,46,0.6739130434782609,46,0.021739130434782608,46,0.9782608695652174,3,46,0.5869565217391305,0.9130434782608695,46
06002,2014,83,0.5542168674698795,83,0,83,0.9759036144578314,3.240963855421687,83,0.7108433734939759,1.2891566265060241,83
06002,2015,83,0.5783132530120482,83,0.024096385542168676,83,1,3.5180722891566267,83,0.8433734939759037,1.7710843373493976,83
06002,2016,409,0.7677261613691931,409,0.3783783783783784,407,0.8581907090464548,2.589242053789731,409,0.706601466992665,1.6039119804400976,409
06002,2017,367,0.7929155313351499,367,0.37057220708446864,367,0.8065395095367848,2.460490463215259,367,0.6485013623978202,1.6049046321525884,367
06002,2018,273,0.7416974169741697,271,0.26394052044609667,269,0.7912087912087912,2.643382352941176,272,0.7472527472527473,1.8235294117647058,272
06002,2019,314,0.6847133757961783,314,0.255663430420712,309,0.7993630573248408,2.5175718849840254,313,0.6942675159235668,1.5718849840255593,313
06002,2020,249,0.6345381526104418,249,0.37349397590361444,249,0.7309236947791165,2.358870967741935,248,0.6546184738955824,1.6506024096385539,249
06007,2016,809,0.6126237623762376,808,0.36835443037974686,790,0.7737948084054388,2.3535228677379476,809,0.6341161928306551,1.4808405438813363,809
06007,2017,1084,0.7158671586715867,1084,0.4242144177449168,1082,0.7887453874538746,2.3920664206642064,1084,0.6817343173431735,1.6306555863342567,1083
06007,2018,1024,0.705078125,1024,0.2828882294757666,1011,0.73828125,2.1183953033268113,1022,0.708984375,1.773084479371316,1018
06007,2019,1014,0.7357001972386588,1014,0.298,1000,0.7682445759368837,2.2850098619329384,1014,0.6558185404339251,1.5431976166832182,1007
06007,2020,750,0.6684491978609626,748,0.28396739130434784,736,0.7586666666666667,2.270666666666667,750,0.668,1.5759999999999996,750
06010,2013,47,0.8297872340425532,47,0.02127659574468085,47,1,3.234042553191489,47,0.723404255319149,1.319148936170213,47
06010,2014,102,0.5686274509803921,102,0.0392156862745098,102,0.9705882352941176,2.803921568627451,102,0.696078431372549,1.156862745098039,102
06010,2015,101,0.5841584158415841,101,0.019801980198019802,101,0.9702970297029703,2.9405940594059405,101,0.8316831683168316,1.772277227722772,101
06010,2016,646,0.7147286821705426,645,0.3483670295489891,643,0.804953560371517,2.1300309597523213,646,0.7275541795665634,1.5993788819875778,644
06010,2017,681,0.7617647058823529,680,0.40147058823529413,680,0.6872246696035242,1.8985294117647036,680,0.6696035242290749,1.4831130690161523,681
06010,2018,771,0.6597402597402597,770,0.2356020942408377,764,0.7250324254215305,2.0376623376623377,770,0.7380025940337225,1.6740259740259744,770
06010,2019,728,0.6455172413793103,725,0.24896265560165975,723,0.7582417582417582,2.173314993122422,727,0.7362637362637363,1.6648351648351631,728
06010,2020,522,0.6461538461538462,520,0.3552123552123552,518,0.7662835249042146,2.2701149425287355,522,0.7567049808429118,1.7950191570881227,522
07027,2014,10,0.2,10,0.7,10,0.9,2.9,10,0.7,2.2,10
07027,2015,17,0.7647058823529411,17,0.5294117647058824,17,1,4.0588235294117645,17,0.7058823529411765,2.1176470588235294,17
07027,2016,93,0.7956989247311828,93,0.5698924731182796,93,0.9247311827956989,3,93,0.6989247311827957,1.752688172043011,93
07027,2017,92,0.8586956521739131,92,0.449438202247191,89,0.9239130434782609,3.1739130434782608,92,0.8369565217391305,2.010989010989011,91
07027,2018,85,0.6941176470588235,85,0.41975308641975306,81,0.9411764705882353,3.376470588235294,85,0.788235294117647,2.2,85
07027,2019,95,0.6526315789473685,95,0.3191489361702128,94,0.8526315789473684,2.863157894736842,95,0.6421052631578947,1.4421052631578948,95
07027,2020,71,0.5285714285714286,70,0.3582089552238806,67,0.7183098591549296,2.140845070422535,71,0.6901408450704225,1.3943661971830985,71
07089,2016,810,0.7876543209876543,810,0.568944099378882,805,0.8481481481481481,2.8776266996291704,809,0.7555555555555555,1.874534161490682,805
07089,2017,1088,0.8692449355432781,1086,0.5267527675276753,1084,0.8998161764705882,3.18491260349586,1087,0.8262867647058824,1.9705069124423955,1085
07089,2018,1080,0.8870370370370371,1080,0.4011352885525071,1057,0.8851851851851852,3.077777777777775,1080,0.7490740740740741,1.7465051258154707,1073
07089,2019,1085,0.922509225092251,1084,0.4586815227483751,1077,0.8682027649769585,2.856221198156685,1085,0.7465437788018433,1.7527675276752763,1084
07089,2020,797,0.8178391959798995,796,0.40254777070063696,785,0.7816813048933501,2.425879396984924,796,0.5846925972396487,1.4301886792452834,795
07101,2013,79,0.5897435897435898,78,0.37662337662337664,77,0.8354430379746836,2.7721518987341773,79,0.6962025316455697,1.5696202531645571,79
07101,2014,145,0.6344827586206897,145,0.4444444444444444,144,0.9379310344827586,3.1310344827586207,145,0.7793103448275862,1.8827586206896552,145
07101,2015,153,0.673202614379085,153,0.35294117647058826,153,0.8627450980392157,2.7973856209150325,153,0.7647058823529411,1.9281045751633985,153
07101,2016,994,0.7129909365558912,993,0.5426829268292683,984,0.8531187122736419,2.7444668008048287,994,0.7686116700201208,1.7693856998992954,993
07101,2017,983,0.7767584097859327,981,0.5040899795501023,978,0.8463886063072228,2.674465920651068,983,0.8056968463886063,1.9084435401831121,983
07101,2018,974,0.7915811088295688,974,0.3746065057712487,953,0.811088295687885,2.579055441478438,974,0.7546201232032854,2.002057613168724,972
07101,2019,984,0.8258655804480651,982,0.3062692702980473,973,0.8363821138211383,2.6449643947100703,983,0.8434959349593496,2.118006103763987,983
07101,2020,746,0.7786774628879892,741,0.42382271468144045,722,0.7828418230563002,2.4611260053619306,746,0.7479892761394102,1.8183041722745614,743
08019,2013,82,0.48148148148148145,81,0.0625,80,0.8536585365853658,2.3536585365853657,82,0.9024390243902439,2.073170731707317,82
08019,2014,155,0.7597402597402597,154,0.17419354838709677,155,0.9096774193548387,2.7806451612903222,155,0.8387096774193549,1.8322580645161293,155
08019,2015,163,0.7329192546583851,161,0.11728395061728394,162,0.8343558282208589,2.3067484662576683,163,0.9263803680981595,2.122699386503067,163
08019,2016,1041,0.6341698841698842,1036,0.2315270935960591,1015,0.7579250720461095,2.236538461538462,1040,0.712776176753122,1.5891996142719382,1037
08019,2017,1043,0.7353224254090471,1039,0.29138431752178123,1033,0.7564717162032598,2.26679462571977,1042,0.6788111217641419,1.576923076923076,1040
08019,2018,1043,0.7351247600767754,1042,0.249269717624148,1027,0.7334611697027804,2.157238734419942,1043,0.7027804410354745,1.6846153846153853,1040
08019,2019,1062,0.7233238904627006,1059,0.258587786259542,1048,0.7250470809792844,2.114985862393968,1061,0.7382297551789078,1.7856468366383387,1059
08019,2020,775,0.6283870967741936,775,0.29419354838709677,775,0.7032258064516129,2.07225806451613,775,0.6709677419354839,1.50064850843061,771
08037,2016,1057,0.5601895734597157,1055,0.16666666666666666,1056,0.6963103122043519,2.0842005676442774,1057,0.6726584673604541,1.5899621212121193,1056
08037,2017,1059,0.6748582230623819,1058,0.24976348155156103,1057,0.6931067044381491,2.1048158640226635,1059,0.5599622285174694,1.3741690408357055,1053
08037,2018,1053,0.7509505703422054,1052,0.24737344794651384,1047,0.7378917378917379,2.4909781576448244,1053,0.7549857549857549,2.040991420400381,1049
08037,2019,1074,0.7672253258845437,1074,0.3037383177570093,1070,0.7560521415270018,2.311918063314711,1074,0.7541899441340782,1.841565703634668,1073
08037,2020,810,0.754320987654321,810,0.25806451612903225,806,0.7876543209876543,2.4518518518518504,810,0.7086419753086419,1.6765432098765447,810
09002,2013,18,0.9444444444444444,18,0.05555555555555555,18,0.8333333333333334,1.8888888888888888,18,0.5,1.1666666666666667,18
09002,2014,41,0.9024390243902439,41,0.425,40,0.9512195121951219,2.5609756097560976,41,0.3170731707317073,0.4878048780487805,41
09002,2015,51,0.7450980392156863,51,0.17647058823529413,51,0.9607843137254902,2.980392156862745,51,0.6862745098039216,1.2745098039215685,51
09002,2016,203,0.9064039408866995,203,0.41379310344827586,203,0.9852216748768473,4.187192118226601,203,0.8029556650246306,1.783251231527094,203
09002,2017,185,0.9135135135135135,185,0.46703296703296704,182,0.9459459459459459,4,185,0.827027027027027,1.8688524590163926,183
09002,2018,386,0.8134715025906736,386,0.21220159151193635,377,0.93523316062176165,3.8857142857142857,385,0.8860103626943006,2.1766233766233767,385
09002,2019,620,0.7853658536585366,615,0.2894308943089431,615,0.9193548387096774,3.7382875605815835,619,0.8564516129032258,2.138709677419354,620
09002,2020,795,0.7689393939393939,792,0.3359073359073359,777,0.9006289308176101,3.423899371069182,795,0.869182389937107,2.1929382093316527,793
09003,2013,34,0.23529411764705882,34,0.06060606060606061,33,0.4117647058823529,0.823529411764706,34,0.5882352941176471,1,34
09003,2014,66,0.3787878787878788,66,0.07692307692307693,65,0.48484848484848486,1.181818181818182,66,0.8181818181818182,1.4848484848484849,66
09003,2015,54,0.5740740740740741,54,0.24074074074074073,54,0.8518518518518519,2.518518518518518,54,0.7962962962962963,1.4074074074074074,54
09003,2016,352,0.8323863636363636,352,0.4119318181818182,352,0.8721590909090909,3.2045454545454546,352,0.8096590909090909,1.7150997150997154,351
09003,2017,340,0.85,340,0.48823529411764705,340,0.9117647058823529,3.3499999999999996,340,0.75,1.6320474777448077,337
09003,2018,475,0.758985200845666,473,0.2709251101321586,454,0.9157894736842105,3.5675105485232077,474,0.84,1.9661016949152554,472
09003,2019,693,0.7138728323699421,692,0.277037037037037,675,0.9163059163059163,3.207792207792207,693,0.7994227994227994,1.8989898989898992,693
09003,2020,780,0.6230769230769231,780,0.3359173126614987,774,0.8384615384615385,2.817948717948718,780,0.7333333333333333,1.6173800259403375,771
09004,2013,4,0.75,4,0.25,4,0.75,2.5,4,0,0,4
09004,2014,15,0.8666666666666667,15,0.3333333333333333,15,1,3.466666666666667,15,0.7333333333333333,1,15
09004,2015,22,0.5909090909090909,22,0.18181818181818182,22,0.7727272727272727,2.4090909090909087,22,0.7727272727272727,0.9090909090909091,22
09004,2016,53,0.7547169811320755,53,0.41509433962264153,53,0.8679245283018868,3.339622641509434,53,0.8490566037735849,2.0377358490566038,53
09004,2017,45,0.8,45,0.35555555555555557,45,0.7555555555555555,2.5555555555555554,45,0.7111111111111111,1.3333333333333333,45
09004,2018,219,0.6197183098591549,213,0.20192307692307693,208,0.9269406392694064,3.1324200913242017,219,0.7990867579908676,1.8721461187214612,219
09004,2019,544,0.5183823529411765,544,0.19330855018587362,538,0.8713235294117647,2.8858195211786377,543,0.6488970588235294,1.3523985239852407,542
09004,2020,800,0.38113207547169814,795,0.23291139240506328,790,0.78,2.1999999999999993,800,0.5875,1.2443609022556401,798
09005,2013,36,0.9722222222222222,36,0.2222222222222222,36,0.9722222222222222,2.8055555555555554,36,0.75,1.472222222222222,36
09005,2014,80,0.925,80,0.35443037974683544,79,0.9375,2.925,80,0.5625,0.9,80
09005,2015,81,0.8271604938271605,81,0.225,80,0.9753086419753086,3.3703703703703702,81,0.8148148148148148,1.4444444444444444,81
09005,2016,644,0.8835403726708074,644,0.4735202492211838,642,0.8990683229813664,3.8819875776397526,644,0.8726708074534162,2.2003105590062106,644
09005,2017,678,0.9097633136094675,676,0.5103244837758112,678,0.9247787610619469,3.896755162241888,678,0.7728613569321534,1.8400597907324354,669
09005,2018,752,0.9186666666666666,750,0.3424283765347885,733,0.9601063829787234,4.224734042553189,752,0.8856382978723404,2.2603471295060076,749
09005,2019,869,0.8398617511520737,868,0.2827102803738318,856,0.9493670886075949,3.9263521288837735,869,0.8745684695051784,2.209919261822376,867
09005,2020,834,0.7659831121833535,829,0.31701346389228885,817,0.9448441247002398,3.94484412470024,834,0.9052757793764988,2.2328931572629043,833
09006,2013,31,0.7096774193548387,31,0.06451612903225806,31,0.967741935483871,3.3225806451612905,31,0.6451612903225806,1.7741935483870968,31
09006,2014,74,0.6438356164383562,73,0.07042253521126761,71,0.8918918918918919,2.5890410958904106,73,0.7972972972972973,1.8378378378378377,74
09006,2015,42,0.9285714285714286,42,0.3,40,1,3.261904761904762,42,0.8333333333333334,1.880952380952381,42
09006,2016,203,0.8374384236453202,203,0.4039408866995074,203,0.9211822660098522,3.881773399014778,203,0.8177339901477833,1.8669950738916254,203
09006,2017,190,0.9259259259259259,189,0.44680851063829785,188,0.9578947368421052,4.2,190,0.9368421052631579,2.1473684210526316,190
09006,2018,394,0.8622448979591837,392,0.2992125984251969,381,0.9568527918781726,4.370558375634518,394,0.916243654822335,2.404580152671756,393
09006,2019,622,0.8064516129032258,620,0.28594771241830064,612,0.9565916398713826,3.9662379421221865,622,0.8488745980707395,1.9967585089141004,617
09006,2020,801,0.8095238095238095,798,0.31432192648922685,789,0.9300873907615481,3.6529338327091136,801,0.8314606741573034,1.752837326607819,793
09007,2013,64,0.65625,64,0.046875,64,0.9375,2.59375,64,0.5625,1.265625,64
09007,2014,126,0.8015873015873016,126,0.08064516129032258,124,0.9682539682539683,2.9365079365079363,126,0.7857142857142857,1.9444444444444446,126
09007,2015,161,0.8944099378881988,161,0.16981132075471697,159,0.9813664596273292,3.24223602484472,161,0.8198757763975155,1.627329192546584,161
09007,2016,775,0.9248704663212435,772,0.3459037711313394,769,0.9548387096774194,4.040000000000001,775,0.7651612903225806,1.9032258064516128,775
09007,2017,741,0.9094594594594595,740,0.4645776566757493,734,0.9527665317139001,4.276653171390013,741,0.786774628879892,1.875507442489851,739
09007,2018,804,0.9189526184538653,802,0.3358395989974937,798,0.9738805970149254,4.441542288557213,804,0.8855721393034826,2.257462686567163,804
09007,2019,928,0.8693304535637149,926,0.275599128540305,918,0.9525862068965517,4.110991379310344,928,0.8782327586206896,2.2326839826839837,924
09007,2020,818,0.8773006134969326,815,0.32960199004975127,804,0.9352078239608802,3.9290085679314557,817,0.8997555012224939,2.4218942189421897,813
09008,2013,14,0.21428571428571427,14,0,12,0.9285714285714286,2.5,14,0.2857142857142857,0.4285714285714285,14
09008,2014,28,0.7142857142857143,28,0.2857142857142857,28,0.8571428571428571,3.035714285714286,28,0.7857142857142857,1.392857142857143,28
09008,2015,31,0.6774193548387096,31,0.3870967741935484,31,0.9354838709677419,3.6129032258064515,31,0.8387096774193549,1.6451612903225805,31
09008,2016,103,0.7961165048543689,103,0.4563106796116505,103,0.9223300970873787,3.349514563106796,103,0.7669902912621359,1.6116504854368932,103
09008,2017,108,0.8240740740740741,108,0.4537037037037037,108,0.9259259259259259,3.851851851851852,108,0.6574074074074074,1.6296296296296295,108
09008,2018,315,0.8285714285714286,315,0.2558139534883721,301,0.9682539682539683,4.177777777777778,315,0.8603174603174604,2.1639871382636655,311
09008,2019,587,0.7406143344709898,586,0.3535528596187175,577,0.9574105621805792,3.914821124361158,587,0.8398637137989778,2.1808873720136517,586
09008,2020,782,0.7084398976982097,782,0.3906856403622251,773,0.9335038363171355,3.560102301790282,782,0.8222506393861893,2.0448143405889883,781
09009,2015,14,0.2857142857142857,14,0.07142857142857142,14,0.9285714285714286,2,14,0.6428571428571429,0.9285714285714286,14
09009,2016,39,0.8461538461538461,39,0.5384615384615384,39,0.9230769230769231,3.58974358974359,39,0.7948717948717948,2.1794871794871797,39
09009,2017,53,0.8113207547169812,53,0.4716981132075472,53,0.9433962264150944,3.6226415094339623,53,0.6415094339622641,1.3396226415094337,53
09009,2018,296,0.6996587030716723,293,0.3263157894736842,285,0.9493243243243243,3.2871621621621627,296,0.7804054054054054,1.9115646258503405,294
09009,2019,570,0.6362038664323374,569,0.27387387387387385,555,0.9350877192982456,3.1493848857645,569,0.8263157894736842,1.8906525573192237,567
09009,2020,805,0.6053299492385786,788,0.3311772315653299,773,0.8832298136645963,3.0037453183520597,801,0.6919254658385093,1.682957393483709,798
09010,2013,59,0.7966101694915254,59,0.13793103448275862,58,0.9152542372881356,2.8135593220338984,59,0.559322033898305,1.2033898305084747,59
09010,2014,66,0.803030303030303,66,0.21212121212121213,66,0.8333333333333334,2.2727272727272725,66,0.696969696969697,1.1363636363636362,66
09010,2015,62,0.8064516129032258,62,0.2786885245901639,61,0.9354838709677419,3.1612903225806455,62,0.8387096774193549,1.6290322580645162,62
09010,2016,357,0.9019607843137255,357,0.47752808988764045,356,0.8935574229691877,3.859943977591036,357,0.865546218487395,1.977591036414566,357
09010,2017,388,0.8917525773195877,388,0.48195876288659795,388,0.9329896907216495,3.7087628865979383,388,0.8556701030927835,2.010362694300518,386
09010,2018,530,0.8712121212121212,528,0.3690248565965583,523,0.9584905660377359,3.9640831758034025,529,0.8584905660377359,2.0302457466918726,529
09010,2019,703,0.7724039829302988,703,0.2927536231884058,690,0.9331436699857752,3.594594594594593,703,0.7809388335704125,1.8226037195994276,699
09010,2020,802,0.8188679245283019,795,0.3848101265822785,790,0.9463840399002493,3.692883895131085,801,0.8042394014962594,1.7947103274559206,794
09011,2013,7,0.5714285714285714,7,0.42857142857142855,7,0.8571428571428571,2.142857142857143,7,0.42857142857142855,0.5714285714285714,7
09011,2014,28,0.7142857142857143,28,0.21428571428571427,28,0.9285714285714286,2.6428571428571432,28,0.6785714285714286,1.3214285714285716,28
09011,2015,21,0.5238095238095238,21,0.047619047619047616,21,0.8571428571428571,2.0952380952380953,21,0.7142857142857143,1.2857142857142858,21
09011,2016,153,0.8823529411764706,153,0.49019607843137253,153,0.954248366013072,3.7124183006535945,153,0.8431372549019608,2.1503267973856213,153
09011,2017,139,0.9136690647482014,139,0.4852941176470588,136,0.9784172661870504,4.359712230215828,139,0.6762589928057554,1.4964028776978415,139
09011,2018,380,0.8601583113456465,379,0.33783783783783783,370,0.9789473684210527,4.555263157894737,380,0.8868421052631579,2.395225464190982,377
09011,2019,606,0.8347245409015025,599,0.2921535893155259,599,0.9455445544554455,3.762376237623762,606,0.858085808580858,2.286898839137645,603
09011,2020,812,0.7761194029850746,804,0.3132832080200501,798,0.9137931034482759,3.5677339901477816,812,0.8596059113300493,2.27620221948212,811
09012,2013,32,0.1875,32,0.13793103448275862,29,0.71875,1.5,32,0.65625,1.1875,32
09012,2014,86,0.4418604651162791,86,0.09302325581395349,86,0.8372093023255814,1.8837209302325584,86,0.8023255813953488,1.3488372093023255,86
09012,2015,69,0.5797101449275363,69,0.2,65,0.8840579710144928,2.304347826086956,69,0.7391304347826086,1.1884057971014492,69
09012,2016,356,0.9044943820224719,356,0.5746478873239437,355,0.9410112359550562,3.811797752808989,356,0.7387640449438202,1.8876404494382026,356
09012,2017,351,0.9259259259259259,351,0.4444444444444444,351,0.9430199430199431,3.4074074074074074,351,0.8005698005698005,1.6153846153846159,351
09012,2018,515,0.7980582524271844,515,0.24554455445544554,505,0.9514563106796117,3.4893203883495145,515,0.7339805825242719,1.6271844660194168,515
09012,2019,722,0.7994428969359332,718,0.29312762973352036,713,0.9376731301939059,3.7811634349030463,722,0.8282548476454293,2.0236111111111112,720
09012,2020,801,0.7515683814303639,797,0.39923954372623577,789,0.9013732833957553,3.3270676691729313,798,0.8539325842696629,2.190476190476191,798
09013,2013,19,0.3684210526315789,19,0.23529411764705882,17,0.9473684210526315,2.5789473684210527,19,0.47368421052631576,0.894736842105263,19
09013,2014,52,0.5384615384615384,52,0.15384615384615385,52,0.9615384615384616,2.769230769230769,52,0.9038461538461539,1.7692307692307692,52
09013,2015,63,0.7142857142857143,63,0.19672131147540983,61,1,2.7936507936507935,63,0.7936507936507936,1.492063492063492,63
09013,2016,174,0.8275862068965517,174,0.3988439306358382,173,0.9022988505747126,3.2126436781609193,174,0.7701149425287356,1.7873563218390802,174
09013,2017,190,0.8789473684210526,190,0.4497354497354497,189,0.9368421052631579,3.405263157894737,190,0.8052631578947368,1.9210526315789476,190
09013,2018,383,0.8324607329842932,382,0.2978723404255319,376,0.9477806788511749,3.6657963446475206,383,0.8955613577023499,2.189473684210527,380
09013,2019,639,0.8166144200626959,638,0.31160572337042924,629,0.9374021909233177,3.6760563380281694,639,0.8732394366197183,2.1048513302034433,639
09013,2020,809,0.7769516728624535,807,0.3848069738480697,803,0.9122373300370828,3.316440049443759,809,0.8417799752781211,1.975216852540273,807
09014,2013,46,0.3695652173913043,46,0.11363636363636363,44,0.5869565217391305,1.0869565217391304,46,0.717391304347826,1.1521739130434783,46
09014,2014,67,0.3582089552238806,67,0.14925373134328357,67,0.6119402985074627,1.1044776119402986,67,0.8059701492537313,1.373134328358209,67
09014,2015,68,0.20588235294117646,68,0.014705882352941176,68,0.6617647058823529,0.9705882352941175,68,0.6617647058823529,0.9558823529411764,68
09014,2016,224,0.6696428571428571,224,0.2825112107623318,223,0.7901785714285714,1.870535714285714,224,0.6517857142857143,1.294642857142858,224
09014,2017,265,0.8452830188679246,265,0.42045454545454547,264,0.8226415094339623,2.064150943396226,265,0.7811320754716982,1.6226415094339626,265
09014,2018,405,0.7400990099009901,404,0.24875621890547264,402,0.854320987654321,2.3777777777777778,405,0.782716049382716,1.5990099009900995,404
09014,2019,634,0.5499207606973059,631,0.266025641025641,624,0.8186119873817035,2.1451104100946368,634,0.7854889589905363,1.568720379146919,633
09014,2020,762,0.40813648293963256,762,0.3386034255599473,759,0.7454068241469817,1.7003942181340346,761,0.6666666666666666,1.3298291721419189,761
09015,2013,23,0.782608695652174,23,0.13043478260869565,23,0.782608695652174,1.9565217391304346,23,0.5217391304347826,1.2173913043478262,23
09015,2014,53,0.6226415094339622,53,0.24528301886792453,53,0.8490566037735849,2.377358490566037,53,0.5849056603773585,0.9811320754716982,53
09015,2015,65,0.676923076923077,65,0.14285714285714285,63,0.9538461538461539,2.5846153846153848,65,0.9230769230769231,1.7846153846153847,65
09015,2016,307,0.7296416938110749,307,0.5049180327868853,305,0.9413680781758957,3.654723127035831,307,0.8045602605863192,1.856677524429967,307
09015,2017,315,0.8380952380952381,315,0.4507936507936508,315,0.9650793650793651,3.59047619047619,315,0.780952380952381,1.7619047619047616,315
09015,2018,494,0.8073022312373225,493,0.25416666666666665,480,0.8461538461538461,3.3468559837728167,493,0.8502024291497976,2.2657200811359024,493
09015,2019,677,0.8106508875739645,676,0.2414814814814815,675,0.9098966026587888,3.748520710059173,676,0.8641063515509602,2.053412462908012,674
09015,2020,747,0.6604026845637584,745,0.32472826086956524,736,0.8647925033467202,3.1204819277108435,747,0.7871485943775101,1.8042895442359252,746
09016,2013,28,0.75,28,0.21428571428571427,28,0.6785714285714286,1.6428571428571432,28,0.5714285714285714,1.1785714285714286,28
09016,2014,43,0.8372093023255814,43,0.20930232558139536,43,0.9534883720930233,1.930232558139535,43,0.46511627906976744,0.8139534883720929,43
09016,2015,18,0.5555555555555556,18,0.05555555555555555,18,0.6111111111111112,1.4444444444444444,18,0.6666666666666666,1.2777777777777777,18
09016,2016,157,0.6987179487179487,156,0.4423076923076923,156,0.7770700636942676,2.4713375796178343,157,0.6687898089171974,1.4777070063694264,157
09016,2017,164,0.8597560975609756,164,0.35365853658536583,164,0.8048780487804879,2.6219512195121952,164,0.7073170731707317,1.542682926829268,164
09016,2018,308,0.7491749174917491,303,0.3190789473684211,304,0.8961038961038961,3.237012987012986,308,0.8311688311688312,1.724025974025974,308
09016,2019,596,0.7008403361344537,595,0.22773972602739725,584,0.8859060402684564,3.1411764705882357,595,0.7835570469798657,1.8971332209106233,593
09016,2020,760,0.6482213438735178,759,0.2756324900133156,751,0.8473684210526315,2.9288537549407105,759,0.7618421052631579,1.8105960264900665,755
09017,2013,25,0.64,25,0.04,25,0.72,2,25,0.48,1.2,25
09017,2014,45,0.7333333333333333,45,0.2,45,0.8,2.1555555555555554,45,0.8,1.577777777777778,45
09017,2015,44,0.6590909090909091,44,0.12195121951219512,41,0.9545454545454546,2.75,44,0.75,1.3863636363636362,44
09017,2016,244,0.8770491803278688,244,0.3662551440329218,243,0.9549180327868853,4.209016393442623,244,0.8565573770491803,2.094262295081967,244
09017,2017,222,0.9054054054054054,222,0.410958904109589,219,0.9414414414414415,4.1441441441441444,222,0.9009009009009009,2.130630630630631,222
09017,2018,432,0.8352668213457076,431,0.2605633802816901,426,0.9328703703703703,3.990740740740739,432,0.8657407407407407,2.1608391608391613,429
09017,2019,659,0.7027439024390244,656,0.19359756097560976,656,0.9438543247344461,3.6919575113808807,659,0.802731411229135,1.769817073170732,656
09017,2020,786,0.6713375796178344,785,0.2622107969151671,778,0.9300254452926209,3.568702290076336,786,0.7519083969465649,1.665384615384616,780
10005,2013,81,0.6049382716049383,81,0.18518518518518517,81,0.9382716049382716,3.049382716049383,81,0.7160493827160493,1.4938271604938271,81
10005,2014,168,0.6726190476190477,168,0.125,168,0.875,2.886904761904762,168,0.7619047619047619,1.5535714285714284,168
10005,2015,166,0.6566265060240963,166,0.13253012048192772,166,0.8373493975903614,2.626506024096385,166,0.7108433734939759,1.6181818181818184,165
10005,2016,1045,0.45393474088291746,1042,0.12559923298178333,1043,0.7732057416267942,2.3697318007662846,1044,0.6191387559808612,1.4063400576368867,1041
10005,2017,1042,0.4159462055715658,1041,0.172147001934236,1034,0.7946257197696737,2.5585412667946263,1042,0.5748560460652591,1.2543186180422263,1042
10005,2018,993,0.4465725806451613,992,0.18788501026694046,974,0.8318227593152064,2.711983887210474,993,0.6032225579053374,1.3343434343434342,990
10005,2019,1025,0.41268292682926827,1025,0.16151545363908276,1003,0.7804878048780488,2.258536585365854,1025,0.5541463414634147,1.1397849462365588,1023
10005,2020,788,0.4484076433121019,785,0.26957637997432604,779,0.799492385786802,2.416243654822334,788,0.6395939086294417,1.3982188295165396,786
10007,2016,203,0.5221674876847291,203,0.10050251256281408,199,0.6847290640394089,1.945812807881774,203,0.7881773399014779,1.8415841584158419,202
10007,2017,282,0.5160142348754448,281,0.19424460431654678,278,0.6560283687943262,1.726950354609929,282,0.7056737588652482,1.604982206405694,281
10007,2018,275,0.5897435897435898,273,0.13584905660377358,265,0.6836363636363636,1.7236363636363639,275,0.6618181818181819,1.487272727272727,275
10007,2019,294,0.5631399317406144,293,0.14685314685314685,286,0.6462585034013606,1.7891156462585034,294,0.5306122448979592,1.2730375426621157,293
10007,2020,226,0.48672566371681414,226,0.22123893805309736,226,0.6194690265486725,1.761061946902655,226,0.6327433628318584,1.5309734513274336,226
10012,2016,61,0.4918032786885246,61,0.11864406779661017,59,0.7213114754098361,2.0163934426229506,61,0.7377049180327869,1.9836065573770492,61
10012,2017,94,0.3655913978494624,93,0.10869565217391304,92,0.6276595744680851,1.425531914893617,94,0.6276595744680851,1.393617021276596,94
10012,2018,84,0.4880952380952381,84,0.14634146341463414,82,0.6785714285714286,1.6547619047619047,84,0.7261904761904762,1.6746987951807228,83
10012,2019,78,0.3974358974358974,78,0.23076923076923078,78,0.5897435897435898,1.2692307692307692,78,0.46153846153846156,1.0256410256410255,78
10012,2020,58,0.5,58,0.3508771929824561,57,0.6551724137931034,1.5862068965517242,58,0.5689655172413793,1.5517241379310345,58
11015,2017,827,0.5868772782503038,823,0.4563106796116505,824,0.8536880290205562,2.938331318016929,827,0.6989117291414753,1.5781818181818181,825
11015,2018,1103,0.7786885245901639,1098,0.5374653098982424,1081,0.885766092475068,3.136239782016349,1101,0.8204895738893926,2.1619396157365047,1093
11015,2019,1101,0.8056312443233424,1101,0.4547945205479452,1095,0.8928247048138056,3.1598546775658503,1101,0.8265213442325159,2.0966271649954416,1097
11015,2020,838,0.7649164677804295,838,0.4021608643457383,833,0.850835322195704,3.070405727923627,838,0.8031026252983293,1.977135980746089,831
11020,2013,127,0.8346456692913385,127,0.4094488188976378,127,0.9212598425196851,3.8661417322834644,127,0.7795275590551181,1.921259842519685,127
11020,2014,265,0.879245283018868,265,0.4083969465648855,262,0.9471698113207547,4.19622641509434,265,0.8603773584905661,2.388679245283019,265
11020,2015,263,0.8288973384030418,263,0.4749034749034749,259,0.8973384030418251,3.5665399239543722,263,0.8631178707224335,2.3307984790874525,263
11020,2016,960,0.790356394129979,954,0.34309623430962344,956,0.921875,3.615624999999999,960,0.8427083333333333,2.057291666666666,960
11020,2017,966,0.7689119170984456,965,0.4170124481327801,964,0.8881987577639752,3.551295336787566,965,0.8312629399585921,2.2018730489073888,961
11020,2018,977,0.7971311475409836,976,0.38809034907597534,974,0.8761514841351075,3.469805527123848,977,0.8116683725690891,2.112255406797115,971
11020,2019,976,0.8184615384615385,975,0.35221421215242016,971,0.8852459016393442,3.544615384615385,975,0.8288934426229508,2.3100616016427105,974
11020,2020,746,0.839142091152815,746,0.4327956989247312,744,0.8512064343163539,3.336461126005362,746,0.8324396782841823,2.239247311827957,744
11025,2013,4,1,4,0.5,4,1,4.25,4,1,3.75,4
11025,2014,4,0.5,4,0.5,4,1,3.75,4,0.75,1.5,4
11025,2015,4,0.75,4,0.25,4,1,4.25,4,0.75,1.25,4
11025,2016,17,0.5882352941176471,17,0.29411764705882354,17,0.9411764705882353,3.8823529411764706,17,0.9411764705882353,2.3529411764705883,17
11025,2017,18,0.5555555555555556,18,0.2777777777777778,18,0.8888888888888888,3.611111111111111,18,0.9444444444444444,2.611111111111111,18
11025,2018,16,0.75,16,0.5625,16,0.9375,4.25,16,0.9375,2.75,16
11025,2019,18,0.7777777777777778,18,0.5555555555555556,18,0.8888888888888888,3.9444444444444446,18,0.9444444444444444,2.5,18
11025,2020,13,0.8461538461538461,13,0.23076923076923078,13,1,4.230769230769231,13,0.9230769230769231,2.230769230769231,13
11031,2013,10,0.9,10,0.7,10,0.9,4.4,10,0.6,0.7,10
11031,2014,26,0.7307692307692307,26,0.38461538461538464,26,0.9615384615384616,3.6153846153846154,26,0.6923076923076923,1.4615384615384615,26
11031,2015,20,0.7,20,0.5,20,0.95,3.6,20,0.9,2.5,20
11031,2016,95,0.8421052631578947,95,0.46153846153846156,91,0.9052631578947369,3.4526315789473685,95,0.7684210526315789,1.9473684210526314,95
11031,2017,94,0.8191489361702128,94,0.425531914893617,94,0.925531914893617,3.872340425531915,94,0.8829787234042553,2.25531914893617,94
11031,2018,92,0.75,92,0.32222222222222224,90,0.8478260869565217,3.2391304347826084,92,0.7934782608695652,1.9555555555555555,90
11031,2019,89,0.8314606741573034,89,0.42045454545454547,88,0.8651685393258427,3.101123595505618,89,0.797752808988764,1.8876404494382022,89
11031,2020,58,0.8103448275862069,58,0.3620689655172414,58,0.9137931034482759,3.5,58,0.8793103448275862,1.9137931034482758,58
12001,2013,86,0.9651162790697675,86,0.5,86,1,3.55813953488372,86,1,2.9418604651162794,86
12001,2014,176,0.9943181818181818,176,0.4659090909090909,176,0.9886363636363636,3.0113636363636362,176,1,3.3693181818181817,176
12001,2015,181,1,181,0.5359116022099447,181,1,3.585635359116022,181,1,3.458563535911602,181
12001,2016,938,0.8940042826552462,934,0.3519125683060109,915,0.7654584221748401,2.164179104477612,938,0.5447761194029851,1.2516059957173453,934
12001,2017,989,0.8412537917087968,989,0.33299284984678246,979,0.7259858442871587,1.9066937119675456,986,0.3488372093023256,0.7028397565922924,986
12001,2018,900,0.8773690078037905,897,0.22018348623853212,872,0.7388888888888889,1.9933184855233852,898,0.39555555555555555,0.8372352285395732,897
12001,2019,914,0.8574561403508771,912,0.2292849035187287,881,0.7231947483588621,1.9660460021905806,913,0.3927789934354486,0.8405315614617958,903
12001,2020,710,0.7804532577903682,706,0.2869692532942899,683,0.652112676056338,1.7362482369534558,709,0.43661971830985913,0.9457917261055637,701
12029,2016,660,0.9065849923430321,653,0.453416149068323,644,0.8515151515151516,2.5348484848484865,660,0.9106060606060606,2.6666666666666665,657
12029,2017,1018,0.9418145956607495,1014,0.47908366533864544,1004,0.8428290766208252,2.4094488188976384,1016,0.9056974459724951,2.6451932606541138,1009
12029,2018,961,0.9166666666666666,960,0.3192834562697576,949,0.8033298647242456,2.187304890738813,961,0.8033298647242456,2.2599580712788265,954
12029,2019,964,0.8835758835758836,962,0.22842105263157894,950,0.7925311203319502,2.1498439125910505,961,0.7634854771784232,2.192963752665245,938
12029,2020,729,0.835635359116022,724,0.2740112994350282,708,0.8065843621399177,2.1208791208791204,728,0.8148148148148148,2.10562414266118,729
12038,2017,793,0.7967171717171717,792,0.33161953727506427,778,0.7515762925598991,2.1515151515151523,792,0.7906683480453972,2.0810126582278476,790
12038,2018,1050,0.774904214559387,1044,0.2590068159688413,1027,0.7714285714285715,2.1841603053435117,1048,0.7942857142857143,2.019120458891016,1046
12038,2019,1056,0.7668246445497631,1055,0.2808022922636103,1047,0.7642045454545454,2.006628787878787,1056,0.6846590909090909,1.6343779677113002,1053
12038,2020,761,0.7289473684210527,760,0.27434842249657065,729,0.7621550591327201,2.0224570673712035,757,0.7135348226018396,1.7072847682119208,755
13048,2013,66,0.2878787878787879,66,0.16666666666666666,66,0.6060606060606061,1.5303030303030298,66,0.5,0.8615384615384615,65
13048,2014,119,0.36134453781512604,119,0.25210084033613445,119,0.680672268907563,1.6722689075630253,119,0.5210084033613446,0.9411764705882352,119
13048,2015,111,0.21621621621621623,111,0.2882882882882883,111,0.5675675675675675,1.135135135135135,111,0.5315315315315315,1.0090090090090087,111
13048,2016,725,0.5283540802213001,723,0.3352112676056338,710,0.7903448275862069,2.2665745856353583,724,0.6344827586206897,1.398340248962656,723
13048,2017,746,0.6018766756032171,746,0.36707152496626183,741,0.7989276139410187,2.365951742627346,746,0.7573726541554959,1.8592493297587132,746
13048,2018,723,0.6141078838174274,723,0.32918395573997233,723,0.8132780082987552,2.4038727524204706,723,0.7178423236514523,1.6639004149377605,723
13048,2019,716,0.5758426966292135,712,0.26704545454545453,704,0.7388268156424581,2.0293706293706295,715,0.7946927374301676,1.8906030855539966,713
13048,2020,553,0.5680580762250453,551,0.4066543438077634,541,0.7414104882459313,2.128623188405797,552,0.7757685352622061,1.8550724637681157,552
13051,2013,14,0.21428571428571427,14,0.07142857142857142,14,0.6428571428571429,1,14,0.35714285714285715,0.6428571428571429,14
13051,2014,42,0.4523809523809524,42,0.2619047619047619,42,0.7380952380952381,1.2857142857142858,42,0.5714285714285714,0.8809523809523809,42
13051,2015,57,0.19298245614035087,57,0.3157894736842105,57,0.45614035087719296,0.8771929824561403,57,0.5964912280701754,1.0350877192982455,57
13051,2016,287,0.6258741258741258,286,0.31448763250883394,283,0.8292682926829268,2.198606271777004,287,0.735191637630662,1.7867132867132867,286
13051,2017,303,0.652317880794702,302,0.3566666666666667,300,0.8415841584158416,2.33003300330033,303,0.8283828382838284,2.04950495049505,303
13051,2018,305,0.5836065573770491,305,0.28052805280528054,303,0.7672131147540984,2.2262295081967216,305,0.7475409836065574,1.8125,304
13051,2019,311,0.5209003215434084,311,0.21103896103896103,308,0.729903536977492,2.180064308681672,311,0.7877813504823151,1.964516129032258,310
13051,2020,220,0.5045454545454545,220,0.2876712328767123,219,0.7136363636363636,1.9318181818181819,220,0.7454545454545455,1.6164383561643834,219
14039,2013,182,0.6629834254143646,181,0.24848484848484848,165,0.9230769230769231,3.331491712707182,181,0.8241758241758241,1.9010989010989015,182
14039,2014,401,0.6809045226130653,398,0.23255813953488372,344,0.8827930174563591,3.07,400,0.7655860349127181,1.6832917705735664,401
14039,2015,359,0.7146892655367232,354,0.25,312,0.9080779944289693,3.013966480446927,358,0.7966573816155988,1.6256983240223464,358
14039,2016,229,0.6899563318777293,229,0.3656387665198238,227,0.9082969432314411,3.462882096069869,229,0.7641921397379913,1.737991266375546,229
14039,2017,224,0.7589285714285714,224,0.28125,224,0.9017857142857143,3.111607142857143,224,0.49107142857142855,0.8794642857142856,224
14039,2018,790,0.8491761723700887,789,0.3229571984435798,771,0.9126582278481012,3.4873417721518973,790,0.7341772151898734,1.6416772554002548,787
14039,2019,1033,0.8331716779825412,1031,0.2724609375,1024,0.8741529525653436,3.230396902226524,1033,0.7018393030009681,1.7003891050583646,1028
14039,2020,791,0.8354430379746836,790,0.3944020356234097,786,0.8761061946902655,3.037926675094817,791,0.6118836915297092,1.3687580025608193,781
14067,2016,515,0.4171539961013645,513,0.2736220472440945,508,0.8077669902912621,2.658252427184466,515,0.5766990291262136,1.2046783625730992,513
14067,2017,1070,0.29924953095684803,1066,0.22348484848484848,1056,0.7766355140186916,2.1057062675397566,1069,0.4252336448598131,0.827876520112254,1069
14067,2018,1067,0.408622305529522,1067,0.21821631878557876,1054,0.8341143392689785,2.39456419868791,1067,0.48922211808809746,0.9718045112781958,1064
14067,2019,1059,0.4045368620037807,1058,0.1929321872015282,1047,0.8158640226628895,2.2455146364494802,1059,0.42776203966005666,0.9040835707502385,1053
14067,2020,796,0.30303030303030304,792,0.2112676056338028,781,0.7273869346733668,1.845477386934673,796,0.4082914572864322,0.8331210191082804,785
14070,2014,6,0.8333333333333334,6,0.5,6,1,4.833333333333333,6,1,2.8333333333333335,6
14070,2015,6,0.6666666666666666,6,0.3333333333333333,6,1,2.3333333333333335,6,1,2,6
14097,2014,18,0.6666666666666666,18,0.3333333333333333,18,0.9444444444444444,3.4444444444444446,18,0.8888888888888888,2,18
14097,2015,18,0.6666666666666666,18,0.29411764705882354,17,0.9444444444444444,3.5,18,0.7222222222222222,1.8333333333333335,18
14097,2016,33,0.696969696969697,33,0.3333333333333333,33,0.9696969696969697,3.9393939393939394,33,0.9090909090909091,2.0303030303030303,33
14097,2017,29,0.7931034482758621,29,0.41379310344827586,29,0.9310344827586207,3.9655172413793105,29,0.7931034482758621,1.5862068965517242,29
14097,2018,753,0.7746666666666666,750,0.27906976744186046,731,0.9176626826029216,3.632138114209827,753,0.7569721115537849,1.7773333333333332,750
14097,2019,1003,0.7422577422577422,1001,0.27923387096774194,992,0.8863409770687937,3.3639082751744764,1003,0.7058823529411765,1.675,1000
14097,2020,778,0.7030848329048843,778,0.32639791937581275,769,0.8508997429305912,2.9421593830334185,778,0.6863753213367609,1.5263835263835266,777
14098,2013,36,0.8888888888888888,36,0.6111111111111112,36,1,4.25,36,0.9444444444444444,2.611111111111111,36
14098,2014,117,0.8717948717948718,117,0.40869565217391307,115,0.9572649572649573,4.273504273504273,117,0.8632478632478633,2.2735042735042734,117
14098,2015,147,0.7755102040816326,147,0.38461538461538464,143,0.9115646258503401,3.6054421768707483,147,0.7959183673469388,1.9183673469387752,147
14098,2016,231,0.6493506493506493,231,0.27391304347826084,230,0.8917748917748918,3.536796536796537,231,0.7142857142857143,1.7445887445887447,231
14098,2017,229,0.6899563318777293,229,0.2850877192982456,228,0.8733624454148472,3.2401746724890828,229,0.5720524017467249,1.3842794759825328,229
14098,2018,854,0.752927400468384,854,0.2724014336917563,837,0.9215456674473068,3.740046838407494,854,0.6159250585480094,1.4056271981242685,853
14098,2019,1055,0.7590476190476191,1050,0.2548076923076923,1040,0.8777251184834123,3.4529914529914514,1053,0.6900473933649289,1.8287345385347262,1051
14098,2020,789,0.7273885350318471,785,0.31666666666666665,780,0.8859315589353612,3.3227445997458713,787,0.6590621039290241,1.6825192802056563,778
14101,2013,32,0.875,32,0.22580645161290322,31,1,3.25,32,0.84375,1.84375,32
14101,2014,72,0.8333333333333334,72,0.29577464788732394,71,0.9861111111111112,2.0972222222222223,72,0.6666666666666666,1.0277777777777777,72
14101,2015,96,0.9791666666666666,96,0.4583333333333333,96,0.9895833333333334,4.135416666666666,96,0.9583333333333334,2.03125,96
14101,2016,119,0.8067226890756303,119,0.2711864406779661,118,0.9411764705882353,3.5210084033613445,119,0.680672268907563,1.6302521008403363,119
14101,2017,126,0.7619047619047619,126,0.328,125,0.8968253968253969,3.5238095238095237,126,0.7936507936507936,1.8968253968253965,126
14101,2018,807,0.7571251548946716,807,0.2974683544303797,790,0.9008674101610905,3.5130111524163583,807,0.5861214374225526,1.2709113607989997,801
14101,2019,1054,0.813510941960038,1051,0.2887189292543021,1046,0.9146110056925996,3.6197718631178715,1052,0.6660341555977229,1.5399239543726224,1052
14101,2020,784,0.8020434227330779,783,0.31876606683804626,778,0.9170918367346939,3.4349489795918364,784,0.8048469387755102,2.031928480204342,783
14120,2013,183,0.6502732240437158,183,0.26256983240223464,179,0.8688524590163934,3.1693989071038247,183,0.7978142076502732,1.8087431693989071,183
14120,2014,281,0.6654804270462633,281,0.3942652329749104,279,0.8683274021352313,3.04270462633452,281,0.8113879003558719,1.7793594306049823,281
14120,2015,282,0.7021276595744681,282,0.2903225806451613,279,0.8368794326241135,3.0212765957446814,282,0.7553191489361702,1.7021276595744679,282
14120,2016,418,0.645933014354067,418,0.25240384615384615,416,0.8301435406698564,2.674641148325359,418,0.6650717703349283,1.4760765550239237,418
14120,2017,432,0.6380510440835266,431,0.2400932400932401,429,0.8217592592592593,2.494199535962877,431,0.5347222222222222,1.135198135198135,429
14120,2018,884,0.6761041902604756,883,0.21634062140391255,869,0.8427601809954751,2.7870894677236695,883,0.6493212669683258,1.391353811149034,879
14120,2019,1033,0.6757281553398058,1030,0.2583170254403131,1022,0.818973862536302,2.719264278799612,1033,0.6718296224588577,1.547480620155037,1032
14120,2020,767,0.5958279009126467,767,0.3214756258234519,759,0.7926988265971316,2.491525423728814,767,0.5919165580182529,1.3084967320261447,765
15002,2015,12,0.5833333333333334,12,0.16666666666666666,12,0.75,3.3333333333333335,12,0.6666666666666666,2,12
15005,2015,8,1,8,1,8,1,6,8,1,4,8
15005,2016,19,1,19,0.7368421052631579,19,1,3.8421052631578947,19,0.9473684210526315,2.8947368421052633,19
15005,2017,20,1,20,0.4,20,1,4.1,20,1,2.75,20
15005,2018,20,0.95,20,0.2,20,0.9,4,20,1,3.2,20
15005,2019,20,0.7,20,0.15,20,0.9,2.45,20,0.65,1.35,20
15005,2020,13,1,13,0.5384615384615384,13,0.9230769230769231,2.6923076923076925,13,0.7692307692307693,1.923076923076923,13
15013,2013,12,0.5833333333333334,12,0.08333333333333333,12,0.9166666666666666,2.8333333333333335,12,0.9166666666666666,2.5833333333333335,12
15013,2014,47,0.7659574468085106,47,0.23404255319148937,47,0.9361702127659575,2.9574468085106385,47,0.9148936170212766,2.297872340425532,47
15013,2015,31,0.7741935483870968,31,0.3225806451612903,31,0.967741935483871,3.9032258064516134,31,0.967741935483871,2.6451612903225805,31
15013,2019,776,0.7816537467700259,774,0.3373333333333333,750,0.9110824742268041,3.471649484536082,776,0.8865979381443299,2.0892626131953436,773
15013,2020,787,0.736235595390525,781,0.3465982028241335,779,0.8691232528589581,2.9415501905972046,787,0.8602287166454892,2.0076628352490418,783
15020,2013,11,0.5454545454545454,11,0,11,0.8181818181818182,1.7272727272727273,11,0.8181818181818182,1.5454545454545454,11
15020,2014,12,0.75,12,0.08333333333333333,12,1,3.416666666666667,12,0.9166666666666666,1.9166666666666665,12
15020,2015,11,0.9090909090909091,11,0.18181818181818182,11,1,5.090909090909091,11,0.9090909090909091,3.1818181818181817,11
15024,2013,12,0.75,12,0,12,1,2.5,12,0.9166666666666666,2,12
15024,2014,2,1,2,0.5,2,1,2,2,1,4,2
15024,2015,1,0,1,0,1,1,2,1,1,2,1
15024,2019,241,0.7219917012448133,241,0.29707112970711297,239,0.950207468879668,3.5186721991701244,241,0.8796680497925311,2.186721991701245,241
15025,2013,7,1,7,0.7142857142857143,7,1,5.857142857142857,7,1,3.5714285714285716,7
15025,2014,4,1,4,0,4,1,2,4,1,2.5,4
15025,2015,19,0.7368421052631579,19,0.5789473684210527,19,0.9473684210526315,4.947368421052632,19,1,3.6842105263157894,19
15028,2015,3,0.6666666666666666,3,0.3333333333333333,3,1,5.333333333333333,3,1,5,3
15029,2014,7,0.42857142857142855,7,0.42857142857142855,7,1,3.857142857142857,7,1,2.142857142857143,7
15029,2015,10,0.9,10,0.2,10,0.9,3.8,10,1,2.6,10
15030,2015,4,1,4,0,4,1,4,4,0.25,0.75,4
15031,2013,12,0.75,12,0.3333333333333333,12,1,4.166666666666667,12,0.75,2.75,12
15031,2014,20,1,20,0.55,20,1,5.3,20,1,3.15,20
15031,2015,30,0.9333333333333333,30,0.4827586206896552,29,1,5.066666666666666,30,1,2.6333333333333333,30
15031,2019,808,0.7920792079207921,808,0.29559748427672955,795,0.931930693069307,3.8428217821782167,808,0.7599009900990099,2.0223880597014925,804
15031,2020,810,0.7821782178217822,808,0.4094881398252185,801,0.9395061728395062,3.8456790123456788,810,0.8037037037037037,2.0362500000000003,800
15033,2013,45,0.9555555555555556,45,0.6444444444444445,45,0.9777777777777777,5.511111111111111,45,0.9777777777777777,3.2888888888888888,45
15033,2014,74,0.9864864864864865,74,0.8108108108108109,74,1,5.851351351351352,74,1,3.77027027027027,74
15033,2015,113,0.9823008849557522,113,0.7964601769911505,113,0.9823008849557522,5.477876106194691,113,0.9911504424778761,3.486725663716814,113
15033,2016,521,0.9478764478764479,518,0.5235294117647059,510,0.9712092130518234,4.460652591170824,521,0.9289827255278311,2.7422480620155025,516
15033,2017,1085,0.9262672811059908,1085,0.4454713493530499,1082,0.9649769585253456,4.072811059907833,1085,0.904147465437788,2.3625461254612548,1084
15033,2018,1058,0.94234404536862,1058,0.3038461538461538,1040,0.9810964083175804,4.308128544423441,1058,0.9272211720226843,2.5464015151515147,1056
15033,2019,1082,0.9324074074074075,1080,0.3161833489242282,1069,0.966728280961183,4.279112754158964,1082,0.866913123844732,2.332099907493062,1081
15033,2020,791,0.9261146496815287,785,0.44015444015444016,777,0.9304677623261695,3.6434892541087236,791,0.8685208596713021,2.281368821292776,789
15037,2013,4,1,4,0.5,4,0.25,0.75,4,0.75,1.5,4
15037,2014,6,0.5,6,0,6,0.5,0.5,6,0.6666666666666666,1,6
15037,2015,4,0.5,4,0,4,1,3,4,1,1.75,4
15039,2013,3,1,3,1,3,1,5.333333333333333,3,1,3,3
15039,2014,6,0.8333333333333334,6,0.6666666666666666,6,1,4.166666666666667,6,0.8333333333333334,2.3333333333333335,6
15039,2015,16,0.9375,16,0.625,16,1,5.625,16,1,3.5625,16
15051,2013,4,1,4,1,4,1,5,4,1,4,4
15051,2014,4,1,4,0.5,4,1,5.5,4,1,4,4
15051,2016,33,0.5454545454545454,33,0.125,32,0.7878787878787878,2.242424242424242,33,0.9393939393939394,2.6363636363636362,33
15051,2017,34,0.5,34,0.20588235294117646,34,0.8235294117647058,2.588235294117647,34,0.8529411764705882,2.4411764705882355,34
15051,2018,33,0.696969696969697,33,0.15151515151515152,33,0.9393939393939394,3.393939393939394,33,0.9090909090909091,2.4545454545454546,33
15051,2019,39,0.7435897435897436,39,0.15384615384615385,39,0.9743589743589743,3.256410256410257,39,1,2.4871794871794872,39
15051,2020,26,0.9230769230769231,26,0.34615384615384615,26,0.8461538461538461,2.1538461538461537,26,0.8846153846153846,2.0384615384615383,26
15054,2013,20,1,20,0.95,20,1,5.2,20,1,3.4,20
15054,2014,34,0.9705882352941176,34,0.8529411764705882,34,1,5.705882352941177,34,1,3.6470588235294117,34
15054,2015,22,1,22,0.8181818181818182,22,1,4.909090909090909,22,1,3.5,22
15054,2016,140,0.6785714285714286,140,0.3142857142857143,140,0.8357142857142857,2.6285714285714286,140,0.8357142857142857,1.9785714285714286,140
15054,2017,131,0.7099236641221374,131,0.3053435114503817,131,0.816793893129771,2.2213740458015265,131,0.9007633587786259,2.541984732824427,131
15054,2018,146,0.8082191780821918,146,0.32867132867132864,143,0.8698630136986302,2.4246575342465753,146,0.958904109589041,2.5205479452054798,146
15054,2019,140,0.7785714285714286,140,0.2857142857142857,140,0.8714285714285714,2.4642857142857144,140,0.9285714285714286,2.2571428571428576,140
15054,2020,120,0.825,120,0.4666666666666667,120,0.925,3.075,120,0.9166666666666666,2.175,120
15057,2013,16,1,16,0.4375,16,1,4.375,16,1,2.875,16
15057,2014,39,0.7948717948717948,39,0.4358974358974359,39,0.9487179487179487,4.076923076923077,39,0.8974358974358975,2.3846153846153846,39
15057,2015,39,0.8461538461538461,39,0.48717948717948717,39,0.9487179487179487,4.153846153846154,39,0.9487179487179487,2.4358974358974357,39
15057,2018,238,0.8632478632478633,234,0.3288888888888889,225,0.9411764705882353,4.1344537815126055,238,0.865546218487395,2.4159663865546217,238
15057,2019,1067,0.9022556390977443,1064,0.31261950286806883,1046,0.9250234301780693,3.588180112570357,1066,0.8641049671977507,2.454976303317535,1055
15057,2020,795,0.8843710292249047,787,0.39715394566623546,773,0.9081761006289308,3.493702770780856,794,0.9006289308176101,2.3926767676767673,792
15058,2013,13,1,13,0.46153846153846156,13,1,5.769230769230769,13,1,3.230769230769231,13
15058,2014,53,0.9622641509433962,53,0.6792452830188679,53,1,5.69811320754717,53,0.9811320754716981,3.2452830188679247,53
15058,2015,72,0.7083333333333334,72,0.4027777777777778,72,0.9861111111111112,4.069444444444445,72,0.9722222222222222,2.291666666666667,72
15058,2016,522,0.8199233716475096,522,0.41392649903288203,517,0.9501915708812261,3.846743295019158,522,0.8946360153256705,2.1833976833976836,518
15058,2017,1121,0.779874213836478,1113,0.29443447037701975,1114,0.935771632471008,3.1516503122212307,1121,0.8073148974130241,1.920179372197309,1115
15058,2018,1068,0.820923656927427,1061,0.19486692015209126,1052,0.9428838951310862,3.689493433395873,1066,0.7659176029962547,1.9250936329588015,1068
15058,2019,1069,0.7678571428571429,1064,0.20849056603773586,1060,0.9279700654817586,3.2996254681647943,1068,0.7521047708138447,1.8933582787652001,1069
15058,2020,802,0.71698113207547165,795,0.2889733840304182,789,0.9239401496259352,3.135910224438903,802,0.7019950124688279,1.6675000000000004,800
15060,2013,3,0.6666666666666666,3,0.3333333333333333,3,1,5.333333333333333,3,1,3.3333333333333335,3
15060,2014,8,0.75,8,0.375,8,1,4.25,8,0.875,2.5,8
15070,2013,8,0.875,8,0.625,8,1,4.75,8,0.875,2,8
15070,2014,19,0.8947368421052632,19,0.5263157894736842,19,1,5.157894736842105,19,0.9473684210526315,2.736842105263158,19
15070,2015,28,0.9642857142857143,28,0.5,28,0.9642857142857143,5.107142857142857,28,0.9642857142857143,2.75,28
15076,2013,4,1,4,0.25,4,1,5,4,1,2.75,4
15076,2014,3,1,3,0.6666666666666666,3,1,4.333333333333333,3,1,3.3333333333333335,3
15076,2015,4,1,4,1,4,1,6,4,1,4,4
15076,2016,87,0.7701149425287356,87,0.2261904761904762,84,0.896551724137931,3.1494252873563218,87,0.8620689655172413,2.333333333333333,87
15076,2017,97,0.631578947368421,95,0.3402061855670103,97,0.865979381443299,2.824742268041237,97,0.845360824742268,2.40625,96
15076,2018,91,0.7362637362637363,91,0.2857142857142857,91,0.9340659340659341,3.2527472527472527,91,0.8461538461538461,2.2527472527472527,91
15076,2019,93,0.7741935483870968,93,0.3655913978494624,93,0.9139784946236559,3.3655913978494625,93,0.8817204301075269,2.3870967741935485,93
15076,2020,73,0.7671232876712328,73,0.4657534246575342,73,0.9452054794520548,3,73,0.9178082191780822,2.2777777777777777,72
15081,2013,3,1,3,0.6666666666666666,3,1,3,3,1,3.6666666666666665,3
15081,2014,16,0.9375,16,0.5625,16,1,5.25,16,1,3.8125,16
15081,2015,25,1,25,0.56,25,1,5.6,25,1,3.52,25
15091,2013,4,1,4,0.5,4,1,4,4,1,2.25,4
15092,2014,4,0.75,4,0.75,4,0.75,3,4,0.75,1.75,4
15092,2015,4,0.75,4,0,4,0.75,3.25,4,0.75,1.25,4
15099,2013,7,0.7142857142857143,7,0.42857142857142855,7,1,3.857142857142857,7,1,3,7
15099,2014,10,0.7,10,0.1,10,0.9,3.6,10,0.5,1,10
15099,2015,4,0.75,4,0,4,1,3.5,4,1,2.5,4
15104,2013,24,0.625,24,0.2916666666666667,24,0.875,2.4166666666666665,24,0.9166666666666666,2.5833333333333335,24
15104,2014,38,0.7894736842105263,38,0.3157894736842105,38,0.9736842105263158,4,38,0.8947368421052632,2.0526315789473686,38
15104,2015,18,1,18,0.2777777777777778,18,1,5.166666666666667,18,1,3.3333333333333335,18
15104,2018,249,0.9020408163265307,245,0.19004524886877827,221,0.9236947791164659,3.959677419354838,248,0.8755020080321285,2.349397590361446,249
15104,2019,1059,0.8801141769743102,1051,0.22683397683397682,1036,0.9452313503305004,4.035882908404159,1059,0.8734655335221907,2.3327032136105865,1058
15104,2020,804,0.843236409608091,791,0.32904884318766064,778,0.9104477611940298,3.5491905354919067,803,0.7898009950248757,2.0847029077117565,791
15106,2013,53,1,53,0.8490566037735849,53,0.9622641509433962,4.811320754716981,53,1,3.358490566037736,53
15106,2014,123,1,123,0.8699186991869918,123,0.983739837398374,5.532786885245901,122,1,3.4959349593495936,123
15106,2015,127,1,127,0.9133858267716536,127,0.968503937007874,5.456692913385827,127,0.9921259842519685,3.5826771653543306,127
15106,2016,643,0.8242612752721618,643,0.3911671924290221,634,0.9300155520995335,3.3017107309486784,643,0.9160186625194401,2.4096573208722742,642
15106,2017,663,0.8472012102874432,661,0.42419601837672283,653,0.9155354449472096,3.31523378582202,663,0.9125188536953243,2.580693815987934,663
15106,2018,649,0.8412942989214176,649,0.32919254658385094,644,0.901386748844376,3.158705701078583,649,0.9152542372881356,2.4576271186440675,649
15106,2019,632,0.8670886075949367,632,0.267515923566879,628,0.8971518987341772,3.131329113924051,632,0.9272151898734177,2.373417721518988,632
15106,2020,471,0.8492569002123143,471,0.430406852248394,467,0.8768577494692145,2.9617834394904454,471,0.8641188959660298,2.153846153846154,468
15108,2015,3,1,3,0.3333333333333333,3,1,3.6666666666666665,3,1,2.6666666666666665,3
15109,2013,6,1,6,0.16666666666666666,6,1,3.3333333333333335,6,1,2.5,6
15109,2014,34,1,34,0.5294117647058824,34,1,4.205882352941177,34,0.9705882352941176,2.8823529411764706,34
15109,2015,31,0.9032258064516129,31,0.5483870967741935,31,0.967741935483871,5.064516129032258,31,1,2.4838709677419355,31
15118,2014,4,1,4,0.5,4,1,5.25,4,1,3.25,4
15118,2015,12,1,12,0.9166666666666666,12,1,5.583333333333333,12,1,3.75,12
15118,2016,125,0.808,125,0.472,125,0.904,3.3920000000000003,125,0.872,2.379032258064516,124
15118,2017,123,0.9105691056910569,123,0.37398373983739835,123,0.9105691056910569,3.3170731707317076,123,0.943089430894309,2.8780487804878048,123
15118,2018,127,0.8503937007874016,127,0.3888888888888889,126,0.937007874015748,3.2913385826771657,127,0.9448818897637795,2.637795275590551,127
15118,2019,131,0.9007633587786259,131,0.2900763358778626,131,0.8625954198473282,2.793893129770992,131,0.9083969465648855,2.3206106870229006,131
15118,2020,88,0.9431818181818182,88,0.6590909090909091,88,0.9204545454545454,3.0568181818181817,88,0.875,2.6136363636363638,88
15121,2013,9,0.8888888888888888,9,0,9,1,3.111111111111111,9,0.8888888888888888,2.4444444444444446,9
15121,2014,12,0.8333333333333334,12,0.25,12,1,2.75,12,0.9166666666666666,2.25,12
15121,2015,19,0.9473684210526315,19,0.42105263157894735,19,0.9473684210526315,3.9473684210526314,19,0.9473684210526315,2,19
15121,2019,513,0.8538011695906432,513,0.26666666666666666,510,0.935672514619883,3.4697855750487334,513,0.8128654970760234,2.0116959064327484,513
15121,2020,777,0.8229974160206718,774,0.33984375,768,0.9227799227799228,3.2689832689832685,777,0.803088803088803,1.9742599742599725,777
15122,2013,16,1,16,0.4375,16,1,5.5625,16,1,3.4375,16
15122,2014,26,1,26,0.46153846153846156,26,0.9615384615384616,5.230769230769231,26,0.9230769230769231,2.307692307692308,26
15122,2015,19,1,19,0.5263157894736842,19,1,4.578947368421052,19,0.8421052631578947,1.9473684210526316,19
16052,2016,244,0.8065843621399177,243,0.4385245901639344,244,0.8852459016393442,2.9629629629629632,243,0.8032786885245902,1.9958847736625516,243
16052,2017,1020,0.7843137254901961,1020,0.3667649950835792,1017,0.8686274509803922,2.747058823529411,1020,0.6254901960784314,1.500982318271119,1018
16052,2018,984,0.7650050864699899,983,0.23559670781893005,972,0.8648373983739838,2.611788617886179,984,0.46747967479674796,0.9918699186991867,984
16052,2019,1054,0.6993339676498572,1051,0.20608439646712462,1019,0.849146110056926,2.342504743833017,1054,0.49335863377609107,1.063567362428843,1054
16052,2020,792,0.6151832460732984,764,0.2578444747612551,733,0.7916666666666666,2.030341340075853,791,0.5429292929292929,1.1479140328697863,791
16053,2013,82,0.8888888888888888,81,0.5487804878048781,82,0.9390243902439024,3.158536585365854,82,0.8414634146341463,1.7195121951219512,82
16053,2014,165,0.8242424242424242,165,0.36363636363636365,165,0.8666666666666667,3.2121212121212124,165,0.8,1.8727272727272726,165
16053,2015,151,0.7880794701986755,151,0.2980132450331126,151,0.8874172185430463,3.3509933774834435,151,0.8543046357615894,2.013245033112583,151
16053,2016,1010,0.7522299306243806,1009,0.32696177062374243,994,0.8554455445544554,2.839603960396039,1010,0.593069306930693,1.204386839481555,1003
16053,2017,1042,0.753609239653513,1039,0.33692458374143,1021,0.8243761996161229,2.7557692307692303,1040,0.753358925143954,1.767598842815815,1037
16053,2018,1049,0.7311004784688995,1045,0.2796116504854369,1030,0.8455672068636797,2.86354961832061,1048,0.7340324118207817,1.7471374045801533,1048
16053,2019,1020,0.7864173228346457,1016,0.3726273726273726,1001,0.8558823529411764,2.7040314650934114,1017,0.5970588235294118,1.3018682399213377,1017
16053,2020,781,0.7644787644787645,777,0.40052015604681407,769,0.8245838668373879,2.6923076923076916,780,0.7759282970550576,1.8610038610038606,777
16088,2015,12,0.9166666666666666,12,0.5833333333333334,12,0.9166666666666666,3.5833333333333335,12,0.9166666666666666,2.3333333333333335,12
16102,2016,776,0.7971576227390181,774,0.4238845144356955,762,0.884020618556701,3.170322580645161,775,0.7628865979381443,1.9754838709677411,775
16102,2017,1055,0.8566001899335233,1053,0.5014464802314368,1037,0.8805687203791469,3.211374407582939,1055,0.7914691943127962,2.065776930409914,1049
16102,2018,1044,0.8480769230769231,1040,0.36738703339882123,1018,0.8553639846743295,2.890699904122722,1043,0.5603448275862069,1.3333333333333353,1044
16102,2019,1053,0.892175572519084,1048,0.43859649122807015,1026,0.9021842355175689,3.112274024738344,1051,0.6970560303893637,1.590693257359923,1053
16102,2020,787,0.8703939008894537,787,0.42362002567394097,779,0.8640406607369758,2.714104193138501,787,0.6645489199491741,1.5069885641677248,787
17007,2013,39,0.9743589743589743,39,0.23076923076923078,39,0.9487179487179487,3.4871794871794872,39,0.8461538461538461,2.256410256410257,39
17007,2014,94,0.9893617021276596,94,0.4148936170212766,94,0.8936170212765957,3.234042553191489,94,0.7978723404255319,2.063829787234043,94
17007,2015,64,0.921875,64,0.421875,64,0.890625,3.046875,64,0.859375,2.1875,64
17007,2016,411,0.8288508557457213,409,0.4166666666666667,396,0.8661800486618005,2.9975669099756685,411,0.8807785888077859,2.2689486552567235,409
17007,2017,398,0.8866498740554156,397,0.4030612244897959,392,0.8592964824120602,2.9974811083123427,397,0.6959798994974874,1.6005025125628154,398
17007,2018,386,0.8489583333333334,384,0.327027027027027,370,0.8160621761658031,2.6805194805194805,385,0.4430051813471503,1,386
17007,2019,427,0.8849765258215962,426,0.4473684210526316,418,0.882903981264637,2.976525821596244,426,0.6627634660421545,1.5187793427230034,426
17007,2020,318,0.8836477987421384,318,0.5080906148867314,309,0.8773584905660378,3.0660377358490565,318,0.7484276729559748,1.8566878980891734,314
17008,2013,5,1,5,0.4,5,0.8,2.6,5,1,2.8,5
17008,2014,9,1,9,0.4444444444444444,9,1,4.555555555555555,9,0.7777777777777778,2.4444444444444446,9
17008,2015,19,1,19,0.47368421052631576,19,0.8421052631578947,4.052631578947368,19,0.8947368421052632,2.105263157894737,19
17008,2016,142,0.8581560283687943,141,0.36428571428571427,140,0.8873239436619719,3.204225352112676,142,0.8802816901408451,2.4255319148936167,141
17008,2017,166,0.6727272727272727,165,0.31097560975609756,164,0.9397590361445783,3.150602409638554,166,0.7168674698795181,1.7349397590361444,166
17008,2018,141,0.7785714285714286,140,0.4676258992805755,139,0.9219858156028369,3.2928571428571427,140,0.475177304964539,1.1276595744680864,141
17008,2019,151,0.8145695364238411,151,0.5266666666666666,150,0.9403973509933775,3.4569536423841054,151,0.6556291390728477,1.4569536423841056,151
17008,2020,93,0.8478260869565217,92,0.4946236559139785,93,0.8602150537634409,3.096774193548387,93,0.6451612903225806,1.5376344086021505,93
17011,2013,7,1,7,0.2857142857142857,7,1,5,7,0.7142857142857143,1.5714285714285714,7
17011,2014,31,0.8709677419354839,31,0.45161290322580644,31,0.9354838709677419,3.5161290322580645,31,0.8387096774193549,2.2903225806451615,31
17011,2015,48,0.9583333333333334,48,0.4166666666666667,48,0.8958333333333334,3.6666666666666665,48,0.875,2.104166666666667,48
17011,2016,306,0.7425742574257426,303,0.34782608695652173,299,0.9052287581699346,3.42156862745098,306,0.8300653594771242,2.0491803278688527,305
17011,2017,300,0.7878787878787878,297,0.2905405405405405,296,0.9233333333333333,3.31,300,0.7966666666666666,2.0436241610738257,298
17011,2018,277,0.83032490974729245,277,0.2757352941176471,272,0.8989169675090253,3.1949458483754514,277,0.740072202166065,1.7463768115942027,276
17011,2019,285,0.8421052631578947,285,0.3237410071942446,278,0.8912280701754386,3.112280701754386,285,0.7263157894736842,1.8456140350877188,285
17011,2020,221,0.8636363636363636,220,0.35454545454545455,220,0.918552036199095,3.131221719457014,221,0.7104072398190046,1.8235294117647067,221
17018,2013,11,1,11,0.45454545454545453,11,1,4.545454545454546,11,0.9090909090909091,2.4545454545454546,11
17018,2014,26,1,26,0.6153846153846154,26,1,4.576923076923077,26,0.9230769230769231,2.8461538461538463,26
17018,2015,40,0.925,40,0.5,40,0.975,4.475,40,0.875,2.225,40
17018,2016,81,0.7530864197530864,81,0.358974358974359,78,0.9506172839506173,2.9012345679012346,81,0.9012345679012346,2.3625,80
17018,2017,91,0.7692307692307693,91,0.39325842696629215,89,0.8901098901098901,3.032967032967033,91,0.7582417582417582,1.9662921348314606,89
17018,2018,123,0.8278688524590164,122,0.4583333333333333,120,0.8780487804878049,3.3360655737704916,122,0.42276422764227645,1.1967213114754112,122
17018,2019,107,0.8691588785046729,107,0.411214953271028,107,0.8785046728971962,3.6542056074766354,107,0.7009345794392523,1.6698113207547167,106
17018,2020,102,0.7843137254901961,102,0.43137254901960786,102,0.8823529411764706,3.4901960784313726,102,0.5392156862745098,1.455445544554455,101
17028,2013,3,0.6666666666666666,3,0.3333333333333333,3,1,4,3,0.6666666666666666,1,3
17028,2014,4,1,4,0.75,4,1,4.25,4,1,2,4
17028,2015,2,1,2,0.5,2,0.5,0.5,2,1,3,2
17028,2016,36,0.8888888888888888,36,0.3235294117647059,34,0.8611111111111112,2.5,36,0.8333333333333334,1.9444444444444444,36
17028,2017,35,0.6,35,0.3235294117647059,34,0.7428571428571429,2.057142857142857,35,0.6857142857142857,1.457142857142857,35
17028,2018,27,0.8888888888888888,27,0.37037037037037035,27,0.9629629629629629,2.814814814814815,27,0.5185185185185185,1.1111111111111114,27
17028,2019,20,0.85,20,0.25,20,0.8,3,20,0.65,1.55,20
17028,2020,12,0.4166666666666667,12,0.3333333333333333,12,0.5,1.1666666666666665,12,0.3333333333333333,0.75,12
17029,2017,10,0.6,10,0.3,10,1,3.8000000000000003,10,0.7,1.6,10
17029,2018,38,0.6842105263157895,38,0.15789473684210525,38,0.7631578947368421,3.026315789473684,38,0.6578947368421053,1.7105263157894737,38
17029,2019,33,0.7272727272727273,33,0.15151515151515152,33,0.8484848484848485,3.393939393939394,33,0.7575757575757576,2.03030303030303,33
17029,2020,28,0.8214285714285714,28,0.25,28,0.8571428571428571,2.857142857142857,28,0.8214285714285714,2,28
18008,2015,12,0.3333333333333333,12,0.25,12,0.6666666666666666,1.5833333333333335,12,0.25,0.41666666666666663,12
18008,2016,105,0.3619047619047619,105,0.17307692307692307,104,0.7619047619047619,2.0952380952380953,105,0.5142857142857142,1.019047619047619,105
18008,2017,109,0.49074074074074076,108,0.34579439252336447,107,0.7247706422018348,2.192660550458716,109,0.5412844036697247,1.3669724770642204,109
18008,2018,104,0.6730769230769231,104,0.34951456310679613,103,0.8076923076923077,2.682692307692308,104,0.6057692307692307,1.5,104
18008,2019,110,0.37272727272727274,110,0.13636363636363635,110,0.7,1.909090909090909,110,0.6909090909090909,1.6636363636363636,110
18008,2020,82,0.3333333333333333,81,0.0975609756097561,82,0.7682926829268293,2.0609756097560976,82,0.6341463414634146,1.3170731707317074,82
18017,2013,85,0.39285714285714285,84,0.2619047619047619,84,0.7529411764705882,1.880952380952381,84,0.5058823529411764,1,85
18017,2014,171,0.3742690058479532,171,0.17751479289940827,169,0.6842105263157895,1.672514619883041,171,0.3742690058479532,0.6588235294117648,170
18017,2015,162,0.30864197530864196,162,0.19753086419753085,162,0.7037037037037037,1.7962962962962965,162,0.30864197530864196,0.5308641975308642,162
18017,2016,975,0.34397528321318227,971,0.20754716981132076,954,0.7333333333333333,1.9107692307692308,975,0.4369230769230769,0.9220512820512822,975
18017,2017,1015,0.6669950738916256,1015,0.28542510121457487,988,0.7359605911330049,2.290640394088671,1015,0.5714285714285714,1.350444225074038,1013
18017,2018,1022,0.7318982387475538,1022,0.2015810276679842,1012,0.7954990215264188,2.48238747553816,1022,0.6252446183953033,1.5112634671890302,1021
18017,2019,1019,0.5187007874015748,1016,0.142433234421365,1011,0.7055937193326791,1.9234543670264965,1019,0.6300294406280668,1.4985279685966644,1019
18017,2020,750,0.44919786096256686,748,0.22972972972972974,740,0.6786666666666666,1.8264352469959944,749,0.604,1.365333333333334,750
19006,2013,24,0.5,24,0.25,24,0.75,2.083333333333333,24,0.5416666666666666,1.3333333333333335,24
19006,2014,64,0.59375,64,0.09375,64,0.875,2.8125,64,0.765625,2.203125,64
19006,2015,93,0.5591397849462365,93,0.15217391304347827,92,0.7419354838709677,2.333333333333333,93,0.7634408602150538,1.8817204301075265,93
19006,2016,132,0.7938931297709924,131,0.3230769230769231,130,0.8787878787878788,2.6515151515151514,132,0.7954545454545454,1.9015151515151516,132
19006,2017,114,0.8596491228070176,114,0.21238938053097345,113,0.8859649122807017,2.8157894736842106,114,0.7456140350877193,1.7982456140350875,114
19006,2018,804,0.621859296482412,796,0.17774936061381075,782,0.8296019900497512,2.8084577114427867,804,0.7611940298507462,1.8778054862842903,802
19006,2019,1068,0.569811320754717,1060,0.14231136580706782,1047,0.7453183520599251,2.282771535580526,1068,0.700374531835206,1.6494360902255627,1064
19006,2020,795,0.48860759493670886,790,0.13104325699745548,786,0.7081761006289308,1.9056603773584904,795,0.6314465408805031,1.4842370744010092,793
19018,2015,14,0.35714285714285715,14,0.07142857142857142,14,0.5714285714285714,2.0714285714285716,14,0.42857142857142855,1,14
19018,2016,19,0.3684210526315789,19,0.15789473684210525,19,0.9473684210526315,2.473684210526316,19,0.6842105263157895,1.4210526315789473,19
19018,2017,15,0.4,15,0.26666666666666666,15,0.4666666666666667,0.8666666666666667,15,0.5333333333333333,1.0666666666666667,15
19018,2018,4,0.5,4,0.25,4,0.5,1.75,4,0.5,1.25,4
19019,2013,12,0.16666666666666666,12,0,12,0.8333333333333334,1.9166666666666665,12,0.9166666666666666,1.8333333333333335,12
19019,2014,41,0.1951219512195122,41,0.024390243902439025,41,0.6341463414634146,1.3170731707317072,41,0.8048780487804879,1.6341463414634148,41
19019,2015,23,0.4782608695652174,23,0,23,0.6956521739130435,1.5217391304347827,23,0.782608695652174,1.5217391304347825,23
19019,2016,28,0.48148148148148145,27,0.5185185185185185,27,0.5357142857142857,0.9642857142857142,28,0.7142857142857143,1.4285714285714286,28
19019,2017,20,0.8,20,0.5,20,0.65,1.4,20,0.5,1.1,20
19019,2018,594,0.26475548060708265,593,0.15845070422535212,568,0.5925925925925926,1.3653198653198648,594,0.43434343434343436,0.784511784511784,594
19019,2019,924,0.235038084874864,919,0.10442678774120318,881,0.4707792207792208,1.0303030303030298,924,0.5497835497835498,1.1026200873362444,916
19019,2020,711,0.1589310829817159,711,0.16642958748221906,703,0.43037974683544306,0.8929577464788733,710,0.5232067510548524,1.032857142857143,700
19021,2013,46,0.43478260869565216,46,0.06666666666666667,45,0.6086956521739131,1.7391304347826089,46,0.6956521739130435,1.8695652173913042,46
19021,2014,86,0.4186046511627907,86,0.06976744186046512,86,0.7906976744186046,2.6511627906976747,86,0.7325581395348837,1.7558139534883719,86
19021,2015,89,0.4090909090909091,88,0.0898876404494382,89,0.7640449438202247,2.2921348314606744,89,0.6853932584269663,1.2696629213483148,89
19021,2016,115,0.5652173913043478,115,0.2608695652173913,115,0.8347826086956521,2.252173913043478,115,0.7130434782608696,1.5043478260869565,115
19021,2017,106,0.5188679245283019,106,0.16981132075471697,106,0.6698113207547169,1.707547169811321,106,0.71698113207547165,1.650943396226415,106
19021,2018,814,0.49257425742574257,808,0.20737913486005088,786,0.7997542997542998,2.3894348894348902,814,0.6044226044226044,1.3660933660933658,814
19021,2019,1036,0.5014492753623189,1035,0.1874386653581943,1019,0.7741312741312741,2.143822393822393,1036,0.6457528957528957,1.5895450145208134,1033
19021,2020,778,0.45241199478487615,767,0.15505913272010513,761,0.7442159383033419,2.1353092783505154,776,0.6118251928020566,1.4243208279430792,773
19026,2013,93,0.43010752688172044,93,0.17204301075268819,93,0.6129032258064516,1.580645161290322,93,0.6666666666666666,1.3440860215053765,93
19026,2014,161,0.6086956521739131,161,0.09316770186335403,161,0.7577639751552795,2.2111801242236027,161,0.7701863354037267,1.8633540372670807,161
19026,2015,159,0.4840764331210191,157,0.13924050632911392,158,0.7547169811320755,2.056603773584906,159,0.6289308176100629,1.4025157232704402,159
19026,2016,144,0.6805555555555556,144,0.19858156028368795,141,0.75,2.2569444444444446,144,0.7152777777777778,1.6180555555555556,144
19026,2017,155,0.7612903225806451,155,0.23225806451612904,155,0.8129032258064516,2.490322580645161,155,0.7677419354838709,1.7857142857142854,154
19026,2018,803,0.6077694235588973,798,0.19948186528497408,772,0.8231631382316313,2.4757160647571608,803,0.6874221668742216,1.5987500000000003,800
19026,2019,1050,0.5514285714285714,1050,0.1361457334611697,1043,0.7123809523809523,1.7971428571428558,1050,0.42857142857142855,0.9157894736842096,1045
19026,2020,799,0.4893350062735257,797,0.19546027742749053,793,0.6733416770963705,1.7246558197747188,799,0.5544430538172715,1.3152585119798241,793
19031,2013,4,0.5,4,0.25,4,0.75,2.5,4,0.25,0.25,4
19031,2014,33,0.7878787878787878,33,0.030303030303030304,33,0.9090909090909091,3,33,0.8787878787878788,2.212121212121212,33
19031,2015,56,0.6785714285714286,56,0.14285714285714285,56,0.8035714285714286,2.5714285714285716,56,0.625,1.5535714285714284,56
19031,2016,68,0.7058823529411765,68,0.38235294117647056,68,0.8970588235294118,2.8235294117647056,68,0.7205882352941176,1.7941176470588236,68
19031,2017,55,0.9272727272727272,55,0.43636363636363634,55,0.9272727272727272,3.709090909090909,55,0.8181818181818182,2.2727272727272725,55
19031,2018,10,0.7,10,0.5,10,1,3.9,10,0.9,2.1,10
19039,2013,141,0.6928571428571428,140,0.11347517730496454,141,0.6950354609929078,2.049645390070922,141,0.7801418439716312,1.7375886524822692,141
19039,2014,286,0.6456140350877193,285,0.14084507042253522,284,0.8426573426573427,2.7272727272727275,286,0.8356643356643356,2.010489510489511,286
19039,2015,264,0.6439393939393939,264,0.13688212927756654,263,0.8106060606060606,2.742424242424242,264,0.6742424242424242,1.4962121212121207,264
19039,2016,207,0.7053140096618358,207,0.3415841584158416,202,0.8502415458937198,2.7246376811594204,207,0.7584541062801933,1.8019323671497585,207
19039,2017,171,0.8128654970760234,171,0.4152046783625731,171,0.8421052631578947,2.6725146198830414,171,0.7719298245614035,2.0292397660818713,171
19039,2018,722,0.7910863509749304,718,0.25738396624472576,711,0.7991689750692521,2.594182825484764,722,0.7493074792243767,1.8080667593880377,719
19039,2019,973,0.7518022657054583,971,0.30535152151101785,953,0.7687564234326825,2.2168550873586854,973,0.7307297019527236,1.6374871266735314,971
19039,2020,765,0.7088274044795784,759,0.3100671140939597,745,0.7725490196078432,2.312418300653595,765,0.742483660130719,1.8239159001314063,761
19045,2013,6,0.8333333333333334,6,0.16666666666666666,6,0.8333333333333334,2.1666666666666665,6,0.5,0.6666666666666667,6
19045,2014,8,0.5,8,0,8,1,3.875,8,0.125,0.125,8
19046,2013,58,0.3448275862068966,58,0.08620689655172414,58,0.6724137931034483,1.5517241379310345,58,0.6896551724137931,1.5517241379310345,58
19046,2014,137,0.48905109489051096,137,0.051094890510948905,137,0.6788321167883211,1.897810218978103,137,0.8321167883211679,1.7445255474452555,137
19046,2015,125,0.328,125,0.032,125,0.6,1.296,125,0.76,1.52,125
19046,2016,156,0.7124183006535948,153,0.32666666666666666,150,0.7884615384615384,2.153846153846154,156,0.6025641025641025,1.3717948717948716,156
19046,2017,145,0.7034482758620689,145,0.2827586206896552,145,0.8137931034482758,2.2551724137931037,145,0.6482758620689655,1.5310344827586206,145
19046,2018,749,0.41192411924119243,738,0.13802816901408452,710,0.7036048064085447,1.7623497997329771,749,0.582109479305741,1.1748998664886483,749
19046,2019,1020,0.3425468904244817,1013,0.12373225152129817,986,0.6205882352941177,1.4637254901960792,1020,0.6705882352941176,1.5266798418972327,1012
19046,2020,801,0.35,800,0.15842839036755388,789,0.6154806491885143,1.4069912609238449,801,0.6691635455680399,1.514429109159348,797
19048,2013,43,0.627906976744186,43,0.07142857142857142,42,0.8837209302325582,2.7906976744186047,43,0.813953488372093,1.5348837209302326,43
19048,2014,65,0.5846153846153846,65,0.13846153846153847,65,0.7230769230769231,2.369230769230769,65,0.7692307692307693,2.0153846153846153,65
19048,2015,69,0.5362318840579711,69,0.04477611940298507,67,0.782608695652174,2.231884057971014,69,0.6811594202898551,1.4347826086956519,69
19048,2016,109,0.5833333333333334,108,0.22018348623853212,109,0.8532110091743119,2.275229357798165,109,0.6605504587155964,1.4403669724770642,109
19048,2017,207,0.7729468599033816,207,0.3058252427184466,206,0.8164251207729468,2.4927536231884053,207,0.6280193236714976,1.3381642512077296,207
19048,2018,866,0.5769230769230769,858,0.15550239234449761,836,0.8002309468822171,2.5428240740740735,864,0.7297921478060047,1.7972027972027949,858
19048,2019,1036,0.5562015503875969,1032,0.12365063788027478,1019,0.7567567567567568,2.1362318840579695,1035,0.6882239382239382,1.5686653771760155,1034
19048,2020,795,0.4791929382093317,793,0.13788659793814434,776,0.740880503144654,1.9723270440251577,795,0.6440251572327044,1.410062893081761,795
19049,2014,3,0.3333333333333333,3,0.3333333333333333,3,0.6666666666666666,1,3,0.6666666666666666,1.3333333333333333,3
19049,2015,11,0.36363636363636365,11,0.09090909090909091,11,0.8181818181818182,1.3636363636363638,11,0.7272727272727273,1.8181818181818181,11
19049,2016,15,0.8666666666666667,15,0.5333333333333333,15,0.6666666666666666,1.9333333333333331,15,0.7333333333333333,1.5333333333333332,15
19049,2017,24,0.625,24,0.2608695652173913,23,0.8333333333333334,2.291666666666667,24,0.5833333333333334,1.2608695652173914,23
19049,2018,9,0.3333333333333333,9,0.2222222222222222,9,0.7777777777777778,1.7777777777777777,9,0.6666666666666666,1.5555555555555556,9
20067,2013,51,0.5882352941176471,51,0.4117647058823529,51,0.8431372549019608,2.588235294117647,51,0.45098039215686275,0.8627450980392156,51
20067,2014,86,0.8255813953488372,86,0.2823529411764706,85,0.9651162790697675,3.6976744186046515,86,0.4883720930232558,1.0348837209302326,86
20067,2015,82,0.7682926829268293,82,0.4375,80,0.8780487804878049,2.9268292682926833,82,0.4268292682926829,0.9146341463414634,82
20067,2016,533,0.6986817325800376,531,0.35969868173258,531,0.8592870544090057,2.866791744840525,533,0.7692307692307693,1.8625235404896423,531
20067,2017,549,0.7577413479052824,549,0.3798165137614679,545,0.8615664845173042,3.0473588342440805,549,0.7759562841530054,1.8686131386861315,548
20067,2018,526,0.8269961977186312,526,0.4069097888675624,521,0.9144486692015209,3.2471482889733836,526,0.8098859315589354,1.990476190476192,525
20067,2019,546,0.7614678899082569,545,0.33081285444234404,529,0.8553113553113553,2.864468864468864,546,0.6996336996336996,1.7163904235727439,543
20067,2020,411,0.775609756097561,410,0.44938271604938274,405,0.8394160583941606,2.6063569682151586,409,0.732360097323601,1.7837837837837844,407
20083,2015,2,1,2,0.5,2,1,5,2,0.5,1,2
20083,2016,38,0.7105263157894737,38,0.3684210526315789,38,0.868421052631579,2.9473684210526314,38,0.7894736842105263,1.3947368421052633,38
20083,2017,38,0.8947368421052632,38,0.47368421052631576,38,0.868421052631579,2.973684210526316,38,0.7368421052631579,2,38
20083,2018,39,0.9487179487179487,39,0.2631578947368421,38,0.8717948717948718,2.7948717948717947,39,0.7948717948717948,2.076923076923077,39
20083,2019,38,0.6578947368421053,38,0.3888888888888889,36,0.8421052631578947,2.6578947368421053,38,0.8157894736842105,1.5526315789473686,38
20083,2020,30,0.6,30,0.4666666666666667,30,0.9666666666666667,3.4,30,0.7,1.4333333333333331,30
20087,2018,18,0.6111111111111112,18,0.1111111111111111,18,0.6111111111111112,1.6111111111111112,18,0.8333333333333334,2.2777777777777777,18
20087,2019,12,0.75,12,0.16666666666666666,12,0.5,1.75,12,0.8333333333333334,2.0833333333333335,12
20087,2020,13,0.9230769230769231,13,0.6923076923076923,13,0.6923076923076923,2.3076923076923075,13,1,2.923076923076923,13
20091,2013,4,0.75,4,0.5,4,1,4,4,0.5,1.75,4
20091,2014,8,1,8,0.5,8,1,3.75,8,0.5,1.5,8
20091,2017,13,1,13,0.46153846153846156,13,1,3.3846153846153846,13,0.7692307692307693,1.7692307692307692,13
20091,2018,18,0.7777777777777778,18,0.4444444444444444,18,0.7222222222222222,2.111111111111111,18,0.7777777777777778,1.8888888888888888,18
20091,2019,14,0.5714285714285714,14,0.14285714285714285,14,0.42857142857142855,0.7857142857142858,14,0.7857142857142857,1.5,14
20091,2020,11,0.36363636363636365,11,0.36363636363636365,11,0.45454545454545453,1.1818181818181819,11,0.36363636363636365,0.7272727272727273,11
20107,2014,10,0.8,10,0.4,10,0.9,3.4,10,0.4,1.1,10
20107,2015,26,0.8461538461538461,26,0.15384615384615385,26,0.8076923076923077,2.846153846153846,26,0.46153846153846156,0.6923076923076923,26
20107,2016,36,0.8055555555555556,36,0.3611111111111111,36,0.8611111111111112,2.5,36,0.75,1.3888888888888888,36
20107,2017,36,0.8055555555555556,36,0.6388888888888888,36,0.8333333333333334,2.861111111111111,36,0.7222222222222222,1.5277777777777777,36
20107,2018,30,0.6,30,0.43333333333333335,30,0.8666666666666667,2.7333333333333334,30,0.8333333333333334,1.4666666666666666,30
20107,2019,38,0.6052631578947368,38,0.2972972972972973,37,0.9210526315789473,2.8684210526315788,38,0.7368421052631579,1.3947368421052633,38
20107,2020,21,0.6666666666666666,21,0.23809523809523808,21,0.7619047619047619,2.666666666666667,21,0.7619047619047619,1.4285714285714284,21
20115,2015,4,0.75,4,0.25,4,1,4,4,0.25,0.5,4
20157,2014,4,0.5,4,0.25,4,0.75,1.75,4,0.75,1.75,4
20157,2015,12,0.5,12,0.45454545454545453,11,1,2.5833333333333335,12,0.16666666666666666,0.5833333333333333,12
20157,2016,37,0.7567567567567568,37,0.45714285714285713,35,0.7567567567567568,2.8378378378378377,37,0.8378378378378378,1.972972972972973,37
20157,2017,34,0.6470588235294118,34,0.18181818181818182,33,0.8235294117647058,2.3823529411764706,34,0.9411764705882353,2.176470588235294,34
20157,2018,25,0.72,25,0.43478260869565216,23,0.84,2.8,25,0.8,1.9166666666666667,24
20174,2016,20,0.75,20,0.3684210526315789,19,0.6,1.4499999999999997,20,0.55,1.35,20
20174,2017,19,0.3157894736842105,19,0.47368421052631576,19,0.7368421052631579,1.4210526315789473,19,0.47368421052631576,0.8947368421052632,19
20174,2018,17,0.5882352941176471,17,0.23529411764705882,17,0.8823529411764706,2.235294117647059,17,0.6470588235294118,1.4705882352941178,17
20174,2019,18,0.4444444444444444,18,0.2222222222222222,18,0.8888888888888888,2.5555555555555554,18,0.6666666666666666,1.3333333333333335,18
20174,2020,15,0.5333333333333333,15,0.4666666666666667,15,0.6666666666666666,1.6,15,0.4666666666666667,0.9333333333333332,15
20227,2014,8,0.75,8,0.625,8,1,2.75,8,0.375,0.75,8
20227,2015,8,1,8,0.375,8,1,3.875,8,0.375,0.375,8
20293,2015,8,0.625,8,0.5,8,1,3.25,8,0.375,1.25,8
20293,2016,19,0.7894736842105263,19,0.3157894736842105,19,0.8421052631578947,3,19,0.8421052631578947,2.526315789473684,19
20293,2017,20,0.85,20,0.4,20,0.8,2.1,20,0.85,2.35,20
20293,2018,35,0.7714285714285715,35,0.3142857142857143,35,1,2.742857142857143,35,0.8571428571428571,2.1142857142857143,35
20293,2019,34,0.8235294117647058,34,0.2727272727272727,33,0.8235294117647058,2.8529411764705883,34,0.9117647058823529,2.3823529411764706,34
20293,2020,20,0.9,20,0.55,20,0.95,3.35,20,0.8,2.55,20
20350,2016,54,0.7962962962962963,54,0.5925925925925926,54,0.8333333333333334,2.7962962962962963,54,0.8333333333333334,1.8518518518518516,54
20350,2017,44,0.7272727272727273,44,0.4418604651162791,43,0.8409090909090909,2.840909090909091,44,0.6363636363636364,1.6590909090909092,44
20350,2018,37,0.6486486486486487,37,0.43243243243243246,37,0.8378378378378378,2.8378378378378377,37,0.7027027027027027,1.837837837837838,37
20350,2019,38,0.7894736842105263,38,0.4473684210526316,38,0.9210526315789473,3.2105263157894735,38,0.8157894736842105,2.1315789473684212,38
20350,2020,26,0.6923076923076923,26,0.38461538461538464,26,0.9615384615384616,3.1153846153846154,26,0.8076923076923077,2.076923076923077,26
20375,2016,59,0.7627118644067796,59,0.2711864406779661,59,0.9152542372881356,2.88135593220339,59,0.7627118644067796,1.7966101694915253,59
20375,2017,57,0.6842105263157895,57,0.2982456140350877,57,0.8245614035087719,2.0526315789473686,57,0.7017543859649122,1.543859649122807,57
20375,2018,35,0.6285714285714286,35,0.4,35,0.7714285714285715,2.5714285714285716,35,0.6571428571428571,1.3714285714285714,35
20375,2019,38,0.6842105263157895,38,0.23684210526315788,38,0.8421052631578947,2.8157894736842106,38,0.7368421052631579,1.7837837837837838,37
20375,2020,28,0.6785714285714286,28,0.6428571428571429,28,0.8571428571428571,2.857142857142857,28,0.8214285714285714,1.9285714285714284,28
20385,2013,8,0.875,8,0.25,8,1,2.375,8,0.75,1.125,8
20385,2014,19,0.8888888888888888,18,0.3684210526315789,19,0.9473684210526315,3.4210526315789473,19,0.42105263157894735,0.631578947368421,19
20385,2015,10,0.9,10,0.7,10,1,4.5,10,0.2,0.3,10
20385,2016,148,0.8378378378378378,148,0.41496598639455784,147,0.9054054054054054,3.5270270270270268,148,0.831081081081081,2.2229729729729732,148
20385,2017,142,0.7887323943661971,142,0.4225352112676056,142,0.9014084507042254,3.316901408450704,142,0.8661971830985915,2.436619718309859,142
20385,2018,148,0.8243243243243243,148,0.3698630136986301,146,0.9324324324324325,3.486486486486486,148,0.8851351351351351,2.182432432432433,148
20385,2019,142,0.7746478873239436,142,0.2605633802816901,142,0.8732394366197183,3.035211267605634,142,0.6901408450704225,1.7746478873239435,142
20385,2020,108,0.7870370370370371,108,0.4056603773584906,106,0.8055555555555556,2.518518518518518,108,0.7129629629629629,1.490740740740741,108
20390,2013,16,0.6875,16,0.5625,16,1,3.3125,16,0.5,0.875,16
20390,2014,19,0.7368421052631579,19,0.2631578947368421,19,0.9473684210526315,3.1052631578947367,19,0.42105263157894735,0.7368421052631579,19
20390,2015,8,0.875,8,0.25,8,0.875,3,8,0.625,1.25,8
20390,2016,83,0.7590361445783133,83,0.27710843373493976,83,0.8795180722891566,2.9397590361445785,83,0.7710843373493976,1.9277108433734942,83
20390,2017,91,0.7582417582417582,91,0.27472527472527475,91,0.8351648351648352,2.6813186813186816,91,0.7362637362637363,1.7777777777777777,90
20390,2018,82,0.8658536585365854,82,0.49382716049382713,81,0.9024390243902439,2.567901234567901,81,0.8536585365853658,2.1097560975609757,82
20390,2019,94,0.6808510638297872,94,0.40217391304347827,92,0.7446808510638298,1.9468085106382977,94,0.723404255319149,1.797872340425532,94
20390,2020,73,0.6164383561643836,73,0.4583333333333333,72,0.8493150684931506,2.0684931506849313,73,0.7808219178082192,1.9027777777777777,72
20399,2013,4,0.75,4,0.25,4,0.75,2.75,4,0.5,1.25,4
20399,2014,16,0.875,16,0.5,16,0.875,2.75,16,0.3125,0.5625,16
20399,2015,12,1,12,0.5,12,0.8333333333333334,3.5,12,0.08333333333333333,0.25,12
20399,2016,38,0.7368421052631579,38,0.2972972972972973,37,0.868421052631579,3.2105263157894735,38,0.7894736842105263,1.8157894736842106,38
20399,2017,33,0.9090909090909091,33,0.36363636363636365,33,0.8484848484848485,3.0303030303030303,33,0.9696969696969697,2.8484848484848486,33
20399,2018,32,0.9375,32,0.6451612903225806,31,0.8125,3.0625,32,0.875,2.3548387096774195,31
20399,2019,38,0.6578947368421053,38,0.3684210526315789,38,0.8947368421052632,2.7105263157894735,38,0.8157894736842105,2.026315789473684,38
20399,2020,25,0.72,25,0.28,25,0.84,2.32,25,0.72,1.7200000000000002,25
20409,2013,8,0.5,8,0.25,8,0.625,1.75,8,0.375,0.625,8
20409,2014,8,0.42857142857142855,7,0.2857142857142857,7,0.875,2.5,8,0.25,0.25,8
20409,2015,4,0.75,4,0.75,4,1,2.5,4,0,0,4
20409,2016,20,0.85,20,0.45,20,0.95,2.75,20,0.9,2.5,20
20409,2017,19,0.8421052631578947,19,0.47368421052631576,19,0.7368421052631579,2.263157894736842,19,0.8947368421052632,2.1578947368421053,19
20409,2018,18,0.7777777777777778,18,0.2777777777777778,18,0.7777777777777778,2.3333333333333335,18,0.8888888888888888,1.9444444444444444,18
20409,2019,19,0.6842105263157895,19,0.25,16,0.8947368421052632,2.473684210526316,19,0.7368421052631579,1.631578947368421,19
20409,2020,15,0.7333333333333333,15,0.4666666666666667,15,0.7333333333333333,1.5333333333333332,15,0.7333333333333333,1.3333333333333333,15
20553,2013,4,0.25,4,0,4,1,1.75,4,0.5,0.75,4
20553,2019,18,0.8888888888888888,18,0.3333333333333333,18,0.7222222222222222,2.166666666666667,18,0.9444444444444444,2.7777777777777777,18
20553,2020,14,0.7857142857142857,14,0.6428571428571429,14,0.7142857142857143,1.9285714285714284,14,0.9285714285714286,2.0714285714285716,14
21015,2013,8,0.25,8,0,8,0.375,0.625,8,0,0,8
21015,2014,15,0.4666666666666667,15,0.13333333333333333,15,0.6666666666666666,2.066666666666667,15,0.5333333333333333,1.1333333333333333,15
21015,2015,10,0.4,10,0,10,0.7,2.4,10,0.6,1.1,10
21015,2016,61,0.8360655737704918,61,0.4,60,0.9180327868852459,2.8032786885245904,61,0.8688524590163934,2.2295081967213113,61
21015,2017,76,0.7333333333333333,75,0.4,75,0.8421052631578947,2.75,76,0.868421052631579,2.223684210526316,76
21015,2018,75,0.9324324324324325,74,0.32432432432432434,74,0.8533333333333334,3.92,75,0.9333333333333333,2.88,75
21015,2019,61,0.9344262295081968,61,0.35,60,0.8688524590163934,3.5081967213114753,61,0.819672131147541,1.9491525423728813,59
21015,2020,42,0.8048780487804879,41,0.35714285714285715,42,0.9047619047619048,3.785714285714286,42,0.8809523809523809,2.5,42
21034,2013,4,0,4,0,4,0.25,0.25,4,0,0,4
21034,2014,15,0.13333333333333333,15,0.2,15,0.6666666666666666,1.4,15,0.06666666666666667,0.06666666666666668,15
21034,2015,7,0.7142857142857143,7,0,7,0.7142857142857143,1.7142857142857142,7,0,0,7
21034,2016,19,0.9473684210526315,19,0.47368421052631576,19,0.9473684210526315,3.4210526315789473,19,1,2.789473684210526,19
21034,2017,20,0.85,20,0.6,20,1,3.6,20,0.95,2.5,20
21034,2018,10,0.7,10,0.5,10,1,2.7,10,0.9,2.7,10
21041,2016,71,0.704225352112676,71,0.37681159420289856,69,0.8873239436619719,3.0704225352112675,71,0.9154929577464789,2.23943661971831,71
21041,2017,65,0.703125,64,0.26153846153846155,65,0.9538461538461539,3.3846153846153846,65,0.8769230769230769,2.046153846153846,65
21041,2018,74,0.7567567567567568,74,0.33783783783783783,74,0.9324324324324325,3.2837837837837838,74,0.9054054054054054,2.22972972972973,74
21041,2019,72,0.8472222222222222,72,0.34782608695652173,69,0.8333333333333334,3.4722222222222228,72,0.8194444444444444,2.23943661971831,71
21041,2020,35,0.8857142857142857,35,0.5142857142857142,35,0.9428571428571428,3.5142857142857142,35,0.9714285714285714,2.742857142857143,35
21090,2014,2,0.5,2,0,2,1,2.5,2,0.5,0.5,2
21090,2015,8,0.25,8,0.125,8,0.875,1.875,8,0.5,0.5,8
21090,2016,20,0.75,20,0.45,20,0.85,2.7,20,0.7,1.6,20
21090,2017,18,0.7222222222222222,18,0.4117647058823529,17,0.9444444444444444,2.888888888888889,18,0.9444444444444444,2.2777777777777777,18
21090,2018,20,0.9,20,0.55,20,0.9,3.2,20,0.85,2.05,20
21090,2019,5,1,5,0.4,5,0.8,2.8,5,1,2.6,5
21090,2020,8,0.5,8,0.125,8,0.875,2.875,8,0.875,2.25,8
21114,2013,88,0.5340909090909091,88,0.14942528735632185,87,0.7613636363636364,1.9431818181818181,88,0.4772727272727273,0.9047619047619048,84
21114,2014,161,0.5253164556962026,158,0.0880503144654088,159,0.8136645962732919,2.049689440993789,161,0.5341614906832298,0.96875,160
21114,2015,185,0.5459459459459459,185,0.11602209944751381,181,0.8594594594594595,2.378378378378378,185,0.5297297297297298,1.0437158469945356,183
21114,2016,772,0.7020725388601037,772,0.4166666666666667,768,0.9015544041450777,3.1023316062176165,772,0.8212435233160622,1.950777202072539,772
21114,2017,765,0.7189542483660131,765,0.4568062827225131,764,0.8614379084967321,2.9490196078431365,765,0.8483660130718954,2.1522309711286085,762
21114,2018,783,0.8348271446862996,781,0.4056482670089859,779,0.8991060025542784,3.2796934865900385,783,0.8825031928480205,2.4022988505747125,783
21114,2019,810,0.8876543209876543,810,0.3707865168539326,801,0.8962962962962963,3.364197530864198,810,0.8469135802469135,2.1474597273853764,807
21114,2020,612,0.8477905073649754,611,0.4644628099173554,605,0.8872549019607843,3.2990196078431384,612,0.8937908496732027,2.3622950819672144,610
21119,2013,3,0,3,0.3333333333333333,3,1,2.3333333333333335,3,0.3333333333333333,0.6666666666666667,3
21119,2014,15,0.4666666666666667,15,0,15,0.6,1.6666666666666665,15,0.3333333333333333,0.4666666666666667,15
21119,2015,10,0.6,10,0.1,10,0.7,2,10,0.4,0.4,10
21119,2016,3,0.6666666666666666,3,1,3,1,2.6666666666666665,3,1,3.6666666666666665,3
21125,2014,2,0,2,0,2,0,0,2,0,0,2
21125,2015,2,0.5,2,0,2,1,2.5,2,0.5,1,2
21140,2013,8,0.375,8,0.125,8,0.625,1.375,8,0.25,0.75,8
21140,2014,10,0.5,10,0.1,10,0.8,1.8,10,0.5,1.1,10
21140,2016,74,0.6891891891891891,74,0.4383561643835616,73,0.9459459459459459,3.310810810810811,74,0.8648648648648649,2.2739726027397262,73
21140,2017,85,0.6705882352941176,85,0.4588235294117647,85,0.8588235294117647,2.9529411764705884,85,0.8823529411764706,2.364705882352941,85
21140,2018,84,0.7380952380952381,84,0.27380952380952384,84,0.8809523809523809,3.154761904761904,84,0.8928571428571429,1.952380952380952,84
21140,2019,83,0.7682926829268293,82,0.27631578947368424,76,0.8072289156626506,2.7710843373493974,83,0.7108433734939759,1.8313253012048185,83
21140,2020,85,0.8333333333333334,84,0.4523809523809524,84,0.8823529411764706,2.8117647058823527,85,0.9176470588235294,2.1411764705882352,85
22006,2013,19,0.21052631578947367,19,0,19,0.7894736842105263,1.6315789473684208,19,0.42105263157894735,0.5789473684210527,19
22006,2014,48,0.2553191489361702,47,0.10416666666666667,48,0.875,2.395833333333333,48,0.5833333333333334,0.9375,48
22006,2015,26,0.34615384615384615,26,0.11538461538461539,26,0.8461538461538461,2.1153846153846154,26,0.8846153846153846,1.4230769230769231,26
22006,2016,170,0.5941176470588235,170,0.38323353293413176,167,0.8235294117647058,2.5823529411764707,170,0.7176470588235294,1.7529411764705882,170
22006,2017,168,0.6071428571428571,168,0.4375,160,0.7857142857142857,2.589285714285714,168,0.6547619047619048,1.5357142857142858,168
22006,2018,195,0.5515463917525774,194,0.32972972972972975,185,0.8153846153846154,2.8205128205128203,195,0.6717948717948717,1.4871794871794872,195
22006,2019,174,0.5804597701149425,174,0.38953488372093026,172,0.7413793103448276,2.2758620689655173,174,0.6091954022988506,1.4080459770114941,174
22006,2020,128,0.47619047619047616,126,0.43548387096774194,124,0.640625,1.5546875,128,0.6875,1.5859375,128
22014,2013,63,0.3333333333333333,63,0.1111111111111111,63,0.9841269841269841,3.349206349206349,63,0.5873015873015873,1.0952380952380956,63
22014,2014,113,0.504424778761062,113,0.21428571428571427,112,0.911504424778761,3.3097345132743365,113,0.6194690265486725,1.3274336283185841,113
22014,2015,143,0.6013986013986014,143,0.23076923076923078,143,0.965034965034965,3.587412587412588,143,0.916083916083916,2.2377622377622375,143
22014,2016,856,0.5843091334894613,854,0.44391971664698937,847,0.8925233644859814,3.1775700934579434,856,0.7219626168224299,1.6881594372801874,853
22014,2017,862,0.6368909512761021,862,0.42420681551116335,851,0.87122969837587,3.219257540603248,862,0.7494199535962877,1.7621809744779586,862
22014,2018,831,0.6251511487303507,827,0.3937888198757764,805,0.8700361010830325,3.292771084337349,830,0.7075812274368231,1.5800240673886858,831
22014,2019,858,0.617269544924154,857,0.40828402366863903,845,0.8671328671328671,3.2067757009345796,856,0.675990675990676,1.5734265734265733,858
22014,2020,640,0.5640625,640,0.4536741214057508,626,0.8375,2.9764521193092626,637,0.73125,1.8728414442700156,637
23003,2015,4,1,4,0.5,4,1,2.75,4,1,2.5,4
23005,2013,74,0.7567567567567568,74,0.35135135135135137,74,0.8648648648648649,3.2837837837837833,74,0.8108108108108109,2.0135135135135136,74
23005,2014,163,0.7852760736196319,163,0.2822085889570552,163,0.901840490797546,3.282208588957056,163,0.8650306748466258,2.441717791411043,163
23005,2015,155,0.7354838709677419,155,0.27741935483870966,155,0.8387096774193549,3.012903225806452,155,0.7870967741935484,2.064516129032259,155
23005,2016,987,0.6968463886063072,983,0.3357972544878564,947,0.8226950354609929,2.4726166328600403,986,0.7436676798378926,1.7525354969574023,986
23005,2017,1024,0.8388671875,1024,0.48770894788593905,1017,0.837890625,2.7937438905180834,1023,0.7734375,2.00293542074364,1022
23005,2018,1018,0.9163385826771654,1016,0.44144144144144143,999,0.8860510805500982,3.2369714847590956,1017,0.7799607072691552,2.163951120162932,982
23005,2019,1009,0.9055666003976143,1006,0.3522954091816367,1002,0.8414271555996036,2.8424182358771066,1009,0.7383548067393458,1.7748015873015879,1008
23005,2020,750,0.8462566844919787,748,0.40591397849462363,744,0.8093333333333333,2.5700934579439245,749,0.7386666666666667,1.8857526881720434,744
24028,2013,71,0.6901408450704225,71,0.29577464788732394,71,0.8873239436619719,2.9014084507042255,71,0.6901408450704225,1.4366197183098592,71
24028,2014,114,0.6666666666666666,114,0.2894736842105263,114,0.8859649122807017,3.1315789473684212,114,0.7456140350877193,1.5964912280701755,114
24028,2015,95,0.6736842105263158,95,0.18947368421052632,95,0.9263157894736842,3.221052631578947,95,0.8105263157894737,1.6526315789473685,95
24028,2016,525,0.7480916030534351,524,0.4116504854368932,515,0.8057142857142857,2.9349904397705546,523,0.7428571428571429,1.7676190476190463,525
24028,2017,542,0.8148148148148148,540,0.5260223048327137,538,0.8431734317343174,3.0202952029520302,542,0.8284132841328413,2.229205175600739,541
24028,2018,557,0.8687050359712231,556,0.37681159420289856,552,0.8617594254937163,3.2962298025134644,557,0.7791741472172352,2.0197486535008977,557
24028,2019,676,0.8136094674556213,676,0.3761194029850746,670,0.8254437869822485,3.100591715976331,676,0.6671597633136095,1.7611275964391693,674
24028,2020,539,0.8515769944341373,539,0.4764595103578154,531,0.8719851576994434,3.3661710037174744,538,0.7458256029684601,1.894248608534323,539
24035,2013,7,0.8571428571428571,7,0.5714285714285714,7,1,5.142857142857143,7,1,2.7142857142857144,7
24035,2014,41,0.7317073170731707,41,0.3170731707317073,41,0.9512195121951219,4.073170731707317,41,0.8780487804878049,1.8048780487804879,41
24035,2015,56,0.625,56,0.19642857142857142,56,0.8392857142857143,3,56,0.8214285714285714,1.642857142857143,56
24035,2016,512,0.7421875,512,0.3661417322834646,508,0.83203125,2.951171875,512,0.716796875,1.80078125,512
24035,2017,530,0.821969696969697,528,0.36015325670498083,522,0.8226415094339623,3.0698113207547175,530,0.7452830188679245,1.9094339622641507,530
24035,2018,522,0.8563218390804598,522,0.40618955512572535,517,0.8773946360153256,3.4022988505747125,522,0.6839080459770115,1.8984674329501903,522
24035,2019,401,0.7306733167082294,401,0.29177057356608477,401,0.8703241895261845,3.1745635910224435,401,0.5536159600997507,1.2700000000000002,400
24035,2020,264,0.8371212121212122,264,0.4521072796934866,261,0.8295454545454546,3.1477272727272725,264,0.5984848484848485,1.5303030303030298,264
25001,2016,493,0.5314401622718052,493,0.29606625258799174,483,0.8620689655172413,2.450304259634889,493,0.7565922920892495,1.823408624229979,487
25001,2017,1044,0.5593869731800766,1044,0.19538017324350337,1039,0.8103448275862069,2.49904214559387,1044,0.7040229885057471,1.701636188642926,1039
25001,2018,1051,0.5908658420551856,1051,0.17478510028653296,1047,0.829686013320647,2.601332064700284,1051,0.7240723120837298,1.8845419847328246,1048
25001,2019,1061,0.5777568331762488,1061,0.16477272727272727,1056,0.7935909519321395,2.2318567389255417,1061,0.7134778510838832,1.8199811498586242,1061
25001,2020,783,0.44174135723431496,781,0.19003931847968544,763,0.7100893997445722,1.6845466155810984,783,0.6309067688378033,1.4250960307298342,781
25006,2013,87,0.8850574712643678,87,0.19540229885057472,87,0.9425287356321839,2.505747126436782,87,0.8275862068965517,1.747126436781609,87
25006,2014,171,0.8187134502923976,171,0.23391812865497075,171,0.8304093567251462,2.5263157894736836,171,0.8947368421052632,2.2222222222222228,171
25006,2015,170,0.7823529411764706,170,0.27647058823529413,170,0.9294117647058824,2.829411764705882,170,0.9,2.276470588235294,170
25006,2016,1026,0.6669931439764937,1021,0.25,1004,0.783625730994152,2.265625,1024,0.5458089668615984,1.151663405088062,1022
25006,2017,1033,0.7635658914728682,1032,0.30048780487804877,1025,0.7676669893514037,2.4161008729388946,1031,0.5953533397870281,1.3843175217812198,1033
25006,2018,1047,0.7205741626794259,1045,0.18536585365853658,1025,0.8089780324737345,2.5391969407265775,1046,0.5845272206303725,1.2960840496657127,1047
25006,2019,1035,0.6792270531400966,1035,0.17790811339198437,1023,0.8096618357487922,2.5053140096618365,1035,0.4357487922705314,0.8571428571428581,1029
25006,2020,769,0.7044270833333334,768,0.25232403718459495,753,0.7555266579973993,2.0520156046814053,769,0.5721716514954487,1.2532637075718007,766
25012,2016,770,0.6183510638297872,752,0.3557422969187675,714,0.7753246753246753,2.511140235910877,763,0.6844155844155844,1.568211920529802,755
25012,2017,1039,0.6258437801350049,1037,0.296969696969697,990,0.7228103946102021,2.282818532818533,1036,0.710298363811357,1.6171039844509232,1029
25012,2018,1048,0.5834932821497121,1042,0.21725888324873097,985,0.7366412213740458,2.1337153772683846,1047,0.7213740458015268,1.7071770334928218,1045
25012,2019,1037,0.5168756027000965,1037,0.15172413793103448,1015,0.7675988428158148,2.049227799227802,1036,0.6297010607521697,1.386627906976746,1032
25012,2020,782,0.528957528957529,777,0.2049934296977661,761,0.7480818414322251,2.0127877237851663,782,0.7033248081841432,1.54033290653009,781
26030,2013,78,0.5128205128205128,78,0.23076923076923078,78,0.8461538461538461,2.5384615384615383,78,0.3717948717948718,0.6794871794871793,78
26030,2014,165,0.5272727272727272,165,0.18292682926829268,164,0.8363636363636363,2.7757575757575768,165,0.3696969696969697,0.7272727272727273,165
26030,2015,162,0.6111111111111112,162,0.17901234567901234,162,0.8333333333333334,2.95679012345679,162,0.43209876543209874,0.7777777777777777,162
26030,2016,1024,0.6904296875,1024,0.3604309500489716,1021,0.9111328125,3.3427734375,1024,0.6669921875,1.5263671875,1024
26030,2017,1046,0.7571701720841301,1046,0.4076555023923445,1045,0.9149139579349904,3.4713193116634806,1046,0.6873804971319312,1.59942638623327,1046
26030,2018,1032,0.7255092143549952,1031,0.2952755905511811,1016,0.9089147286821705,3.230620155038759,1032,0.6540697674418605,1.536821705426357,1032
26030,2019,1043,0.6817307692307693,1040,0.282798833819242,1029,0.835091083413231,2.720997123681688,1043,0.6212847555129435,1.4078694817658344,1042
26030,2020,797,0.680503144654088,795,0.3726235741444867,789,0.8469259723964868,2.672955974842767,795,0.6562107904642409,1.5746549560853205,797
26043,2016,269,0.5597014925373134,268,0.30970149253731344,268,0.7881040892193308,2.408921933085502,269,0.5315985130111525,1.0334572490706317,269
26043,2017,1057,0.597918637653737,1057,0.28776290630975143,1046,0.7805108798486282,2.5023651844843897,1057,0.6054872280037843,1.286660359508042,1057
26043,2018,1066,0.6375586854460094,1065,0.2033898305084746,1062,0.7851782363977486,2.4793621013133214,1066,0.6069418386491557,1.243421052631579,1064
26043,2019,1070,0.48785046728971965,1070,0.18878504672897195,1070,0.7934579439252336,2.266355140186915,1070,0.5635514018691589,1.0869971936389127,1069
26043,2020,814,0.5343980343980343,814,0.22140221402214022,813,0.8194103194103194,2.1412776412776426,814,0.5663390663390664,1.0602706027060274,813
27004,2013,72,0.8333333333333334,72,0.125,72,0.9305555555555556,3.013888888888889,72,0.7638888888888888,1.3611111111111114,72
27004,2014,143,0.9300699300699301,143,0.24475524475524477,143,0.965034965034965,2.0979020979020984,143,0.6083916083916084,0.9650349650349649,143
27004,2015,140,0.9571428571428572,140,0.21428571428571427,140,0.9357142857142857,2.535714285714286,140,0.8,1.4071428571428573,140
27004,2016,983,0.9409368635437881,982,0.5507692307692308,975,0.948118006103764,3.6246185147507615,983,0.8972533062054934,2.4908350305498965,982
27004,2017,968,0.9575569358178054,966,0.5630252100840336,952,0.90599173553719,3.4161490683229827,966,0.84400826446281,2.165109034267912,963
27004,2018,954,0.9316508937960042,951,0.28854625550660795,908,0.8951781970649895,3.248949579831933,952,0.859538784067086,2.232631578947368,950
27004,2019,984,0.9093686354378818,982,0.23413111342351717,961,0.8770325203252033,3.0345528455284554,984,0.850609756097561,2.2446264073695006,977
27004,2020,740,0.8891891891891892,740,0.375,728,0.8013513513513514,2.558108108108108,740,0.8040540540540541,2.116216216216216,740
27013,2014,4,1,4,0.25,4,1,3.75,4,0.75,1.25,4
27013,2015,8,1,8,0.5,8,1,3.375,8,0.5,1,8
27013,2016,38,0.8947368421052632,38,0.5,38,0.8947368421052632,3.8157894736842106,38,0.8947368421052632,2.1315789473684212,38
27013,2017,54,0.9629629629629629,54,0.46296296296296297,54,0.9814814814814815,4.518518518518518,54,0.9259259259259259,2.3703703703703702,54
27013,2018,52,0.8846153846153846,52,0.18,50,0.9230769230769231,3.769230769230769,52,0.7115384615384616,1.576923076923077,52
27013,2019,58,0.9655172413793104,58,0.20689655172413793,58,0.9137931034482759,3.9482758620689657,58,0.8448275862068966,2.396551724137931,58
27013,2020,41,0.925,40,0.325,40,0.975609756097561,4.2926829268292686,41,0.9512195121951219,2.560975609756098,41
28003,2013,10,0.8888888888888888,9,0,10,0.4,1.3,10,0.7,2.2,10
28003,2014,32,0.78125,32,0.03125,32,0.96875,3.96875,32,0.5,1.625,32
28003,2015,47,0.7659574468085106,47,0.23404255319148937,47,0.8085106382978723,2.978723404255319,47,0.5531914893617021,1.4468085106382977,47
28003,2016,217,0.6651162790697674,215,0.28502415458937197,207,0.7603686635944701,2.483870967741935,217,0.7603686635944701,1.9262672811059909,217
28003,2017,213,0.6197183098591549,213,0.27699530516431925,213,0.7793427230046949,2.276995305164319,213,0.6948356807511737,1.7605633802816902,213
28003,2018,219,0.518348623853211,218,0.09259259259259259,216,0.6118721461187214,1.6621004566210045,219,0.6164383561643836,1.4155251141552512,219
28003,2019,208,0.39903846153846156,208,0.028985507246376812,207,0.47115384615384615,1.2067307692307692,208,0.5865384615384616,1.2692307692307696,208
28003,2020,166,0.4578313253012048,166,0.18787878787878787,165,0.5120481927710844,1.2530120481927705,166,0.54216867469879515,1.5060240963855427,166
28009,2013,41,0.7073170731707317,41,0.12195121951219512,41,0.4878048780487805,1.5365853658536586,41,0.5365853658536586,1.609756097560976,41
28009,2014,68,0.8382352941176471,68,0.17647058823529413,68,0.7205882352941176,2.014705882352941,68,0.5,1.6764705882352946,68
28009,2015,68,0.75,68,0.11764705882352941,68,0.9117647058823529,3.1029411764705883,68,0.7647058823529411,2.544117647058824,68
28009,2016,301,0.6079734219269103,301,0.1476510067114094,298,0.654485049833887,1.7275747508305648,301,0.5880398671096345,1.3920265780730894,301
28009,2017,313,0.48231511254019294,311,0.19614147909967847,311,0.6038338658146964,1.466453674121406,313,0.6869009584664537,1.625,312
28009,2018,286,0.513986013986014,286,0.12280701754385964,285,0.5734265734265734,1.3951048951048948,286,0.7517482517482518,1.907142857142857,280
28009,2019,266,0.5150375939849624,266,0.12030075187969924,266,0.556390977443609,1.31203007518797,266,0.8157894736842105,2.0413533834586466,266
28009,2020,205,0.37073170731707317,205,0.22058823529411764,204,0.4926829268292683,1.1219512195121955,205,0.624390243902439,1.5024390243902437,205
28027,2016,714,0.7791842475386779,711,0.20579710144927535,690,0.7647058823529411,2.44039270687237,713,0.803921568627451,2.177871148459384,714
28027,2017,977,0.6885919835560124,973,0.16101694915254236,944,0.6161719549641761,1.8069815195071857,974,0.7727737973387923,2.142272262026614,977
28027,2018,946,0.718384697130712,941,0.16774891774891776,924,0.7198731501057083,2.2116402116402116,945,0.8107822410147991,2.118210862619809,939
28027,2019,960,0.7592008412197687,951,0.21558164354322304,937,0.828125,2.5360501567398153,957,0.7864583333333334,2.2565172054223153,959
28027,2020,771,0.6736292428198434,766,0.1970509383378016,746,0.74189364461738,2.0221932114882497,766,0.7846952010376135,2.016993464052286,765
28032,2016,845,0.8454106280193237,828,0.18726114649681527,785,0.7846153846153846,2.43957345971564,844,0.8260355029585799,2.255344418052257,842
28032,2017,958,0.9080459770114943,957,0.3262935586061246,947,0.8549060542797495,2.6252609603340282,958,0.8517745302713987,2.5125260960334015,958
28032,2018,890,0.9121621621621622,888,0.2652370203160271,886,0.9044943820224719,2.9269662921348325,890,0.8887640449438202,2.6565315315315305,888
28032,2019,946,0.8822905620360552,943,0.22604951560818085,929,0.8594080338266384,2.7008456659619453,946,0.8625792811839323,2.4772004241781542,943
28032,2020,766,0.7921052631578948,760,0.16443850267379678,748,0.779373368146214,2.2222222222222228,765,0.6879895561357703,1.6797900262467176,762
28038,2013,20,0.5,20,0.2,20,0.4,0.95,20,0.55,1.8,20
28038,2014,61,0.9180327868852459,61,0.22950819672131148,61,0.8688524590163934,2.0983606557377046,61,0.8852459016393442,3.3770491803278686,61
28038,2015,53,0.7924528301886793,53,0.11320754716981132,53,0.8679245283018868,2.849056603773585,53,0.7735849056603774,2.452830188679245,53
28038,2016,354,0.6515580736543909,353,0.21282798833819241,343,0.5536723163841808,1.2372881355932204,354,0.6581920903954802,1.6600000000000001,350
28038,2017,379,0.5706666666666667,375,0.17158176943699732,373,0.5092348284960422,1.0870712401055411,379,0.6807387862796834,1.6851851851851853,378
28038,2018,399,0.44696969696969696,396,0.08527131782945736,387,0.5388471177944862,1.0701754385964914,399,0.5588972431077694,1.2311557788944727,398
28038,2019,445,0.4764044943820225,445,0.07256235827664399,441,0.47191011235955055,1.0359550561797755,445,0.6157303370786517,1.4886877828054303,442
28038,2020,334,0.4041916167664671,334,0.12349397590361445,332,0.4041916167664671,0.9461077844311375,334,0.5,1.4176829268292683,328
29001,2014,12,0.3333333333333333,12,0.4166666666666667,12,0.75,2.1666666666666665,12,0.75,1.5,12
29001,2015,8,0.125,8,0.25,8,0.625,1.125,8,0.625,1.625,8
29001,2016,54,0.4444444444444444,54,0.3,50,0.7962962962962963,2.0370370370370368,54,0.5925925925925926,1.1111111111111112,54
29001,2017,51,0.43137254901960786,51,0.32,50,0.9411764705882353,2.7058823529411766,51,0.5490196078431373,1.176470588235294,51
29001,2018,29,0.4827586206896552,29,0.32142857142857145,28,0.8275862068965517,2.689655172413793,29,0.7241379310344828,2.0689655172413794,29
29001,2019,5,0.6,5,0.2,5,0.8,1.8,5,0.8,2.2,5
29002,2018,29,0.5517241379310345,29,0.2413793103448276,29,0.6551724137931034,1.4827586206896552,29,0.6206896551724138,1.4482758620689655,29
29002,2019,37,0.5945945945945946,37,0.32432432432432434,37,0.7837837837837838,2.5405405405405403,37,0.6216216216216216,1.6216216216216217,37
29002,2020,30,0.4482758620689655,29,0.27586206896551724,29,0.7666666666666667,2.3,30,0.7,1.6666666666666667,30
29005,2013,12,0.5,12,0.5,12,0.6666666666666666,2.4166666666666665,12,0.75,1.5833333333333333,12
29005,2014,21,0.7619047619047619,21,0.5238095238095238,21,0.8571428571428571,3.238095238095238,21,0.8571428571428571,2.5238095238095237,21
29005,2015,14,0.7142857142857143,14,0.5714285714285714,14,1,2.357142857142857,14,0.8571428571428571,2.7857142857142856,14
29005,2016,113,0.6637168141592921,113,0.34513274336283184,113,0.8849557522123894,2.601769911504425,113,0.7345132743362832,1.7345132743362832,113
29005,2017,99,0.5757575757575758,99,0.2828282828282828,99,0.7777777777777778,2.5656565656565657,99,0.6767676767676768,1.8181818181818181,99
29005,2018,71,0.7746478873239436,71,0.352112676056338,71,0.9154929577464789,3.2253521126760565,71,0.971830985915493,2.685714285714286,70
29005,2019,70,0.8428571428571429,70,0.4090909090909091,66,0.9571428571428572,3.9857142857142858,70,0.8285714285714286,2.4571428571428573,70
29005,2020,49,0.673469387755102,49,0.5416666666666666,48,0.7142857142857143,2.4081632653061225,49,0.6530612244897959,1.5625,48
29010,2014,18,0.6111111111111112,18,0.3333333333333333,18,1,3,18,0.9444444444444444,2.111111111111111,18
29010,2015,13,0.8461538461538461,13,0.23076923076923078,13,0.9230769230769231,2.8461538461538463,13,0.9230769230769231,2.6153846153846154,13
29010,2016,128,0.5952380952380952,126,0.33064516129032256,124,0.8984375,3.1811023622047245,127,0.6875,1.546875,128
29010,2017,122,0.6134453781512605,119,0.31932773109243695,119,0.9426229508196722,2.9344262295081966,122,0.680327868852459,1.680327868852459,122
29010,2018,100,0.7171717171717171,99,0.26262626262626265,99,0.97,3.25,100,0.7,1.9300000000000002,100
29010,2019,63,0.746031746031746,63,0.4032258064516129,62,0.9682539682539683,3.2698412698412698,63,0.7301587301587301,1.9682539682539681,63
29010,2020,23,0.782608695652174,23,0.3181818181818182,22,0.9130434782608695,2.782608695652174,23,0.7391304347826086,1.826086956521739,23
29017,2016,39,0.5641025641025641,39,0.35135135135135137,37,0.9743589743589743,3.3846153846153846,39,0.7435897435897436,1.8974358974358974,39
29017,2017,40,0.6,40,0.24324324324324326,37,0.975,2.575,40,0.425,1.1,40
29017,2018,34,0.7352941176470589,34,0.5588235294117647,34,0.9705882352941176,3.852941176470588,34,0.6176470588235294,1.3529411764705883,34
29017,2019,16,0.375,16,0.26666666666666666,15,0.9375,2.375,16,0.6875,1.4375,16
29017,2020,25,0.20833333333333334,24,0.18181818181818182,22,0.84,1.92,25,0.52,1.12,25
29018,2015,8,0.5,8,0.25,8,1,3.625,8,0.75,1.625,8
29018,2016,52,0.6538461538461539,52,0.35294117647058826,51,0.8461538461538461,2.2692307692307687,52,0.5384615384615384,0.8461538461538461,52
29018,2017,56,0.2545454545454545,55,0.17307692307692307,52,0.8035714285714286,2.3214285714285716,56,0.375,1.0192307692307692,52
29018,2018,55,0.41818181818181815,55,0.30612244897959184,49,0.8727272727272727,2.4,55,0.5454545454545454,1.2545454545454544,55
29018,2019,34,0.47058823529411764,34,0.3333333333333333,33,0.8529411764705882,2.9411764705882355,34,0.5294117647058824,1.2352941176470589,34
29018,2020,30,0.5172413793103449,29,0.4482758620689655,29,0.8,2.5666666666666664,30,0.8,1.8620689655172413,29
29023,2014,8,0.5,8,0.125,8,1,3.875,8,0.875,1.5,8
29023,2015,8,0.75,8,0,8,1,4.375,8,0.5,1.5,8
29023,2019,12,0.4166666666666667,12,0.16666666666666666,12,0.75,2.4166666666666665,12,0.5,0.9166666666666667,12
29023,2020,13,0.46153846153846156,13,0.15384615384615385,13,0.8461538461538461,2.8461538461538463,13,0.6923076923076923,1,13
29024,2014,1,0,1,1,1,1,2,1,1,2,1
29024,2016,16,0.5,16,0.125,16,0.875,2.0625,16,0.625,1.3125,16
29024,2017,16,0.625,16,0.375,16,1,3.0625,16,0.6875,1.5625,16
29024,2018,25,0.6,25,0.16,25,0.96,2.8,25,0.76,2.32,25
29024,2019,18,0.4444444444444444,18,0.2222222222222222,18,0.9444444444444444,2.888888888888889,18,0.6111111111111112,1.5,18
29024,2020,12,0.25,12,0.5,12,0.9166666666666666,1.8333333333333333,12,0.5833333333333334,1.1666666666666667,12
29025,2014,4,0.75,4,0,4,1,3,4,0.75,2,4
29025,2015,4,0.5,4,0,4,1,3.5,4,1,2,4
29025,2016,90,0.7333333333333333,90,0.33707865168539325,89,0.9666666666666667,3.844444444444444,90,0.8333333333333334,2.033333333333333,90
29025,2017,101,0.6633663366336634,101,0.3939393939393939,99,0.9603960396039604,3.376237623762376,101,0.7623762376237624,2.1584158415841586,101
29025,2018,54,0.7777777777777778,54,0.4423076923076923,52,1,4.296296296296296,54,0.7407407407407407,1.5555555555555556,54
29025,2019,43,0.46511627906976744,43,0.2558139534883721,43,0.9069767441860465,3.5581395348837206,43,0.8372093023255814,2.186046511627907,43
29025,2020,42,0.5952380952380952,42,0.21428571428571427,42,0.9047619047619048,3,42,0.8095238095238095,1.9761904761904763,42
29026,2013,4,0.75,4,0.25,4,1,4.25,4,1,2.25,4
29026,2014,4,1,4,0.25,4,1,3.5,4,0.75,1.75,4
29026,2016,32,0.53125,32,0.22580645161290322,31,0.75,2.03125,32,0.59375,1.40625,32
29026,2017,39,0.3076923076923077,39,0.23076923076923078,39,0.9743589743589743,2.3076923076923075,39,0.6666666666666666,1.7179487179487178,39
29026,2018,13,0.38461538461538464,13,0.23076923076923078,13,0.6153846153846154,1.9230769230769231,13,0.6923076923076923,1.6923076923076923,13
29028,2013,4,0.5,4,0.5,4,0.75,2.25,4,0.75,2.25,4
29028,2014,4,0.6666666666666666,3,0,3,1,2.5,4,0.5,2,4
29028,2015,8,0.625,8,0.2857142857142857,7,0.75,2.125,8,0.5,0.625,8
29029,2014,4,0.25,4,0.25,4,0.75,2,4,0.5,1,4
29029,2015,8,0.875,8,0.25,8,0.875,3.375,8,0.875,2,8
29029,2016,19,0.8947368421052632,19,0.47368421052631576,19,0.9473684210526315,3.736842105263158,19,0.5789473684210527,2.0526315789473686,19
29029,2017,19,0.5263157894736842,19,0.5263157894736842,19,0.7894736842105263,2.6315789473684212,19,0.5789473684210527,1.3157894736842106,19
29029,2018,10,0.3,10,0.2,10,0.8,1.6,10,0.6,2.1,10
29031,2013,3,0.6666666666666666,3,1,3,1,3.6666666666666665,3,0.6666666666666666,1.6666666666666665,3
29031,2016,19,0.47368421052631576,19,0.5789473684210527,19,1,3.473684210526316,19,0.7368421052631579,1.1578947368421053,19
29031,2017,28,0.42857142857142855,28,0.42857142857142855,28,0.9285714285714286,3.392857142857143,28,0.6428571428571429,1.25,28
29031,2018,60,0.55,60,0.3728813559322034,59,0.95,3.3833333333333333,60,0.8666666666666667,2.1333333333333333,60
29031,2019,96,0.7083333333333334,96,0.35789473684210527,95,0.8333333333333334,3.572916666666667,96,0.7395833333333334,2.177083333333333,96
29031,2020,69,0.6376811594202898,69,0.3235294117647059,68,0.8985507246376812,2.9275362318840576,69,0.7246376811594203,1.797101449275362,69
29032,2016,18,0.5882352941176471,17,0.3333333333333333,18,1,4.166666666666667,18,0.8333333333333334,2.2222222222222223,18
29032,2017,20,0.55,20,0.4,20,1,4,20,0.5,1,20
29032,2018,20,0.65,20,0.45,20,0.9,3.2,20,0.7,1.85,20
29033,2013,13,0.6923076923076923,13,0.3076923076923077,13,0.9230769230769231,3.3076923076923075,13,0.6923076923076923,1.8461538461538463,13
29033,2014,22,0.5454545454545454,22,0.2727272727272727,22,0.8636363636363636,2.409090909090909,22,0.7272727272727273,1.8636363636363638,22
29033,2015,27,0.5925925925925926,27,0.2962962962962963,27,0.8518518518518519,1.962962962962963,27,0.8518518518518519,1.8888888888888888,27
29033,2016,199,0.6381909547738693,199,0.3469387755102041,196,0.864321608040201,2.577889447236181,199,0.678391959798995,1.6984924623115578,199
29033,2017,183,0.585635359116022,181,0.39444444444444443,180,0.912568306010929,2.863387978142076,183,0.6284153005464481,1.491803278688524,183
29033,2018,138,0.6086956521739131,138,0.3283582089552239,134,0.9202898550724637,3.0579710144927534,138,0.7463768115942029,1.7826086956521738,138
29033,2019,187,0.5567567567567567,185,0.35135135135135137,185,0.8770053475935828,2.774193548387097,186,0.7058823529411765,1.8128342245989306,187
29033,2020,155,0.567741935483871,155,0.4805194805194805,154,0.832258064516129,2.767741935483871,155,0.6709677419354839,1.6821192052980132,151
29035,2016,17,0.8823529411764706,17,0.29411764705882354,17,0.8235294117647058,1.7647058823529411,17,0.35294117647058826,0.9411764705882353,17
29035,2017,17,0.29411764705882354,17,0.25,16,0.9411764705882353,2.764705882352941,17,0.5882352941176471,1.176470588235294,17
29035,2018,17,0.4117647058823529,17,0.29411764705882354,17,0.8823529411764706,2.588235294117647,17,0.5882352941176471,1.2352941176470589,17
29035,2019,17,0.47058823529411764,17,0.11764705882352941,17,0.9411764705882353,3.411764705882353,17,0.6470588235294118,1.4117647058823528,17
29035,2020,15,0.26666666666666666,15,0.2,15,0.8,1.9333333333333333,15,0.4666666666666667,0.9333333333333332,15
29036,2014,4,0,4,0.25,4,0.75,1,4,0.75,1,4
29036,2015,3,0,3,0,3,1,1,3,0.6666666666666666,1,3
29036,2020,10,0.4,10,0.6,10,1,3.2,10,0.5,1.5,10
29038,2017,12,0.75,12,0.25,12,0.9166666666666666,4.666666666666667,12,0.9166666666666666,3,12
29038,2018,8,1,8,0.25,8,0.875,4.625,8,1,3.625,8
29039,2015,8,0.625,8,0.5714285714285714,7,1,3.125,8,0.75,1.5,8
29039,2016,15,0.6,15,0.13333333333333333,15,0.8,2.4,15,0.8,1.3333333333333333,15
29039,2017,19,0.6842105263157895,19,0.3157894736842105,19,0.9473684210526315,4,19,0.9473684210526315,2.4210526315789473,19
29039,2018,10,0.9,10,0.2,10,1,3.9,10,0.9,3.2,10
29039,2019,30,0.6206896551724138,29,0.3448275862068966,29,0.8666666666666667,2.7333333333333334,30,0.7666666666666667,1.9333333333333333,30
29039,2020,28,0.4642857142857143,28,0.32142857142857145,28,0.7857142857142857,2.0714285714285716,28,0.4642857142857143,1.1851851851851851,27
29041,2013,7,0.42857142857142855,7,0.2857142857142857,7,0.5714285714285714,1.857142857142857,7,0.5714285714285714,1,7
29041,2014,10,0.7,10,0.1,10,0.9,2.6,10,0.6,1.3,10
29041,2015,3,0.3333333333333333,3,0.3333333333333333,3,0.6666666666666666,1.3333333333333333,3,0.6666666666666666,1.6666666666666665,3
29041,2016,38,0.6842105263157895,38,0.3055555555555556,36,0.8947368421052632,3.0526315789473686,38,0.8157894736842105,2.027027027027027,37
29041,2017,48,0.6041666666666666,48,0.17391304347826086,46,0.8333333333333334,2,48,0.6458333333333334,1.9375,48
29041,2018,75,0.5466666666666666,75,0.2972972972972973,74,0.9333333333333333,2.84,75,0.6,1.3866666666666667,75
29041,2019,92,0.5,92,0.18681318681318682,91,0.9347826086956522,2.847826086956522,92,0.8369565217391305,2.119565217391304,92
29041,2020,73,0.5342465753424658,73,0.3333333333333333,72,0.9178082191780822,2.863013698630137,73,0.6438356164383562,1.5205479452054793,73
29042,2016,18,0.3888888888888889,18,0.3333333333333333,15,0.8888888888888888,2.7222222222222223,18,0.6666666666666666,1.6111111111111112,18
29042,2017,19,0.7222222222222222,18,0.3888888888888889,18,1,4.2105263157894735,19,0.6842105263157895,2.105263157894737,19
29042,2018,15,0.9333333333333333,15,0.6666666666666666,15,1,4.6,15,0.9333333333333333,2.533333333333333,15
29043,2013,7,0.5714285714285714,7,0.42857142857142855,7,1,3.4285714285714284,7,0.7142857142857143,2.1666666666666665,6
29043,2014,9,0.4444444444444444,9,0.5555555555555556,9,1,2.888888888888889,9,0.8888888888888888,1.5555555555555556,9
29043,2015,6,0.3333333333333333,6,0.16666666666666666,6,1,2.3333333333333335,6,0.5,0.8333333333333333,6
29043,2016,50,0.7,50,0.06,50,0.9,3.02,50,0.72,1.92,50
29043,2017,52,0.5576923076923077,52,0.26,50,0.8846153846153846,3.230769230769231,52,0.6730769230769231,1.7115384615384615,52
29043,2018,62,0.5,62,0.2903225806451613,62,0.8225806451612904,2.967741935483871,62,0.7258064516129032,1.8870967741935485,62
29043,2019,35,0.8,35,0.3142857142857143,35,0.9428571428571428,3.942857142857143,35,0.8,2.2285714285714286,35
29043,2020,24,0.5,24,0.5,24,0.7916666666666666,2.333333333333333,24,0.625,1.5416666666666667,24
29044,2013,4,0,4,0,4,1,2.25,4,0.5,1.25,4
29044,2016,65,0.53125,64,0.38095238095238093,63,0.8769230769230769,2.9076923076923076,65,0.676923076923077,1.640625,64
29044,2017,76,0.6710526315789473,76,0.38028169014084506,71,0.9210526315789473,3.3684210526315788,76,0.5131578947368421,1.144736842105263,76
29044,2018,105,0.6857142857142857,105,0.2980769230769231,104,0.8571428571428571,3.342857142857143,105,0.780952380952381,2.0285714285714285,105
29044,2019,124,0.717741935483871,124,0.45132743362831856,113,0.9112903225806451,3.2338709677419355,124,0.7661290322580645,1.7661290322580647,124
29044,2020,99,0.6632653061224489,98,0.23404255319148937,94,0.9595959595959596,3.5757575757575757,99,0.696969696969697,1.6734693877551023,98
29048,2013,4,0.5,4,1,4,0.75,1.75,4,0.5,0.5,4
29048,2014,8,0.375,8,0.125,8,0.75,1.5,8,0.5,1.25,8
29048,2015,8,0.25,8,0,8,1,2.25,8,0.75,1.5,8
29048,2016,20,0.45,20,0.25,20,0.7,2.05,20,0.75,1.6,20
29048,2017,20,0.75,20,0.45,20,0.85,2.75,20,0.6,1.85,20
29048,2018,41,0.7317073170731707,41,0.34146341463414637,41,0.975609756097561,3.414634146341464,41,0.5121951219512195,1.0731707317073171,41
29048,2019,60,0.6,60,0.3050847457627119,59,0.85,3.083333333333333,60,0.7166666666666667,1.7666666666666666,60
29049,2016,19,0.21052631578947367,19,0.21052631578947367,19,0.7894736842105263,3.473684210526316,19,0.631578947368421,1.4210526315789473,19
29049,2017,20,0.25,20,0.2,20,1,4.1,20,0.45,0.9000000000000001,20
29049,2018,5,0.6,5,0,5,1,4.4,5,0.4,1.2,5
29049,2019,18,0.2777777777777778,18,0.1111111111111111,18,0.7777777777777778,1.7777777777777777,18,0.6111111111111112,0.8333333333333333,18
29049,2020,13,0.15384615384615385,13,0.07692307692307693,13,0.9230769230769231,2.076923076923077,13,0.15384615384615385,0.3076923076923077,13
29050,2017,5,0.2,5,0,5,1,3.4,5,0.6,1.6,5
29050,2018,20,0.5,20,0.3684210526315789,19,1,3.25,20,0.35,0.6999999999999998,20
29050,2019,16,0.6875,16,0.3333333333333333,15,1,3.5,16,0.8125,1.875,16
29050,2020,13,0.38461538461538464,13,0.3333333333333333,12,0.6923076923076923,2,13,0.9230769230769231,2.8333333333333335,12
29051,2018,15,0.7333333333333333,15,0.26666666666666666,15,0.8666666666666667,2.466666666666667,15,0.7333333333333333,1.2,15
29051,2019,20,0.55,20,0.2222222222222222,18,0.85,2.55,20,0.55,1.2,20
29051,2020,10,0.2,10,0.1,10,1,2.5,10,0.7,1.1,10
29053,2014,4,0.75,4,0.5,4,1,2.5,4,0.75,1.25,4
29053,2015,8,0.625,8,0.25,8,1,2.25,8,0.625,0.875,8
29053,2017,5,0.6,5,0.2,5,1,3.2,5,0.2,0.2,5
29053,2018,19,0.7894736842105263,19,0.2631578947368421,19,1,3.6842105263157894,19,0.7894736842105263,2.789473684210526,19
29053,2019,17,0.29411764705882354,17,0.3333333333333333,15,0.9411764705882353,2.7058823529411766,17,0.7058823529411765,1.6470588235294117,17
29053,2020,5,0.75,4,0.4,5,1,2.8,5,0.6,1.2,5
29054,2013,8,0.875,8,0.625,8,1,3.625,8,0.625,2,7
29054,2014,12,0.5,12,0.4166666666666667,12,0.9166666666666666,2.1666666666666665,12,0.5833333333333334,1,12
29054,2015,8,0.25,8,0.375,8,0.875,2.625,8,0.375,1,8
29054,2016,19,0.6842105263157895,19,0.4444444444444444,18,0.8421052631578947,2.8947368421052633,19,0.7368421052631579,2.4210526315789473,19
29054,2017,18,0.4444444444444444,18,0.29411764705882354,17,0.7222222222222222,2.5,18,0.4444444444444444,1.3333333333333335,18
29054,2018,29,0.41379310344827586,29,0.034482758620689655,29,0.8275862068965517,2.2758620689655173,29,0.3103448275862069,0.7142857142857142,28
29054,2019,18,0.5,18,0.11764705882352941,17,0.7222222222222222,1.9444444444444444,18,0.5555555555555556,1,18
29054,2020,14,0.14285714285714285,14,0.14285714285714285,14,0.8571428571428571,3.0714285714285716,14,0.7142857142857143,1.2857142857142858,14
29058,2017,4,1,4,1,4,1,4.75,4,1,2.75,4
29058,2018,16,0.8125,16,0.4666666666666667,15,1,3.875,16,0.6875,1.75,16
29058,2019,18,0.6111111111111112,18,0.2222222222222222,18,1,3.0555555555555554,18,0.6666666666666666,1.1666666666666665,18
29058,2020,13,0.46153846153846156,13,0.15384615384615385,13,1,2.6153846153846154,13,0.6923076923076923,1.3333333333333333,12
29060,2019,20,0.1,20,0,20,0.85,1.5,20,0.5,0.9,20
29060,2020,13,0.3076923076923077,13,0.07692307692307693,13,0.8461538461538461,1.923076923076923,13,0.3076923076923077,0.9090909090909091,11
30028,2013,15,0.8,15,0.3333333333333333,15,0.8666666666666667,2.2,15,0.7333333333333333,2.2666666666666666,15
30028,2014,25,0.72,25,0.24,25,0.84,2.4,25,0.76,2.12,25
30028,2015,20,0.85,20,0.3,20,0.85,2.3,20,0.8,1.95,20
30028,2016,243,0.8215767634854771,241,0.3319327731092437,238,0.8353909465020576,2.4403292181069958,243,0.7695473251028807,1.8888888888888886,243
30028,2017,245,0.7983539094650206,243,0.25416666666666665,240,0.7387755102040816,1.897959183673469,245,0.6979591836734694,1.6473029045643153,241
30028,2018,246,0.7276422764227642,246,0.21224489795918366,245,0.7073170731707317,1.7520325203252038,246,0.6382113821138211,1.3142857142857145,245
30028,2019,241,0.65,240,0.18487394957983194,238,0.7136929460580913,1.5933609958506219,241,0.6804979253112033,1.5062240663900424,241
30028,2020,207,0.558252427184466,206,0.30392156862745096,204,0.5507246376811594,1.0772946859903378,207,0.5169082125603864,1.1159420289855069,207
30039,2016,715,0.9256661991584852,713,0.42450142450142453,702,0.8657342657342657,2.763636363636362,715,0.8573426573426574,2.2867132867132867,715
30039,2017,1006,0.9312749003984063,1004,0.4914914914914915,999,0.820079522862823,2.710735586481113,1006,0.8876739562624254,2.5329999999999995,1000
30039,2018,950,0.9315789473684211,950,0.3252118644067797,944,0.8421052631578947,2.728421052631579,950,0.8831578947368421,2.4745222929936292,942
30039,2019,930,0.9301075268817204,930,0.2818574514038877,926,0.821505376344086,2.5791173304628625,929,0.8881720430107527,2.526429341963323,927
30039,2020,701,0.9098712446351931,699,0.3242467718794835,697,0.776034236804565,2.262482168330956,701,0.8231098430813124,1.9857142857142858,700
30048,2016,13,0.6923076923076923,13,0.38461538461538464,13,0.8461538461538461,1.6923076923076923,13,0.6923076923076923,1.6923076923076923,13
30048,2017,14,0.7142857142857143,14,0.35714285714285715,14,0.9285714285714286,3.0714285714285716,14,0.8571428571428571,2.5,14
30048,2018,14,0.7857142857142857,14,0.35714285714285715,14,0.7857142857142857,2.714285714285714,14,0.8571428571428571,2.4285714285714284,14
30048,2019,18,1,18,0.05555555555555555,18,0.8333333333333334,2.111111111111111,18,0.8888888888888888,2.611111111111111,18
30048,2020,13,0.9230769230769231,13,0.07692307692307693,13,0.6923076923076923,2,13,0.7692307692307693,1.923076923076923,13
30123,2020,15,0.4,15,0.2,15,0.6666666666666666,1.5333333333333334,15,0.26666666666666666,0.6666666666666667,15
30133,2013,4,1,4,0,4,1,2,4,0.25,0.5,4
30133,2014,4,1,4,0,4,1,5,4,0,0,4
30133,2016,83,0.4578313253012048,83,0.21686746987951808,83,0.6506024096385542,1.650602409638554,83,0.5662650602409639,1.2195121951219514,82
30133,2017,88,0.38636363636363635,88,0.19540229885057472,87,0.5909090909090909,1.6363636363636362,88,0.3409090909090909,0.9431818181818182,88
30133,2018,86,0.36046511627906974,86,0.08333333333333333,84,0.6395348837209303,1.8023255813953485,86,0.5348837209302325,1.388235294117647,85
30133,2019,86,0.47674418604651164,86,0.08235294117647059,85,0.6395348837209303,1.6744186046511629,86,0.4418604651162791,0.976470588235294,85
30133,2020,54,0.24074074074074073,54,0.2037037037037037,54,0.5740740740740741,0.925925925925926,54,0.2777777777777778,0.5740740740740741,54
30193,2013,55,0.8181818181818182,55,0.2727272727272727,55,0.8545454545454545,2.581818181818182,55,0.8909090909090909,2.2363636363636363,55
30193,2014,149,0.8053691275167785,149,0.22818791946308725,149,0.8926174496644296,2.8322147651006713,149,0.8590604026845637,2.187919463087249,149
30193,2015,131,0.8931297709923665,131,0.2824427480916031,131,0.8931297709923665,3.053435114503817,131,0.8549618320610687,2.0763358778625953,131
30193,2016,626,0.8752,625,0.32231404958677684,605,0.8338658146964856,2.532799999999999,625,0.8083067092651757,1.9984000000000004,625
30193,2017,715,0.8384831460674157,712,0.270687237026648,713,0.8041958041958042,2.4307692307692315,715,0.8,1.9579831932773124,714
30193,2018,726,0.7741046831955923,726,0.21568627450980393,714,0.7272727272727273,1.9586776859504136,726,0.709366391184573,1.6115702479338847,726
30193,2019,732,0.7551299589603283,731,0.32044198895027626,724,0.73224043715847,1.8032786885245902,732,0.6065573770491803,1.3155006858710554,729
30193,2020,557,0.6985559566787004,554,0.302536231884058,552,0.7109515260323159,1.696588868940754,557,0.4703770197486535,0.9637681159420294,552
31041,2014,3,1,3,0.3333333333333333,3,1,4,3,1,3.3333333333333335,3
31041,2015,19,0.6842105263157895,19,0.2631578947368421,19,0.9473684210526315,3.3157894736842106,19,0.8421052631578947,2.1052631578947367,19
31041,2016,82,0.6707317073170732,82,0.3375,80,0.8658536585365854,2.5121951219512195,82,0.4878048780487805,1.0609756097560976,82
31041,2017,83,0.7710843373493976,83,0.20481927710843373,83,0.8433734939759037,2.5903614457831323,83,0.42168674698795183,1.0120481927710845,83
31041,2018,72,0.6388888888888888,72,0.20833333333333334,72,0.8611111111111112,2.513888888888889,72,0.4444444444444444,0.9444444444444442,72
31041,2019,58,0.4482758620689655,58,0.17543859649122806,57,0.7931034482758621,2.0689655172413794,58,0.3275862068965517,0.5689655172413796,58
31041,2020,26,0.46153846153846156,26,0.38461538461538464,26,0.7692307692307693,1.5384615384615385,26,0.38461538461538464,0.7307692307692307,26
31050,2013,76,0.3026315789473684,76,0.14473684210526316,76,0.631578947368421,1.5394736842105263,76,0.5263157894736842,1,76
31050,2014,146,0.2534246575342466,146,0.18493150684931506,146,0.7602739726027398,1.5821917808219175,146,0.7191780821917808,1.1917808219178083,146
31050,2015,136,0.14705882352941177,136,0.1865671641791045,134,0.8088235294117647,1.691176470588235,136,0.6544117647058824,1.1323529411764706,136
31050,2016,838,0.3221957040572792,838,0.33652694610778444,835,0.6801909307875895,1.7756563245823398,838,0.2541766109785203,0.41766109785202804,838
31050,2017,854,0.25526932084309134,854,0.284037558685446,852,0.6522248243559718,1.5620608899297423,854,0.24824355971896955,0.39344262295081955,854
31050,2018,874,0.28832951945080093,874,0.23990772779700115,867,0.6498855835240275,1.6430205949656747,874,0.36155606407322655,0.6735395189003444,873
31050,2019,862,0.24767441860465117,860,0.2459016393442623,854,0.6148491879350348,1.434378629500581,861,0.33178654292343385,0.626744186046514,860
31050,2020,643,0.2130637636080871,643,0.3115264797507788,642,0.5381026438569206,1.1057542768273718,643,0.3001555209953344,0.537383177570094,642
31059,2013,4,0.25,4,0.25,4,1,2.75,4,0,0,4
31059,2014,5,0.4,5,0,5,1,1.8,5,0.8,1.2,5
31059,2016,51,0.5294117647058824,51,0.5294117647058824,51,0.8823529411764706,2.2745098039215685,51,0.3137254901960784,0.4117647058823529,51
31059,2017,60,0.4166666666666667,60,0.5833333333333334,60,0.9333333333333333,2.583333333333333,60,0.3333333333333333,0.8166666666666668,60
31059,2018,57,0.38596491228070173,57,0.22807017543859648,57,0.8070175438596491,2.2105263157894735,57,0.45614035087719296,0.736842105263158,57
31059,2019,69,0.30434782608695654,69,0.2753623188405797,69,0.6811594202898551,1.7246376811594204,69,0.43478260869565216,0.9565217391304348,69
31059,2020,79,0.4430379746835443,79,0.2987012987012987,77,0.7215189873417721,2.151898734177215,79,0.6075949367088608,1.2820512820512822,78
31101,2013,4,0.5,4,0,4,1,2,4,0.75,1,4
31101,2014,4,0.5,4,0.5,4,1,3.75,4,0.75,1,4
31101,2015,4,0.5,4,0.5,4,1,3.75,4,0.5,1.75,4
31101,2016,56,0.5357142857142857,56,0.2857142857142857,56,0.9107142857142857,3.625,56,0.39285714285714285,0.7321428571428571,56
31101,2017,54,0.35185185185185186,54,0.24074074074074073,54,0.8703703703703703,2.7222222222222223,54,0.2962962962962963,0.6296296296296295,54
31101,2018,61,0.47540983606557374,61,0.4262295081967213,61,0.9180327868852459,3.2459016393442623,61,0.45901639344262296,0.983606557377049,61
31101,2019,70,0.4142857142857143,70,0.3142857142857143,70,0.8142857142857143,2.2714285714285714,70,0.2714285714285714,0.5857142857142857,70
31101,2020,42,0.3333333333333333,42,0.38095238095238093,42,0.5952380952380952,1.380952380952381,42,0.14285714285714285,0.3571428571428571,42
32010,2016,520,0.8884615384615384,520,0.32879377431906615,514,0.7961538461538461,2.3480769230769227,520,0.6865384615384615,1.7341040462427726,519
32010,2017,1095,0.9095063985374772,1094,0.4309240622140897,1093,0.8228310502283105,2.37716894977169,1095,0.7470319634703196,1.9725526075022863,1093
32010,2018,1092,0.9275229357798165,1090,0.35195530726256985,1074,0.8663003663003663,2.56186984417965,1091,0.8763736263736264,2.6284403669724767,1090
32010,2019,1113,0.8622862286228623,1111,0.19670631290027446,1093,0.816711590296496,2.3078307830783076,1111,0.87151841868823,2.433843384338434,1111
32010,2020,829,0.9250302297460702,827,0.3905683192261185,827,0.8516284680337757,2.61037394451146,829,0.8178528347406514,2.2808716707021786,826
32017,2013,20,0.75,20,0.2,20,0.6,1.85,20,0.65,1.8,20
32017,2014,52,0.7115384615384616,52,0.28846153846153844,52,0.8269230769230769,2.076923076923077,52,0.7115384615384616,1.7115384615384615,52
32017,2015,64,0.703125,64,0.3333333333333333,63,0.796875,2.484375,64,0.703125,1.9206349206349205,63
32017,2016,636,0.8377952755905512,635,0.35873015873015873,630,0.8066037735849056,2.6069182389937104,636,0.7735849056603774,1.9874213836477985,636
32017,2017,651,0.8433179723502304,651,0.44891640866873067,646,0.8033794162826421,2.528417818740398,651,0.7772657450076805,2.141321044546852,651
32017,2018,644,0.8411214953271028,642,0.278816199376947,642,0.8245341614906833,2.68895800933126,643,0.7608695652173914,1.9311424100156476,639
32017,2019,638,0.8034591194968553,636,0.250788643533123,634,0.8119122257053292,2.6347962382445145,638,0.7852664576802508,2.0283018867924527,636
32017,2020,434,0.812933025404157,433,0.3148148148148148,432,0.7857142857142857,2.382488479262672,434,0.7258064516129032,1.7916666666666679,432
32056,2013,52,0.9019607843137255,51,0.23529411764705882,51,0.8076923076923077,2.3461538461538463,52,0.8461538461538461,1.826923076923077,52
32056,2014,91,0.6813186813186813,91,0.3333333333333333,90,0.7692307692307693,2.2527472527472527,91,0.7802197802197802,1.89010989010989,91
32056,2015,88,0.625,88,0.22093023255813954,86,0.7386363636363636,2.2727272727272725,88,0.6477272727272727,1.8636363636363638,88
32056,2016,434,0.7741935483870968,434,0.31529411764705884,425,0.847926267281106,2.6304849884526553,433,0.7050691244239631,1.7228637413394923,433
32056,2017,426,0.908235294117647,425,0.43160377358490565,424,0.8309859154929577,2.8,425,0.7206572769953051,2.007042253521126,426
32056,2018,440,0.8204545454545454,440,0.3080459770114943,435,0.7886363636363637,2.377272727272728,440,0.6068181818181818,1.4000000000000004,435
32056,2019,468,0.7725321888412017,466,0.2554112554112554,462,0.7371794871794872,2.209401709401709,468,0.7713675213675214,1.9423076923076925,468
32056,2020,377,0.7898936170212766,376,0.3333333333333333,375,0.753315649867374,2.2572944297082227,377,0.8169761273209549,2.0981432360742702,377
