NAME_1,NAME_2,year,ndvi_mean,pob_tot,pob_mas,pob_fem,cve_mun,cve_ent,delitos,n_encuestados,prop_inseguro,n_valido_percepcion,prop_espera_empeorar,n_valido_expectativa,prop_atestiguo_alguno,indice_atestiguo,n_valido_atestiguo,prop_cambio_habito,indice_habito,n_valido_habito
Aguascalientes,Aguascalientes,2013,0.364079624414444,948990,462073,486917,1001,01,81.424658032596,78,0.7948717948717948,78,0.2435897435897436,78,0.8974358974358975,2.2564102564102564,78,0.8589743589743589,1.6025641025641026,78
Aguascalientes,Aguascalientes,2014,0.362469881772995,948990,462073,486917,1001,01,134.738422220605,167,0.7724550898203593,167,0.2694610778443114,167,0.9101796407185628,2.221556886227545,167,0.8263473053892215,1.5748502994011973,167
Aguascalientes,Aguascalientes,2015,0.382637500762939,948990,462073,486917,1001,01,114,179,0.7430167597765364,179,0.4022346368715084,179,0.8268156424581006,2.525139664804469,179,0.6256983240223464,1.4413407821229045,179
Aguascalientes,Aguascalientes,2016,0.364492416381836,948990,462073,486917,1001,01,132,976,0.5097636176772867,973,0.3138075313807531,956,0.8360655737704918,2.785641025641026,975,0.6721311475409836,1.525231719876416,971
Aguascalientes,Aguascalientes,2017,0.358869940042496,948990,462073,486917,1001,01,157,994,0.5674044265593562,994,0.31947261663286003,986,0.8189134808853119,2.706237424547284,994,0.6277665995975855,1.427565392354124,994
Aguascalientes,Aguascalientes,2018,0.395820438861847,948990,462073,486917,1001,01,190,992,0.5868686868686869,990,0.2822085889570552,978,0.8306451612903226,2.950554994954591,991,0.6360887096774194,1.455005055611729,989
Aguascalientes,Aguascalientes,2019,0.346695870161057,948990,462073,486917,1001,01,160,1013,0.5308764940239044,1004,0.2578046324269889,993,0.788746298124383,2.5326086956521747,1012,0.6219151036525172,1.402571711177052,1011
Aguascalientes,Aguascalientes,2020,0.343184292316437,948990,462073,486917,1001,01,123,754,0.5099601593625498,753,0.3703208556149733,748,0.7984084880636605,2.6286472148541105,754,0.6061007957559682,1.3917662682602927,753
Aguascalientes,Jesús María,2013,0.391197353601456,129929,64219,65710,1005,01,19.3868233410943,8,0.5,8,0.125,8,0.5,1.375,8,0.75,1.375,8
Aguascalientes,Jesús María,2014,0.377967298030853,129929,64219,65710,1005,01,20.356164508149,12,0.8333333333333334,12,0.08333333333333333,12,1,2.1666666666666665,12,0.8333333333333334,1.8333333333333333,12
Aguascalientes,Jesús María,2015,0.408349961042404,129929,64219,65710,1005,01,23,4,0,4,0.25,4,0.75,2.75,4,0,0,4
Aguascalientes,Jesús María,2016,0.395123660564423,129929,64219,65710,1005,01,20,69,0.5882352941176471,68,0.2923076923076923,65,0.9420289855072465,3.0434782608695654,69,0.7681159420289855,1.6376811594202898,69
Aguascalientes,Jesús María,2017,0.385406345129013,129929,64219,65710,1005,01,26,72,0.6111111111111112,72,0.3055555555555556,72,0.9444444444444444,3.333333333333333,72,0.5833333333333334,1.5555555555555558,72
Aguascalientes,Jesús María,2018,0.423220455646515,129929,64219,65710,1005,01,24,69,0.6521739130434783,69,0.30434782608695654,69,0.8695652173913043,3.231884057971014,69,0.5507246376811594,1.2898550724637683,69
Aguascalientes,Jesús María,2019,0.374252885580063,129929,64219,65710,1005,01,23,74,0.6081081081081081,74,0.28378378378378377,74,0.8243243243243243,2.945945945945946,74,0.5,1.0810810810810811,74
Aguascalientes,Jesús María,2020,0.37609675526619,129929,64219,65710,1005,01,28,53,0.6037735849056604,53,0.3962264150943397,53,0.9056603773584906,3.4716981132075477,53,0.5660377358490566,1.207547169811321,53
Baja California,Mexicali,2016,0.143778890371323,1049792,529248,520544,2002,02,146,1010,0.6517857142857143,1008,0.32028112449799195,996,0.8495049504950495,2.834653465346535,1010,0.7910891089108911,1.8897715988083417,1007
Baja California,Mexicali,2017,0.147894293069839,1049792,529248,520544,2002,02,194,1035,0.8077294685990338,1035,0.4644595910418695,1027,0.8608695652173913,3.028073572120041,1033,0.6869565217391305,1.640579710144927,1035
Baja California,Mexicali,2018,0.14502614736557,1049792,529248,520544,2002,02,206,1012,0.751730959446093,1011,0.3079268292682927,984,0.8488142292490118,2.9495548961424354,1011,0.7924901185770751,1.9129574678536108,1011
Baja California,Mexicali,2019,0.152184203267097,1049792,529248,520544,2002,02,231,1036,0.6356589147286822,1032,0.1881091617933723,1026,0.8233590733590733,2.952702702702703,1036,0.8108108108108109,2.0357833655705995,1034
Baja California,Mexicali,2020,0.144036650657654,1049792,529248,520544,2002,02,287,783,0.6176470588235294,782,0.24516129032258063,775,0.7905491698595147,2.423273657289003,782,0.7828863346104725,1.865211810012837,779
Baja California,Tijuana,2013,0.29865089058876,1922523,968740,953783,2004,02,492.425312863795,83,0.5975609756097561,82,0.19753086419753085,81,0.8072289156626506,2.397590361445784,83,0.7108433734939759,1.2771084337349397,83
Baja California,Tijuana,2014,0.23657737672329,1922523,968740,953783,2004,02,682.416181606519,168,0.5272727272727272,165,0.25903614457831325,166,0.7261904761904762,1.9047619047619044,168,0.6726190476190477,1.2142857142857142,168
Baja California,Tijuana,2015,0.306138575077057,1922523,968740,953783,2004,02,813,167,0.7005988023952096,167,0.294478527607362,163,0.7365269461077845,2.119760479041916,167,0.7664670658682635,1.4790419161676644,167
Baja California,Tijuana,2016,0.308963179588318,1922523,968740,953783,2004,02,1024,1018,0.6344621513944223,1004,0.33707865168539325,979,0.787819253438114,2.716110019646366,1018,0.7642436149312377,1.7706057596822231,1007
Baja California,Tijuana,2017,0.349868267774582,1922523,968740,953783,2004,02,1765,1048,0.7636363636363637,1045,0.48579823702252695,1021,0.8864503816793893,3.319961795606494,1047,0.7595419847328244,1.8932038834951448,1030
Baja California,Tijuana,2018,0.263125419616699,1922523,968740,953783,2004,02,2392,1052,0.7695238095238095,1050,0.42248062015503873,1032,0.8906844106463878,3.4638783269962,1052,0.7870722433460076,2.143135345666991,1027
Baja California,Tijuana,2019,0.348708271980286,1922523,968740,953783,2004,02,2188,1049,0.7349857006673022,1049,0.21470019342359767,1034,0.8646329837940896,3.0705433746425164,1049,0.780743565300286,1.9402546523016644,1021
Baja California,Tijuana,2020,0.351622402667999,1922523,968740,953783,2004,02,2030,808,0.7955390334572491,807,0.4754716981132076,795,0.905940594059406,3.3230198019801995,808,0.8428217821782178,2.1390644753476624,791
Baja California Sur,La Paz,2013,0.278010964393616,292241,145803,146438,3003,03,39.7429878492433,72,0.4166666666666667,72,0.2638888888888889,72,0.8611111111111112,2.5,72,0.6111111111111112,1.2638888888888886,72
Baja California Sur,La Paz,2013,0.278010964393616,304088,148202,155886,15070,15,82.3939991996508,8,0.875,8,0.625,8,1,4.75,8,0.875,2,8
Baja California Sur,La Paz,2014,0.312339276075363,292241,145803,146438,3003,03,63.0071758585565,142,0.6690140845070423,142,0.3873239436619718,142,0.9366197183098592,2.9154929577464785,142,0.8098591549295775,2.0211267605633805,142
Baja California Sur,La Paz,2014,0.312339276075363,304088,148202,155886,15070,15,80.4553168655413,19,0.8947368421052632,19,0.5263157894736842,19,1,5.157894736842105,19,0.9473684210526316,2.736842105263158,19
Baja California Sur,La Paz,2015,0.326637834310532,292241,145803,146438,3003,03,130,141,0.8156028368794326,141,0.3829787234042553,141,0.9219858156028368,2.978723404255319,141,0.8865248226950354,2.354609929078014,141
Baja California Sur,La Paz,2015,0.326637834310532,304088,148202,155886,15070,15,84,28,0.9642857142857144,28,0.5,28,0.9642857142857144,5.107142857142857,28,0.9642857142857144,2.75,28
Baja California Sur,La Paz,2016,0.288517683744431,292241,145803,146438,3003,03,156,1042,0.6926032660902978,1041,0.41375968992248063,1032,0.8406909788867563,2.7840690978886755,1042,0.6890595009596929,1.6599423631123915,1041
Baja California Sur,La Paz,2017,0.268291234970093,292241,145803,146438,3003,03,235,1091,0.736455463728191,1089,0.39098436062557496,1087,0.8056828597616865,2.881651376146793,1090,0.7195233730522457,1.8064220183486213,1090
Baja California Sur,La Paz,2018,0.28485518693924,292241,145803,146438,3003,03,92,1094,0.6094182825484764,1083,0.1701923076923077,1040,0.7742230347349177,2.379341864716636,1094,0.6956124314442413,1.7387717690192477,1091
Baja California Sur,La Paz,2019,0.30437621474266,292241,145803,146438,3003,03,55,1070,0.5224719101123596,1068,0.14650283553875235,1058,0.8317757009345794,2.429373246024322,1069,0.5990654205607476,1.301125703564728,1066
Baja California Sur,La Paz,2020,0.300128668546677,292241,145803,146438,3003,03,32,801,0.3035264483627204,794,0.2519280205655527,778,0.7240948813982522,1.8551810237203503,801,0.46941323345817726,0.9786967418546368,798
Baja California Sur,Los Cabos,2017,0.394605696201324,351111,180944,170167,3008,03,400,772,0.6376623376623377,770,0.40633608815427,726,0.8044041450777202,2.423376623376623,770,0.6800518134715026,1.6467532467532464,770
Baja California Sur,Los Cabos,2018,0.457141935825348,351111,180944,170167,3008,03,105,1035,0.4363459669582119,1029,0.1623246492985972,998,0.7169082125603865,2.012584704743466,1033,0.5806763285024155,1.3123181377303594,1031
Baja California Sur,Los Cabos,2019,0.435065597295761,351111,180944,170167,3008,03,75,1029,0.3627353815659069,1009,0.13034623217922606,982,0.6588921282798834,1.7463556851311954,1029,0.5422740524781341,1.2529182879377434,1028
Baja California Sur,Los Cabos,2020,0.457850158214569,351111,180944,170167,3008,03,36,770,0.27645502645502645,756,0.1906040268456376,745,0.7363636363636363,1.8636363636363629,770,0.538961038961039,1.262678803641092,769
Campeche,Campeche,2013,0.696213483810425,294077,141555,152522,4002,04,31.9882585128056,67,0.4925373134328358,67,0.2835820895522388,67,0.8059701492537313,2.3134328358208958,67,0.5522388059701493,1.1641791044776115,67
Campeche,Campeche,2014,0.745891332626343,294077,141555,152522,4002,04,22.2948468422584,136,0.45588235294117646,136,0.2794117647058824,136,0.7573529411764706,2.1397058823529407,136,0.4632352941176471,0.8308823529411764,136
Campeche,Campeche,2015,0.731676578521729,294077,141555,152522,4002,04,21,137,0.43795620437956206,137,0.2647058823529412,136,0.8248175182481752,2.408759124087591,137,0.5912408759124088,1.2335766423357666,137
Campeche,Campeche,2016,0.729069650173187,294077,141555,152522,4002,04,37,1043,0.4470134874759152,1038,0.3469785575048733,1026,0.7535953978907,2.2262703739213805,1043,0.6174496644295302,1.3564547206165716,1038
Campeche,Campeche,2017,0.691387236118317,294077,141555,152522,4002,04,22,1080,0.500464252553389,1077,0.3857677902621723,1068,0.8111111111111111,2.3231481481481486,1080,0.5166666666666667,1.0731481481481489,1080
Campeche,Campeche,2018,0.731378853321075,294077,141555,152522,4002,04,31,1069,0.5070555032925682,1063,0.2967557251908397,1048,0.754911131898971,2.163704396632366,1069,0.529466791393826,1.059044048734771,1067
Campeche,Campeche,2019,0.716621100902557,294077,141555,152522,4002,04,21,1075,0.4789915966386555,1071,0.29924242424242425,1056,0.7134883720930233,2,1073,0.5358139534883721,1.1219739292364994,1074
Campeche,Campeche,2020,0.705989181995392,294077,141555,152522,4002,04,25,796,0.4379746835443038,790,0.3490445859872611,785,0.664572864321608,1.8476070528967248,794,0.5376884422110553,1.0872313527180786,791
Campeche,Carmen,2017,0.698200047016144,248845,123043,125802,4003,04,40,1033,0.8381782945736435,1032,0.4181286549707602,1026,0.8780251694094869,2.977734753146177,1033,0.8334946757018393,2.208333333333333,1032
Campeche,Carmen,2018,0.719070136547089,248845,123043,125802,4003,04,34,1015,0.729064039408867,1015,0.2572283150548355,1003,0.8118226600985222,2.569458128078817,1015,0.7881773399014779,2.012820512820514,1014
Campeche,Carmen,2019,0.699509918689728,248845,123043,125802,4003,04,43,1046,0.7509615384615385,1040,0.26953125,1024,0.8575525812619503,2.9225621414913947,1046,0.8068833652007649,2.0985645933014365,1045
Campeche,Carmen,2020,0.701723039150238,248845,123043,125802,4003,04,39,782,0.7052767052767053,777,0.3114323258869908,761,0.7570332480818415,2.4846547314578005,782,0.7263427109974424,1.7397435897435898,780
Chiapas,Chiapa de Corzo,2014,0.616837859153748,112075,55166,56909,7027,07,42.6510113504075,10,0.2,10,0.7,10,0.9,2.9,10,0.7,2.2,10
Chiapas,Chiapa de Corzo,2015,0.621264100074768,112075,55166,56909,7027,07,49,17,0.7647058823529411,17,0.5294117647058824,17,1,4.0588235294117645,17,0.7058823529411765,2.117647058823529,17
Chiapas,Chiapa de Corzo,2016,0.585716605186462,112075,55166,56909,7027,07,64,93,0.7956989247311828,93,0.5698924731182796,93,0.9247311827956988,3,93,0.6989247311827957,1.752688172043011,93
Chiapas,Chiapa de Corzo,2017,0.6037837266922,112075,55166,56909,7027,07,38,92,0.8586956521739131,92,0.449438202247191,89,0.9239130434782608,3.1739130434782608,92,0.8369565217391305,2.010989010989011,91
Chiapas,Chiapa de Corzo,2018,0.609017908573151,112075,55166,56909,7027,07,36,85,0.6941176470588235,85,0.41975308641975306,81,0.9411764705882352,3.376470588235294,85,0.788235294117647,2.2,85
Chiapas,Chiapa de Corzo,2019,0.608716309070587,112075,55166,56909,7027,07,32,95,0.6526315789473685,95,0.3191489361702128,94,0.8526315789473684,2.863157894736842,95,0.6421052631578947,1.4421052631578948,95
Chiapas,Chiapa de Corzo,2020,0.606849074363708,112075,55166,56909,7027,07,24,71,0.5285714285714286,70,0.3582089552238806,67,0.7183098591549296,2.140845070422535,71,0.6901408450704225,1.3943661971830985,71
Chiapas,Juárez,2013,0.745127439498901,471523,237717,233806,19031,19,53.3137641880093,4,0.5,4,0.25,4,0.75,2.5,4,0.25,0.25,4
Chiapas,Juárez,2014,0.751820504665375,471523,237717,233806,19031,19,48.4670583527357,33,0.7878787878787878,33,0.030303030303030304,33,0.9090909090909092,3,33,0.8787878787878788,2.212121212121212,33
Chiapas,Juárez,2015,0.753062427043915,471523,237717,233806,19031,19,51,56,0.6785714285714286,56,0.14285714285714285,56,0.8035714285714286,2.571428571428572,56,0.625,1.5535714285714284,56
Chiapas,Juárez,2016,0.733800411224365,1512450,756977,755473,8037,08,502,1057,0.5601895734597157,1055,0.16666666666666666,1056,0.6963103122043519,2.0842005676442774,1057,0.6726584673604541,1.589962121212119,1056
Chiapas,Juárez,2016,0.733800411224365,471523,237717,233806,19031,19,47,68,0.7058823529411765,68,0.38235294117647056,68,0.8970588235294118,2.8235294117647056,68,0.7205882352941176,1.7941176470588236,68
Chiapas,Juárez,2017,0.768673121929169,1512450,756977,755473,8037,08,676,1059,0.6748582230623819,1058,0.24976348155156103,1057,0.6931067044381491,2.1048158640226635,1059,0.5599622285174694,1.3741690408357057,1053
Chiapas,Juárez,2017,0.768673121929169,471523,237717,233806,19031,19,46,55,0.9272727272727272,55,0.43636363636363634,55,0.9272727272727272,3.709090909090909,55,0.8181818181818182,2.2727272727272725,55
Chiapas,Juárez,2018,0.756983876228333,1512450,756977,755473,8037,08,1065,1053,0.7509505703422054,1052,0.24737344794651384,1047,0.7378917378917379,2.4909781576448244,1053,0.7549857549857549,2.040991420400381,1049
Chiapas,Juárez,2018,0.756983876228333,471523,237717,233806,19031,19,86,10,0.7,10,0.5,10,1,3.9,10,0.9,2.1,10
Chiapas,Juárez,2019,0.763591647148132,1512450,756977,755473,8037,08,1332,1074,0.7672253258845437,1074,0.3037383177570093,1070,0.7560521415270018,2.311918063314711,1074,0.7541899441340782,1.841565703634668,1073
Chiapas,Juárez,2020,0.756649255752563,1512450,756977,755473,8037,08,1482,810,0.754320987654321,810,0.25806451612903225,806,0.7876543209876543,2.4518518518518504,810,0.7086419753086419,1.6765432098765447,810
Chiapas,Tapachula,2016,0.721758544445038,353706,171610,182096,7089,07,181,810,0.7876543209876543,810,0.568944099378882,805,0.8481481481481481,2.8776266996291704,809,0.7555555555555555,1.874534161490682,805
Chiapas,Tapachula,2017,0.734547734260559,353706,171610,182096,7089,07,190,1088,0.8692449355432781,1086,0.5267527675276753,1084,0.8998161764705882,3.18491260349586,1087,0.8262867647058824,1.9705069124423955,1085
Chiapas,Tapachula,2018,0.725394368171692,353706,171610,182096,7089,07,232,1080,0.8870370370370371,1080,0.4011352885525071,1057,0.8851851851851852,3.077777777777775,1080,0.7490740740740741,1.746505125815471,1073
Chiapas,Tapachula,2019,0.728426814079285,353706,171610,182096,7089,07,161,1085,0.922509225092251,1084,0.4586815227483751,1077,0.8682027649769585,2.856221198156685,1085,0.7465437788018433,1.7527675276752763,1084
Chiapas,Tapachula,2020,0.738139510154724,353706,171610,182096,7089,07,134,797,0.8178391959798995,796,0.40254777070063696,785,0.7816813048933501,2.425879396984924,796,0.5846925972396487,1.4301886792452834,795
Chiapas,Tonalá,2013,0.668236136436462,569913,281695,288218,14101,14,83.3633403667055,32,0.875,32,0.2258064516129032,31,1,3.25,32,0.84375,1.84375,32
Chiapas,Tonalá,2014,0.69524222612381,569913,281695,288218,14101,14,88.210046201979,72,0.8333333333333334,72,0.29577464788732394,71,0.9861111111111112,2.0972222222222223,72,0.6666666666666666,1.0277777777777777,72
Chiapas,Tonalá,2015,0.705486595630646,569913,281695,288218,14101,14,86,96,0.9791666666666666,96,0.4583333333333333,96,0.9895833333333334,4.135416666666666,96,0.9583333333333334,2.03125,96
Chiapas,Tonalá,2016,0.667939901351929,569913,281695,288218,14101,14,95,119,0.8067226890756303,119,0.2711864406779661,118,0.9411764705882352,3.5210084033613445,119,0.680672268907563,1.6302521008403363,119
Chiapas,Tonalá,2017,0.685834169387817,569913,281695,288218,14101,14,171,126,0.7619047619047619,126,0.328,125,0.8968253968253969,3.523809523809524,126,0.7936507936507936,1.8968253968253963,126
Chiapas,Tonalá,2018,0.705280125141144,569913,281695,288218,14101,14,171,807,0.7571251548946716,807,0.2974683544303797,790,0.9008674101610904,3.5130111524163583,807,0.5861214374225526,1.2709113607989997,801
Chiapas,Tonalá,2019,0.692542731761932,569913,281695,288218,14101,14,218,1054,0.813510941960038,1051,0.2887189292543021,1046,0.9146110056925996,3.619771863117872,1052,0.6660341555977229,1.5399239543726224,1052
Chiapas,Tonalá,2020,0.711475312709808,569913,281695,288218,14101,14,206,784,0.8020434227330779,783,0.31876606683804626,778,0.917091836734694,3.4349489795918364,784,0.8048469387755102,2.031928480204342,783
Chiapas,Tuxtla Gutiérrez,2013,0.53400993347168,604147,287524,316623,7101,07,169.634704234575,79,0.5897435897435898,78,0.37662337662337664,77,0.8354430379746836,2.7721518987341773,79,0.6962025316455697,1.5696202531645571,79
Chiapas,Tuxtla Gutiérrez,2014,0.557753622531891,604147,287524,316623,7101,07,220.04044492142,145,0.6344827586206897,145,0.4444444444444444,144,0.9379310344827586,3.1310344827586207,145,0.7793103448275862,1.8827586206896552,145
Chiapas,Tuxtla Gutiérrez,2015,0.558547794818878,604147,287524,316623,7101,07,211,153,0.673202614379085,153,0.35294117647058826,153,0.8627450980392157,2.7973856209150325,153,0.7647058823529411,1.9281045751633985,153
Chiapas,Tuxtla Gutiérrez,2016,0.532825708389282,604147,287524,316623,7101,07,197,994,0.7129909365558912,993,0.5426829268292683,984,0.8531187122736419,2.7444668008048287,994,0.7686116700201208,1.7693856998992954,993
Chiapas,Tuxtla Gutiérrez,2017,0.544816017150879,604147,287524,316623,7101,07,182,983,0.7767584097859327,981,0.5040899795501023,978,0.8463886063072228,2.674465920651068,983,0.8056968463886063,1.908443540183112,983
Chiapas,Tuxtla Gutiérrez,2018,0.543777644634247,604147,287524,316623,7101,07,127,974,0.7915811088295688,974,0.3746065057712487,953,0.811088295687885,2.579055441478438,974,0.7546201232032854,2.002057613168724,972
Chiapas,Tuxtla Gutiérrez,2019,0.537334322929382,604147,287524,316623,7101,07,104,984,0.8258655804480651,982,0.3062692702980473,973,0.8363821138211383,2.6449643947100703,983,0.8434959349593496,2.118006103763987,983
Chiapas,Tuxtla Gutiérrez,2020,0.552259981632233,604147,287524,316623,7101,07,73,746,0.7786774628879892,741,0.4238227146814405,722,0.7828418230563002,2.4611260053619306,746,0.7479892761394102,1.8183041722745612,743
Chiapas,Venustiano Carranza,2013,0.547764003276825,443704,210118,233586,9017,09,145.401175058207,25,0.64,25,0.04,25,0.72,2,25,0.48,1.2,25
Chiapas,Venustiano Carranza,2014,0.575490534305573,443704,210118,233586,9017,09,108.566210710128,45,0.7333333333333333,45,0.2,45,0.8,2.1555555555555554,45,0.8,1.577777777777778,45
Chiapas,Venustiano Carranza,2015,0.579129636287689,443704,210118,233586,9017,09,166,44,0.6590909090909091,44,0.12195121951219512,41,0.9545454545454546,2.75,44,0.75,1.3863636363636362,44
Chiapas,Venustiano Carranza,2016,0.553148567676544,443704,210118,233586,9017,09,170,244,0.8770491803278688,244,0.3662551440329218,243,0.9549180327868853,4.209016393442623,244,0.8565573770491803,2.094262295081967,244
Chiapas,Venustiano Carranza,2017,0.553450584411621,443704,210118,233586,9017,09,192,222,0.9054054054054054,222,0.410958904109589,219,0.9414414414414416,4.144144144144144,222,0.9009009009009008,2.130630630630631,222
Chiapas,Venustiano Carranza,2018,0.576260328292847,443704,210118,233586,9017,09,209,432,0.8352668213457076,431,0.2605633802816901,426,0.9328703703703703,3.990740740740739,432,0.8657407407407407,2.1608391608391613,429
Chiapas,Venustiano Carranza,2019,0.572375237941742,443704,210118,233586,9017,09,174,659,0.7027439024390244,656,0.19359756097560976,656,0.943854324734446,3.6919575113808807,659,0.802731411229135,1.769817073170732,656
Chiapas,Venustiano Carranza,2020,0.583090424537659,443704,210118,233586,9017,09,146,786,0.6713375796178344,785,0.2622107969151671,778,0.9300254452926208,3.568702290076336,786,0.7519083969465649,1.665384615384616,780
Chihuahua,Chihuahua,2013,0.288909435272217,937674,457240,480434,8019,08,326.667973297439,82,0.4814814814814815,81,0.0625,80,0.8536585365853658,2.3536585365853657,82,0.902439024390244,2.073170731707317,82
Chihuahua,Chihuahua,2014,0.312356859445572,937674,457240,480434,8019,08,238.45792709546,155,0.7597402597402597,154,0.17419354838709675,155,0.9096774193548388,2.7806451612903222,155,0.8387096774193549,1.8322580645161293,155
Chihuahua,Chihuahua,2015,0.297582238912582,937674,457240,480434,8019,08,201,163,0.7329192546583851,161,0.11728395061728394,162,0.8343558282208589,2.3067484662576683,163,0.9263803680981596,2.122699386503067,163
Chihuahua,Chihuahua,2016,0.295929253101349,937674,457240,480434,8019,08,314,1041,0.6341698841698842,1036,0.2315270935960591,1015,0.7579250720461095,2.236538461538462,1040,0.712776176753122,1.5891996142719382,1037
Chihuahua,Chihuahua,2017,0.312374889850616,937674,457240,480434,8019,08,421,1043,0.7353224254090471,1039,0.29138431752178123,1033,0.7564717162032598,2.26679462571977,1042,0.6788111217641419,1.576923076923076,1040
Chihuahua,Chihuahua,2018,0.287197411060333,937674,457240,480434,8019,08,334,1043,0.7351247600767754,1042,0.249269717624148,1027,0.7334611697027804,2.157238734419942,1043,0.7027804410354745,1.6846153846153853,1040
Chihuahua,Chihuahua,2019,0.283436000347137,937674,457240,480434,8019,08,385,1062,0.7233238904627006,1059,0.258587786259542,1048,0.7250470809792844,2.114985862393968,1061,0.7382297551789078,1.785646836638339,1059
Chihuahua,Chihuahua,2020,0.250894755125046,937674,457240,480434,8019,08,385,775,0.6283870967741936,775,0.2941935483870968,775,0.7032258064516129,2.07225806451613,775,0.6709677419354839,1.50064850843061,771
Chihuahua,Cuauhtémoc,2013,0.337654113769531,545884,260951,284933,9015,09,132.799739886496,23,0.782608695652174,23,0.13043478260869565,23,0.782608695652174,1.9565217391304344,23,0.5217391304347826,1.2173913043478262,23
Chihuahua,Cuauhtémoc,2014,0.357414990663528,545884,260951,284933,9015,09,135.70776338766,53,0.6226415094339622,53,0.24528301886792453,53,0.8490566037735849,2.377358490566037,53,0.5849056603773585,0.9811320754716982,53
Chihuahua,Cuauhtémoc,2015,0.358995258808136,545884,260951,284933,9015,09,169,65,0.676923076923077,65,0.14285714285714285,63,0.953846153846154,2.5846153846153848,65,0.9230769230769232,1.7846153846153847,65
Chihuahua,Cuauhtémoc,2016,0.353511542081833,545884,260951,284933,9015,09,163,307,0.7296416938110749,307,0.5049180327868853,305,0.9413680781758956,3.654723127035831,307,0.8045602605863192,1.856677524429967,307
Chihuahua,Cuauhtémoc,2017,0.350963205099106,545884,260951,284933,9015,09,184,315,0.8380952380952381,315,0.4507936507936508,315,0.9650793650793652,3.59047619047619,315,0.780952380952381,1.7619047619047616,315
Chihuahua,Cuauhtémoc,2018,0.343633979558945,545884,260951,284933,9015,09,175,494,0.8073022312373225,493,0.25416666666666665,480,0.8461538461538461,3.3468559837728167,493,0.8502024291497976,2.2657200811359024,493
Chihuahua,Cuauhtémoc,2019,0.350615680217743,545884,260951,284933,9015,09,170,677,0.8106508875739645,676,0.2414814814814815,675,0.9098966026587888,3.748520710059173,676,0.8641063515509602,2.053412462908012,674
Chihuahua,Cuauhtémoc,2020,0.316158831119537,545884,260951,284933,9015,09,147,747,0.6604026845637584,745,0.32472826086956524,736,0.8647925033467202,3.1204819277108435,747,0.7871485943775101,1.8042895442359248,746
Chihuahua,Guadalupe,2013,0.175551161170006,643143,318993,324150,19026,19,96.9341167054715,93,0.4301075268817205,93,0.1720430107526882,93,0.6129032258064516,1.580645161290322,93,0.6666666666666666,1.3440860215053765,93
Chihuahua,Guadalupe,2014,0.185250416398048,643143,318993,324150,19026,19,67.85388169383,161,0.6086956521739131,161,0.09316770186335405,161,0.7577639751552795,2.2111801242236027,161,0.7701863354037267,1.8633540372670807,161
Chihuahua,Guadalupe,2014,0.185250416398048,211740,102455,109285,32017,32,6.785388169383,52,0.7115384615384616,52,0.28846153846153844,52,0.8269230769230769,2.076923076923077,52,0.7115384615384616,1.7115384615384617,52
Chihuahua,Guadalupe,2015,0.19043080508709,643143,318993,324150,19026,19,65,159,0.4840764331210191,157,0.13924050632911392,158,0.7547169811320755,2.056603773584906,159,0.6289308176100629,1.4025157232704402,159
Chihuahua,Guadalupe,2015,0.19043080508709,211740,102455,109285,32017,32,38,64,0.703125,64,0.3333333333333333,63,0.796875,2.484375,64,0.703125,1.9206349206349205,63
Chihuahua,Guadalupe,2016,0.185728758573532,643143,318993,324150,19026,19,103,144,0.6805555555555556,144,0.19858156028368795,141,0.75,2.2569444444444446,144,0.7152777777777778,1.6180555555555556,144
Chihuahua,Guadalupe,2016,0.185728758573532,211740,102455,109285,32017,32,88,636,0.8377952755905512,635,0.35873015873015873,630,0.8066037735849056,2.6069182389937104,636,0.7735849056603774,1.9874213836477983,636
Chihuahua,Guadalupe,2017,0.184828713536263,643143,318993,324150,19026,19,91,155,0.7612903225806451,155,0.23225806451612904,155,0.8129032258064516,2.490322580645161,155,0.7677419354838709,1.7857142857142854,154
Chihuahua,Guadalupe,2017,0.184828713536263,211740,102455,109285,32017,32,120,651,0.8433179723502304,651,0.4489164086687306,646,0.8033794162826421,2.528417818740398,651,0.7772657450076805,2.141321044546852,651
Chihuahua,Guadalupe,2018,0.168812096118927,643143,318993,324150,19026,19,94,803,0.6077694235588973,798,0.19948186528497408,772,0.8231631382316313,2.4757160647571608,803,0.6874221668742216,1.5987500000000003,800
Chihuahua,Guadalupe,2018,0.168812096118927,211740,102455,109285,32017,32,80,644,0.8411214953271028,642,0.278816199376947,642,0.8245341614906833,2.68895800933126,643,0.7608695652173914,1.931142410015648,639
Chihuahua,Guadalupe,2019,0.171230748295784,643143,318993,324150,19026,19,124,1050,0.5514285714285714,1050,0.1361457334611697,1043,0.7123809523809523,1.7971428571428558,1050,0.42857142857142855,0.9157894736842096,1045
Chihuahua,Guadalupe,2019,0.171230748295784,211740,102455,109285,32017,32,87,638,0.8034591194968553,636,0.250788643533123,634,0.8119122257053292,2.6347962382445145,638,0.7852664576802508,2.0283018867924527,636
Chihuahua,Guadalupe,2020,0.171840220689774,643143,318993,324150,19026,19,113,799,0.4893350062735257,797,0.19546027742749053,793,0.6733416770963705,1.7246558197747188,799,0.5544430538172715,1.315258511979824,793
Chihuahua,Guadalupe,2020,0.171840220689774,211740,102455,109285,32017,32,110,434,0.812933025404157,433,0.3148148148148148,432,0.7857142857142857,2.382488479262672,434,0.7258064516129032,1.791666666666668,432
Chihuahua,Juárez,2013,0.145101562142372,471523,237717,233806,19031,19,53.3137641880093,4,0.5,4,0.25,4,0.75,2.5,4,0.25,0.25,4
Chihuahua,Juárez,2014,0.158022165298462,471523,237717,233806,19031,19,48.4670583527357,33,0.7878787878787878,33,0.030303030303030304,33,0.9090909090909092,3,33,0.8787878787878788,2.212121212121212,33
Chihuahua,Juárez,2015,0.144297510385513,471523,237717,233806,19031,19,51,56,0.6785714285714286,56,0.14285714285714285,56,0.8035714285714286,2.571428571428572,56,0.625,1.5535714285714284,56
Chihuahua,Juárez,2016,0.143764317035675,1512450,756977,755473,8037,08,502,1057,0.5601895734597157,1055,0.16666666666666666,1056,0.6963103122043519,2.0842005676442774,1057,0.6726584673604541,1.589962121212119,1056
Chihuahua,Juárez,2016,0.143764317035675,471523,237717,233806,19031,19,47,68,0.7058823529411765,68,0.38235294117647056,68,0.8970588235294118,2.8235294117647056,68,0.7205882352941176,1.7941176470588236,68
Chihuahua,Juárez,2017,0.154335826635361,1512450,756977,755473,8037,08,676,1059,0.6748582230623819,1058,0.24976348155156103,1057,0.6931067044381491,2.1048158640226635,1059,0.5599622285174694,1.3741690408357057,1053
Chihuahua,Juárez,2017,0.154335826635361,471523,237717,233806,19031,19,46,55,0.9272727272727272,55,0.43636363636363634,55,0.9272727272727272,3.709090909090909,55,0.8181818181818182,2.2727272727272725,55
Chihuahua,Juárez,2018,0.139280810952187,1512450,756977,755473,8037,08,1065,1053,0.7509505703422054,1052,0.24737344794651384,1047,0.7378917378917379,2.4909781576448244,1053,0.7549857549857549,2.040991420400381,1049
Chihuahua,Juárez,2018,0.139280810952187,471523,237717,233806,19031,19,86,10,0.7,10,0.5,10,1,3.9,10,0.9,2.1,10
Chihuahua,Juárez,2019,0.136017024517059,1512450,756977,755473,8037,08,1332,1074,0.7672253258845437,1074,0.3037383177570093,1070,0.7560521415270018,2.311918063314711,1074,0.7541899441340782,1.841565703634668,1073
Chihuahua,Juárez,2020,0.141268566250801,1512450,756977,755473,8037,08,1482,810,0.754320987654321,810,0.25806451612903225,806,0.7876543209876543,2.4518518518518504,810,0.7086419753086419,1.6765432098765447,810
Chihuahua,Matamoros,2016,0.319301873445511,118337,58692,59645,5017,05,20,39,0.41025641025641024,39,0.3076923076923077,39,0.8205128205128205,1.948717948717949,39,0.6410256410256411,1.8205128205128207,39
Chihuahua,Matamoros,2017,0.333827406167984,118337,58692,59645,5017,05,28,53,0.4807692307692308,52,0.3137254901960784,51,0.8490566037735849,2.358490566037736,53,0.6226415094339622,1.69811320754717,53
Chihuahua,Matamoros,2018,0.315897583961487,118337,58692,59645,5017,05,28,51,0.5882352941176471,51,0.29411764705882354,51,0.7058823529411765,1.7843137254901962,51,0.4901960784313725,0.9411764705882352,51
Chihuahua,Matamoros,2019,0.30157259106636,118337,58692,59645,5017,05,21,53,0.5283018867924528,53,0.2641509433962264,53,0.6037735849056604,1.849056603773585,53,0.6981132075471698,1.679245283018868,53
Chihuahua,Matamoros,2020,0.267036437988281,118337,58692,59645,5017,05,13,49,0.5306122448979592,49,0.3673469387755102,49,0.7551020408163265,2.163265306122449,49,0.673469387755102,1.3877551020408163,49
Coahuila,Juárez,2013,0.297585248947144,471523,237717,233806,19031,19,53.3137641880093,4,0.5,4,0.25,4,0.75,2.5,4,0.25,0.25,4
Coahuila,Juárez,2014,0.328045129776001,471523,237717,233806,19031,19,48.4670583527357,33,0.7878787878787878,33,0.030303030303030304,33,0.9090909090909092,3,33,0.8787878787878788,2.212121212121212,33
Coahuila,Juárez,2015,0.353122293949127,471523,237717,233806,19031,19,51,56,0.6785714285714286,56,0.14285714285714285,56,0.8035714285714286,2.571428571428572,56,0.625,1.5535714285714284,56
Coahuila,Juárez,2016,0.381458818912506,1512450,756977,755473,8037,08,502,1057,0.5601895734597157,1055,0.16666666666666666,1056,0.6963103122043519,2.0842005676442774,1057,0.6726584673604541,1.589962121212119,1056
Coahuila,Juárez,2016,0.381458818912506,471523,237717,233806,19031,19,47,68,0.7058823529411765,68,0.38235294117647056,68,0.8970588235294118,2.8235294117647056,68,0.7205882352941176,1.7941176470588236,68
Coahuila,Juárez,2017,0.396216630935669,1512450,756977,755473,8037,08,676,1059,0.6748582230623819,1058,0.24976348155156103,1057,0.6931067044381491,2.1048158640226635,1059,0.5599622285174694,1.3741690408357057,1053
Coahuila,Juárez,2017,0.396216630935669,471523,237717,233806,19031,19,46,55,0.9272727272727272,55,0.43636363636363634,55,0.9272727272727272,3.709090909090909,55,0.8181818181818182,2.2727272727272725,55
Coahuila,Juárez,2018,0.378580957651138,1512450,756977,755473,8037,08,1065,1053,0.7509505703422054,1052,0.24737344794651384,1047,0.7378917378917379,2.4909781576448244,1053,0.7549857549857549,2.040991420400381,1049
Coahuila,Juárez,2018,0.378580957651138,471523,237717,233806,19031,19,86,10,0.7,10,0.5,10,1,3.9,10,0.9,2.1,10
Coahuila,Juárez,2019,0.289577692747116,1512450,756977,755473,8037,08,1332,1074,0.7672253258845437,1074,0.3037383177570093,1070,0.7560521415270018,2.311918063314711,1074,0.7541899441340782,1.841565703634668,1073
Coahuila,Juárez,2020,0.282311707735062,1512450,756977,755473,8037,08,1482,810,0.754320987654321,810,0.25806451612903225,806,0.7876543209876543,2.4518518518518504,810,0.7086419753086419,1.6765432098765447,810
Coahuila,Matamoros,2016,0.296353429555893,118337,58692,59645,5017,05,20,39,0.41025641025641024,39,0.3076923076923077,39,0.8205128205128205,1.948717948717949,39,0.6410256410256411,1.8205128205128207,39
Coahuila,Matamoros,2017,0.271770924329758,118337,58692,59645,5017,05,28,53,0.4807692307692308,52,0.3137254901960784,51,0.8490566037735849,2.358490566037736,53,0.6226415094339622,1.69811320754717,53
Coahuila,Matamoros,2018,0.297641813755035,118337,58692,59645,5017,05,28,51,0.5882352941176471,51,0.29411764705882354,51,0.7058823529411765,1.7843137254901962,51,0.4901960784313725,0.9411764705882352,51
Coahuila,Matamoros,2019,0.280013233423233,118337,58692,59645,5017,05,21,53,0.5283018867924528,53,0.2641509433962264,53,0.6037735849056604,1.849056603773585,53,0.6981132075471698,1.679245283018868,53
Coahuila,Matamoros,2020,0.264209032058716,118337,58692,59645,5017,05,13,49,0.5306122448979592,49,0.3673469387755102,49,0.7551020408163265,2.163265306122449,49,0.673469387755102,1.3877551020408163,49
Coahuila,Nava,2016,0.392567962408066,33129,16599,16530,5022,05,7,10,0.3,10,0.2222222222222222,9,0.5,1.1,10,0.8,1.9,10
Coahuila,Nava,2017,0.400359034538269,33129,16599,16530,5022,05,8,34,0.38235294117647056,34,0.1176470588235294,34,0.4411764705882353,1,34,0.4705882352941176,1.3333333333333337,33
Coahuila,Nava,2018,0.40158289670944203,33129,16599,16530,5022,05,8,34,0.5,34,0.30303030303030304,33,0.5,1.4117647058823528,34,0.2058823529411765,0.588235294117647,34
Coahuila,Nava,2019,0.352118521928787,33129,16599,16530,5022,05,1,40,0.65,40,0.375,40,0.575,1.1,40,0.225,0.4000000000000001,40
Coahuila,Nava,2020,0.264696776866913,33129,16599,16530,5022,05,5,26,0.4230769230769231,26,0.34615384615384615,26,0.5384615384615384,1.2307692307692308,26,0.4615384615384616,0.846153846153846,26
Coahuila,Piedras Negras,2016,0.426290184259415,176327,88711,87616,5025,05,32,230,0.4780701754385965,228,0.2374429223744292,219,0.6695652173913044,1.6913043478260863,230,0.7043478260869566,1.6359649122807016,228
Coahuila,Piedras Negras,2017,0.392953306436539,176327,88711,87616,5025,05,36,1005,0.41691542288557215,1005,0.17330677290836655,1004,0.6079601990049751,1.686567164179105,1005,0.5890547263681593,1.2603015075376882,995
Coahuila,Piedras Negras,2018,0.37899649143219,176327,88711,87616,5025,05,34,1005,0.5402985074626866,1005,0.3026973026973027,1001,0.6437810945273632,1.8487562189054725,1005,0.5223880597014925,1.1473259334006056,991
Coahuila,Piedras Negras,2019,0.398555755615234,176327,88711,87616,5025,05,23,1002,0.49201596806387227,1002,0.22954091816367264,1002,0.5788423153692615,1.541916167664671,1002,0.4181636726546906,0.9269999999999988,1000
Coahuila,Piedras Negras,2020,0.30112099647522,176327,88711,87616,5025,05,29,758,0.4973614775725594,758,0.26649076517150394,758,0.6081794195250659,1.646437994722956,758,0.4736147757255937,1.0396825396825409,756
Coahuila,Progreso,2013,0.300954073667526,66008,32979,33029,31059,31,2.90802350116414,4,0.25,4,0.25,4,1,2.75,4,0,0,4
Coahuila,Progreso,2014,0.350712478160858,66008,32979,33029,31059,31,1.93868233410943,5,0.4,5,0,5,1,1.8,5,0.8,1.2,5
Coahuila,Progreso,2016,0.397457242012024,66008,32979,33029,31059,31,12,51,0.5294117647058824,51,0.5294117647058824,51,0.8823529411764706,2.2745098039215685,51,0.3137254901960784,0.4117647058823529,51
Coahuila,Progreso,2017,0.398785918951035,66008,32979,33029,31059,31,4,60,0.4166666666666667,60,0.5833333333333334,60,0.9333333333333332,2.583333333333333,60,0.3333333333333333,0.8166666666666668,60
Coahuila,Progreso,2018,0.386765360832214,66008,32979,33029,31059,31,6,57,0.3859649122807017,57,0.22807017543859648,57,0.8070175438596491,2.210526315789473,57,0.45614035087719296,0.736842105263158,57
Coahuila,Progreso,2019,0.32337012887001,66008,32979,33029,31059,31,7,69,0.30434782608695654,69,0.2753623188405797,69,0.6811594202898551,1.7246376811594204,69,0.43478260869565216,0.9565217391304348,69
Coahuila,Progreso,2020,0.302536725997925,66008,32979,33029,31059,31,4,79,0.4430379746835443,79,0.2987012987012987,77,0.7215189873417721,2.151898734177215,79,0.6075949367088608,1.2820512820512822,78
Coahuila,Ramos Arizpe,2013,0.246333196759224,122243,62722,59521,5027,05,34.8962820139697,9,0.5555555555555556,9,0,9,0.8888888888888888,2.111111111111111,9,0.6666666666666666,2,9
Coahuila,Ramos Arizpe,2014,0.281799912452698,122243,62722,59521,5027,05,27.141552677532,16,0.25,16,0.1875,16,0.75,2.5625,16,0.6875,1.875,16
Coahuila,Ramos Arizpe,2015,0.317589491605759,122243,62722,59521,5027,05,22,8,0.25,8,0.25,8,0.625,1.625,8,0.5,1.25,8
Coahuila,Ramos Arizpe,2016,0.302983194589615,122243,62722,59521,5027,05,16,91,0.4615384615384616,91,0.07865168539325842,89,0.5934065934065934,1.7362637362637363,91,0.5714285714285714,1.2444444444444445,90
Coahuila,Ramos Arizpe,2017,0.274690747261047,122243,62722,59521,5027,05,19,95,0.2,95,0.10526315789473684,95,0.4947368421052632,1.1473684210526316,95,0.3263157894736842,0.568421052631579,95
Coahuila,Ramos Arizpe,2018,0.292052090167999,122243,62722,59521,5027,05,16,92,0.2065217391304348,92,0.125,88,0.5978260869565217,1.434782608695652,92,0.4021739130434783,0.7934782608695651,92
Coahuila,Ramos Arizpe,2019,0.283168613910675,122243,62722,59521,5027,05,19,93,0.3010752688172043,93,0.14130434782608697,92,0.6344086021505376,1.3763440860215053,93,0.5698924731182796,1.1612903225806452,93
Coahuila,Ramos Arizpe,2020,0.278315603733063,122243,62722,59521,5027,05,21,70,0.32857142857142857,70,0.15942028985507245,69,0.4142857142857143,1.2571428571428571,70,0.5571428571428572,1.2857142857142858,70
Coahuila,Saltillo,2013,0.293458759784698,879958,437792,442166,5030,05,142.493151557043,85,0.6,85,0.16470588235294115,85,0.7294117647058823,2.3058823529411763,85,0.7529411764705882,2.0588235294117645,85
Coahuila,Saltillo,2014,0.32871687412262,879958,437792,442166,5030,05,111.474234211292,173,0.5260115606936416,173,0.15028901734104047,173,0.7283236994219653,2.341040462427746,173,0.7456647398843931,1.867052023121388,173
Coahuila,Saltillo,2015,0.36858919262886,879958,437792,442166,5030,05,97,188,0.48404255319148937,188,0.16489361702127658,188,0.7606382978723404,2.287234042553192,188,0.6914893617021277,1.6329787234042554,188
Coahuila,Saltillo,2016,0.337648302316666,879958,437792,442166,5030,05,68,943,0.4596602972399151,942,0.1824973319103522,937,0.6818663838812301,1.7932131495228,943,0.6553552492046659,1.5557917109458022,941
Coahuila,Saltillo,2017,0.319318652153015,879958,437792,442166,5030,05,67,933,0.41423948220064727,927,0.20636663007683864,911,0.5894962486602358,1.6323687031082532,933,0.5927116827438371,1.3129689174705248,933
Coahuila,Saltillo,2018,0.328316390514374,879958,437792,442166,5030,05,81,932,0.3491379310344828,928,0.12445887445887446,924,0.5847639484978541,1.4833512352309346,931,0.5332618025751072,1.17241379310345,928
Coahuila,Saltillo,2019,0.319375842809677,879958,437792,442166,5030,05,75,932,0.3351235230934479,931,0.1657638136511376,923,0.5740343347639485,1.4313304721030042,932,0.5418454935622318,1.1759656652360522,932
Coahuila,Saltillo,2020,0.321044653654099,879958,437792,442166,5030,05,73,698,0.3022922636103152,698,0.15988372093023256,688,0.5859598853868195,1.60458452722063,698,0.5587392550143266,1.2367288378766144,697
Coahuila,Torreón,2016,0.308556407690048,720848,351753,369095,5035,05,139,453,0.5641592920353983,452,0.21076233183856505,446,0.7240618101545254,2.0640176600441498,453,0.7726269315673289,1.882483370288248,451
Coahuila,Torreón,2017,0.284195244312286,720848,351753,369095,5035,05,156,608,0.5737976782752903,603,0.2440273037542662,586,0.7286184210526315,1.9225700164744648,607,0.5888157894736842,1.2840531561461797,602
Coahuila,Torreón,2018,0.295478284358978,720848,351753,369095,5035,05,142,618,0.5218800648298217,617,0.18666666666666668,600,0.6796116504854369,1.641815235008104,617,0.5501618122977346,1.2100977198697065,614
Coahuila,Torreón,2019,0.278018474578857,720848,351753,369095,5035,05,130,601,0.5225375626043406,599,0.17420435510887772,597,0.653910149750416,1.720465890183028,601,0.6256239600665557,1.3288590604026842,596
Coahuila,Torreón,2020,0.273185908794403,720848,351753,369095,5035,05,93,451,0.5299334811529933,451,0.17832957110609482,443,0.656319290465632,1.7228381374722834,451,0.614190687361419,1.3037694013303764,451
Colima,Colima,2013,0.591038405895233,157048,76155,80893,6002,06,45.5590348515716,46,0.6739130434782609,46,0.021739130434782608,46,0.9782608695652174,3,46,0.5869565217391305,0.9130434782608696,46
Colima,Colima,2014,0.636322259902954,157048,76155,80893,6002,06,22.2948468422584,83,0.5542168674698795,83,0,83,0.9759036144578314,3.240963855421687,83,0.7108433734939759,1.289156626506024,83
Colima,Colima,2015,0.646853864192963,157048,76155,80893,6002,06,41,83,0.5783132530120482,83,0.02409638554216868,83,1,3.5180722891566267,83,0.8433734939759037,1.7710843373493976,83
Colima,Colima,2016,0.607052683830261,157048,76155,80893,6002,06,120,409,0.7677261613691931,409,0.3783783783783784,407,0.8581907090464548,2.589242053789731,409,0.706601466992665,1.6039119804400976,409
Colima,Colima,2017,0.572054147720337,157048,76155,80893,6002,06,139,367,0.7929155313351499,367,0.37057220708446864,367,0.8065395095367848,2.460490463215259,367,0.6485013623978202,1.6049046321525884,367
Colima,Colima,2018,0.582612752914429,157048,76155,80893,6002,06,104,273,0.7416974169741697,271,0.26394052044609667,269,0.7912087912087912,2.643382352941176,272,0.7472527472527473,1.8235294117647056,272
Colima,Colima,2019,0.598638534545898,157048,76155,80893,6002,06,127,314,0.6847133757961783,314,0.255663430420712,309,0.7993630573248408,2.5175718849840254,313,0.6942675159235668,1.571884984025559,313
Colima,Colima,2020,0.590999126434326,157048,76155,80893,6002,06,100,249,0.6345381526104418,249,0.3734939759036144,249,0.7309236947791165,2.358870967741935,248,0.6546184738955824,1.650602409638554,249
Colima,Cuauhtémoc,2013,0.614921748638153,545884,260951,284933,9015,09,132.799739886496,23,0.782608695652174,23,0.13043478260869565,23,0.782608695652174,1.9565217391304344,23,0.5217391304347826,1.2173913043478262,23
Colima,Cuauhtémoc,2014,0.651100337505341,545884,260951,284933,9015,09,135.70776338766,53,0.6226415094339622,53,0.24528301886792453,53,0.8490566037735849,2.377358490566037,53,0.5849056603773585,0.9811320754716982,53
Colima,Cuauhtémoc,2015,0.655262172222137,545884,260951,284933,9015,09,169,65,0.676923076923077,65,0.14285714285714285,63,0.953846153846154,2.5846153846153848,65,0.9230769230769232,1.7846153846153847,65
Colima,Cuauhtémoc,2016,0.626132667064667,545884,260951,284933,9015,09,163,307,0.7296416938110749,307,0.5049180327868853,305,0.9413680781758956,3.654723127035831,307,0.8045602605863192,1.856677524429967,307
Colima,Cuauhtémoc,2017,0.582214891910553,545884,260951,284933,9015,09,184,315,0.8380952380952381,315,0.4507936507936508,315,0.9650793650793652,3.59047619047619,315,0.780952380952381,1.7619047619047616,315
Colima,Cuauhtémoc,2018,0.607110142707825,545884,260951,284933,9015,09,175,494,0.8073022312373225,493,0.25416666666666665,480,0.8461538461538461,3.3468559837728167,493,0.8502024291497976,2.2657200811359024,493
Colima,Cuauhtémoc,2019,0.62041425704956,545884,260951,284933,9015,09,170,677,0.8106508875739645,676,0.2414814814814815,675,0.9098966026587888,3.748520710059173,676,0.8641063515509602,2.053412462908012,674
Colima,Cuauhtémoc,2020,0.626435279846191,545884,260951,284933,9015,09,147,747,0.6604026845637584,745,0.32472826086956524,736,0.8647925033467202,3.1204819277108435,747,0.7871485943775101,1.8042895442359248,746
Colima,Manzanillo,2016,0.674586772918701,191031,95117,95914,6007,06,183,809,0.6126237623762376,808,0.36835443037974686,790,0.7737948084054388,2.353522867737948,809,0.6341161928306551,1.4808405438813363,809
Colima,Manzanillo,2017,0.619457185268402,191031,95117,95914,6007,06,251,1084,0.7158671586715867,1084,0.4242144177449168,1082,0.7887453874538746,2.3920664206642064,1084,0.6817343173431735,1.630655586334257,1083
Colima,Manzanillo,2018,0.662206888198853,191031,95117,95914,6007,06,245,1024,0.705078125,1024,0.2828882294757666,1011,0.73828125,2.1183953033268117,1022,0.708984375,1.773084479371316,1018
Colima,Manzanillo,2019,0.64808601140976,191031,95117,95914,6007,06,304,1014,0.7357001972386588,1014,0.298,1000,0.7682445759368837,2.2850098619329384,1014,0.6558185404339251,1.5431976166832182,1007
Colima,Manzanillo,2020,0.655271470546722,191031,95117,95914,6007,06,310,750,0.6684491978609626,748,0.28396739130434784,736,0.7586666666666667,2.270666666666667,750,0.668,1.5759999999999996,750
Colima,Villa de Álvarez,2013,0.634842932224274,149762,72354,77408,6010,06,12.6014351717113,47,0.8297872340425532,47,0.02127659574468085,47,1,3.234042553191489,47,0.723404255319149,1.319148936170213,47
Colima,Villa de Álvarez,2014,0.691316843032837,149762,72354,77408,6010,06,16.4787998399302,102,0.5686274509803921,102,0.0392156862745098,102,0.9705882352941176,2.803921568627451,102,0.696078431372549,1.156862745098039,102
Colima,Villa de Álvarez,2015,0.699986457824707,149762,72354,77408,6010,06,15,101,0.5841584158415841,101,0.0198019801980198,101,0.9702970297029704,2.9405940594059405,101,0.8316831683168316,1.772277227722772,101
Colima,Villa de Álvarez,2016,0.666438817977905,149762,72354,77408,6010,06,28,646,0.7147286821705426,645,0.3483670295489891,643,0.804953560371517,2.1300309597523213,646,0.7275541795665634,1.5993788819875778,644
Colima,Villa de Álvarez,2017,0.626269161701202,149762,72354,77408,6010,06,42,681,0.7617647058823529,680,0.4014705882352941,680,0.6872246696035242,1.898529411764704,680,0.6696035242290749,1.4831130690161525,681
Colima,Villa de Álvarez,2018,0.651893377304077,149762,72354,77408,6010,06,29,771,0.6597402597402597,770,0.2356020942408377,764,0.7250324254215305,2.0376623376623377,770,0.7380025940337225,1.6740259740259744,770
Colima,Villa de Álvarez,2019,0.646230340003967,149762,72354,77408,6010,06,44,728,0.6455172413793103,725,0.24896265560165973,723,0.7582417582417582,2.173314993122422,727,0.7362637362637363,1.6648351648351631,728
Colima,Villa de Álvarez,2020,0.661035537719727,149762,72354,77408,6010,06,50,522,0.6461538461538462,520,0.3552123552123552,518,0.7662835249042146,2.2701149425287355,522,0.7567049808429118,1.7950191570881229,522
Distrito Federal,Azcapotzalco,2013,0.17330002784729,432205,204950,227255,9002,09,38.7736466821886,18,0.9444444444444444,18,0.05555555555555555,18,0.8333333333333334,1.8888888888888888,18,0.5,1.1666666666666667,18
Distrito Federal,Azcapotzalco,2014,0.175788313150406,432205,204950,227255,9002,09,57.1911288562282,41,0.902439024390244,41,0.425,40,0.951219512195122,2.5609756097560976,41,0.3170731707317073,0.4878048780487805,41
Distrito Federal,Azcapotzalco,2015,0.190278574824333,432205,204950,227255,9002,09,73,51,0.7450980392156863,51,0.17647058823529413,51,0.9607843137254902,2.980392156862745,51,0.6862745098039216,1.2745098039215683,51
Distrito Federal,Azcapotzalco,2016,0.187489673495293,432205,204950,227255,9002,09,46,203,0.9064039408866996,203,0.4137931034482759,203,0.9852216748768472,4.187192118226601,203,0.8029556650246306,1.783251231527094,203
Distrito Federal,Azcapotzalco,2017,0.182717099785805,432205,204950,227255,9002,09,57,185,0.9135135135135136,185,0.46703296703296704,182,0.945945945945946,4,185,0.827027027027027,1.8688524590163929,183
Distrito Federal,Azcapotzalco,2018,0.18277545273304,432205,204950,227255,9002,09,60,386,0.8134715025906736,386,0.21220159151193635,377,0.93523316062176165,3.8857142857142857,385,0.8860103626943006,2.1766233766233767,385
Distrito Federal,Azcapotzalco,2019,0.183814808726311,432205,204950,227255,9002,09,74,620,0.7853658536585366,615,0.2894308943089431,615,0.9193548387096774,3.738287560581584,619,0.8564516129032258,2.138709677419354,620
Distrito Federal,Azcapotzalco,2020,0.18853223323822,432205,204950,227255,9002,09,68,795,0.7689393939393939,792,0.3359073359073359,777,0.9006289308176101,3.423899371069182,795,0.869182389937107,2.1929382093316527,793
Distrito Federal,Benito Juárez,2013,0.183966070413589,434153,202121,232032,9014,09,55.2524465221187,46,0.3695652173913043,46,0.11363636363636365,44,0.5869565217391305,1.0869565217391304,46,0.717391304347826,1.1521739130434785,46
Distrito Federal,Benito Juárez,2013,0.183966070413589,911503,459325,452178,23005,23,347.993478972643,74,0.7567567567567568,74,0.35135135135135137,74,0.8648648648648649,3.2837837837837838,74,0.8108108108108109,2.0135135135135136,74
Distrito Federal,Benito Juárez,2014,0.185836672782898,434153,202121,232032,9014,09,68.8232228608847,67,0.3582089552238806,67,0.14925373134328357,67,0.6119402985074627,1.1044776119402986,67,0.8059701492537313,1.373134328358209,67
Distrito Federal,Benito Juárez,2014,0.185836672782898,911503,459325,452178,23005,23,280.139597278813,163,0.7852760736196319,163,0.2822085889570552,163,0.901840490797546,3.282208588957056,163,0.8650306748466258,2.441717791411043,163
Distrito Federal,Benito Juárez,2015,0.197644546627998,434153,202121,232032,9014,09,58,68,0.2058823529411765,68,0.014705882352941176,68,0.6617647058823529,0.9705882352941176,68,0.6617647058823529,0.9558823529411764,68
Distrito Federal,Benito Juárez,2015,0.197644546627998,911503,459325,452178,23005,23,355,155,0.7354838709677419,155,0.27741935483870966,155,0.8387096774193549,3.012903225806452,155,0.7870967741935484,2.064516129032259,155
Distrito Federal,Benito Juárez,2016,0.197693213820457,434153,202121,232032,9014,09,59,224,0.6696428571428571,224,0.2825112107623318,223,0.7901785714285714,1.870535714285714,224,0.6517857142857143,1.294642857142858,224
Distrito Federal,Benito Juárez,2016,0.197693213820457,911503,459325,452178,23005,23,128,987,0.6968463886063072,983,0.3357972544878564,947,0.8226950354609929,2.4726166328600403,986,0.7436676798378926,1.7525354969574023,986
Distrito Federal,Benito Juárez,2017,0.198752194643021,434153,202121,232032,9014,09,72,265,0.8452830188679246,265,0.4204545454545455,264,0.8226415094339623,2.064150943396226,265,0.7811320754716982,1.6226415094339626,265
Distrito Federal,Benito Juárez,2017,0.198752194643021,911503,459325,452178,23005,23,287,1024,0.8388671875,1024,0.4877089478859391,1017,0.837890625,2.793743890518084,1023,0.7734375,2.00293542074364,1022
Distrito Federal,Benito Juárez,2018,0.19765217602253,434153,202121,232032,9014,09,49,405,0.7400990099009901,404,0.24875621890547264,402,0.854320987654321,2.3777777777777778,405,0.782716049382716,1.5990099009900995,404
Distrito Federal,Benito Juárez,2018,0.19765217602253,911503,459325,452178,23005,23,591,1018,0.9163385826771654,1016,0.44144144144144143,999,0.8860510805500982,3.236971484759096,1017,0.7799607072691552,2.163951120162932,982
Distrito Federal,Benito Juárez,2019,0.20334081351757,434153,202121,232032,9014,09,39,634,0.5499207606973059,631,0.266025641025641,624,0.8186119873817035,2.1451104100946368,634,0.7854889589905363,1.568720379146919,633
Distrito Federal,Benito Juárez,2019,0.20334081351757,911503,459325,452178,23005,23,777,1009,0.9055666003976144,1006,0.3522954091816367,1002,0.8414271555996036,2.842418235877106,1009,0.7383548067393458,1.774801587301588,1008
Distrito Federal,Benito Juárez,2020,0.214878782629967,434153,202121,232032,9014,09,67,762,0.40813648293963256,762,0.3386034255599473,759,0.7454068241469817,1.7003942181340346,761,0.6666666666666666,1.3298291721419189,761
Distrito Federal,Benito Juárez,2020,0.214878782629967,911503,459325,452178,23005,23,644,750,0.8462566844919787,748,0.4059139784946236,744,0.8093333333333333,2.5700934579439245,749,0.7386666666666667,1.8857526881720437,744
Distrito Federal,Coyoacán,2013,0.262610882520676,614447,289110,325337,9003,09,54.283105355064,34,0.2352941176470588,34,0.06060606060606061,33,0.4117647058823529,0.823529411764706,34,0.5882352941176471,1,34
Distrito Federal,Coyoacán,2014,0.268104255199432,614447,289110,325337,9003,09,79.4859756984866,66,0.3787878787878788,66,0.07692307692307693,65,0.48484848484848486,1.181818181818182,66,0.8181818181818182,1.4848484848484849,66
Distrito Federal,Coyoacán,2015,0.278855323791504,614447,289110,325337,9003,09,56,54,0.5740740740740741,54,0.24074074074074076,54,0.8518518518518519,2.518518518518518,54,0.7962962962962963,1.4074074074074074,54
Distrito Federal,Coyoacán,2016,0.271785289049149,614447,289110,325337,9003,09,70,352,0.8323863636363636,352,0.4119318181818182,352,0.8721590909090909,3.2045454545454546,352,0.8096590909090909,1.7150997150997154,351
Distrito Federal,Coyoacán,2017,0.270737111568451,614447,289110,325337,9003,09,64,340,0.85,340,0.4882352941176471,340,0.9117647058823528,3.35,340,0.75,1.6320474777448075,337
Distrito Federal,Coyoacán,2018,0.273998767137527,614447,289110,325337,9003,09,82,475,0.758985200845666,473,0.2709251101321586,454,0.9157894736842104,3.567510548523208,474,0.84,1.9661016949152557,472
Distrito Federal,Coyoacán,2019,0.272992312908173,614447,289110,325337,9003,09,93,693,0.7138728323699421,692,0.277037037037037,675,0.9163059163059164,3.207792207792207,693,0.7994227994227994,1.8989898989898992,693
Distrito Federal,Coyoacán,2020,0.280273795127869,614447,289110,325337,9003,09,75,780,0.6230769230769231,780,0.3359173126614987,774,0.8384615384615385,2.817948717948718,780,0.7333333333333333,1.6173800259403377,771
Distrito Federal,Cuajimalpa de Morelos,2013,0.558385848999023,217686,104149,113537,9004,09,26.1722115104773,4,0.75,4,0.25,4,0.75,2.5,4,0,0,4
Distrito Federal,Cuajimalpa de Morelos,2014,0.565795183181763,217686,104149,113537,9004,09,24.2335291763679,15,0.8666666666666667,15,0.3333333333333333,15,1,3.466666666666667,15,0.7333333333333333,1,15
Distrito Federal,Cuajimalpa de Morelos,2015,0.591739654541016,217686,104149,113537,9004,09,35,22,0.5909090909090909,22,0.18181818181818185,22,0.7727272727272727,2.4090909090909087,22,0.7727272727272727,0.9090909090909092,22
Distrito Federal,Cuajimalpa de Morelos,2016,0.587328314781189,217686,104149,113537,9004,09,18,53,0.7547169811320755,53,0.41509433962264153,53,0.8679245283018868,3.339622641509434,53,0.8490566037735849,2.037735849056604,53
Distrito Federal,Cuajimalpa de Morelos,2017,0.578506708145142,217686,104149,113537,9004,09,31,45,0.8,45,0.3555555555555556,45,0.7555555555555555,2.555555555555556,45,0.7111111111111111,1.3333333333333333,45
Distrito Federal,Cuajimalpa de Morelos,2018,0.557388365268707,217686,104149,113537,9004,09,36,219,0.6197183098591549,213,0.20192307692307693,208,0.9269406392694064,3.1324200913242017,219,0.7990867579908676,1.8721461187214608,219
Distrito Federal,Cuajimalpa de Morelos,2019,0.571014821529388,217686,104149,113537,9004,09,34,544,0.5183823529411765,544,0.1933085501858736,538,0.8713235294117647,2.8858195211786377,543,0.6488970588235294,1.3523985239852407,542
Distrito Federal,Cuajimalpa de Morelos,2020,0.589411437511444,217686,104149,113537,9004,09,23,800,0.3811320754716981,795,0.23291139240506328,790,0.78,2.1999999999999997,800,0.5875,1.2443609022556399,798
Distrito Federal,Cuauhtémoc,2013,0.153991118073463,545884,260951,284933,9015,09,132.799739886496,23,0.782608695652174,23,0.13043478260869565,23,0.782608695652174,1.9565217391304344,23,0.5217391304347826,1.2173913043478262,23
Distrito Federal,Cuauhtémoc,2014,0.154044285416603,545884,260951,284933,9015,09,135.70776338766,53,0.6226415094339622,53,0.24528301886792453,53,0.8490566037735849,2.377358490566037,53,0.5849056603773585,0.9811320754716982,53
Distrito Federal,Cuauhtémoc,2015,0.170692503452301,545884,260951,284933,9015,09,169,65,0.676923076923077,65,0.14285714285714285,63,0.953846153846154,2.5846153846153848,65,0.9230769230769232,1.7846153846153847,65
Distrito Federal,Cuauhtémoc,2016,0.163788944482803,545884,260951,284933,9015,09,163,307,0.7296416938110749,307,0.5049180327868853,305,0.9413680781758956,3.654723127035831,307,0.8045602605863192,1.856677524429967,307
Distrito Federal,Cuauhtémoc,2017,0.170245721936226,545884,260951,284933,9015,09,184,315,0.8380952380952381,315,0.4507936507936508,315,0.9650793650793652,3.59047619047619,315,0.780952380952381,1.7619047619047616,315
Distrito Federal,Cuauhtémoc,2018,0.168568268418312,545884,260951,284933,9015,09,175,494,0.8073022312373225,493,0.25416666666666665,480,0.8461538461538461,3.3468559837728167,493,0.8502024291497976,2.2657200811359024,493
Distrito Federal,Cuauhtémoc,2019,0.171779692173004,545884,260951,284933,9015,09,170,677,0.8106508875739645,676,0.2414814814814815,675,0.9098966026587888,3.748520710059173,676,0.8641063515509602,2.053412462908012,674
Distrito Federal,Cuauhtémoc,2020,0.178959265351295,545884,260951,284933,9015,09,147,747,0.6604026845637584,745,0.32472826086956524,736,0.8647925033467202,3.1204819277108435,747,0.7871485943775101,1.8042895442359248,746
Distrito Federal,Gustavo A. Madero,2013,0.224493056535721,1173351,563874,609477,9005,09,228.764515424913,36,0.9722222222222222,36,0.2222222222222222,36,0.9722222222222222,2.805555555555556,36,0.75,1.472222222222222,36
Distrito Federal,Gustavo A. Madero,2014,0.228670164942741,1173351,563874,609477,9005,09,196.776256912107,80,0.925,80,0.35443037974683544,79,0.9375,2.925,80,0.5625,0.9,80
Distrito Federal,Gustavo A. Madero,2015,0.243923202157021,1173351,563874,609477,9005,09,245,81,0.8271604938271605,81,0.225,80,0.9753086419753086,3.3703703703703702,81,0.8148148148148148,1.4444444444444444,81
Distrito Federal,Gustavo A. Madero,2016,0.236557379364967,1173351,563874,609477,9005,09,238,644,0.8835403726708074,644,0.4735202492211838,642,0.8990683229813664,3.881987577639753,644,0.8726708074534162,2.20031055900621,644
Distrito Federal,Gustavo A. Madero,2017,0.231448963284492,1173351,563874,609477,9005,09,281,678,0.9097633136094676,676,0.5103244837758112,678,0.9247787610619468,3.896755162241888,678,0.7728613569321534,1.8400597907324356,669
Distrito Federal,Gustavo A. Madero,2018,0.233259931206703,1173351,563874,609477,9005,09,310,752,0.9186666666666666,750,0.3424283765347885,733,0.9601063829787234,4.224734042553189,752,0.8856382978723404,2.260347129506008,749
Distrito Federal,Gustavo A. Madero,2019,0.234693109989166,1173351,563874,609477,9005,09,279,869,0.8398617511520737,868,0.2827102803738318,856,0.9493670886075948,3.9263521288837735,869,0.8745684695051784,2.209919261822376,867
Distrito Federal,Gustavo A. Madero,2020,0.222862303256989,1173351,563874,609477,9005,09,236,834,0.7659831121833535,829,0.31701346389228885,817,0.9448441247002398,3.94484412470024,834,0.9052757793764988,2.2328931572629043,833
Distrito Federal,Iztacalco,2013,0.159333243966103,404695,192352,212343,9006,09,47.497717185681,31,0.7096774193548387,31,0.06451612903225806,31,0.967741935483871,3.3225806451612905,31,0.6451612903225806,1.7741935483870968,31
Distrito Federal,Iztacalco,2014,0.159442141652107,404695,192352,212343,9006,09,59.1298111903376,74,0.6438356164383562,73,0.07042253521126761,71,0.8918918918918919,2.58904109589041,73,0.7972972972972973,1.8378378378378375,74
Distrito Federal,Iztacalco,2015,0.167905151844025,404695,192352,212343,9006,09,58,42,0.9285714285714286,42,0.3,40,1,3.261904761904762,42,0.8333333333333334,1.880952380952381,42
Distrito Federal,Iztacalco,2016,0.160133212804794,404695,192352,212343,9006,09,66,203,0.8374384236453202,203,0.4039408866995074,203,0.9211822660098522,3.881773399014778,203,0.8177339901477833,1.8669950738916252,203
Distrito Federal,Iztacalco,2017,0.157913953065872,404695,192352,212343,9006,09,50,190,0.925925925925926,189,0.44680851063829785,188,0.9578947368421052,4.2,190,0.936842105263158,2.147368421052632,190
Distrito Federal,Iztacalco,2018,0.158342570066452,404695,192352,212343,9006,09,70,394,0.8622448979591837,392,0.2992125984251969,381,0.9568527918781726,4.370558375634518,394,0.916243654822335,2.404580152671756,393
Distrito Federal,Iztacalco,2019,0.163042634725571,404695,192352,212343,9006,09,71,622,0.8064516129032258,620,0.28594771241830064,612,0.9565916398713826,3.9662379421221865,622,0.8488745980707395,1.9967585089141004,617
Distrito Federal,Iztacalco,2020,0.161617591977119,404695,192352,212343,9006,09,90,801,0.8095238095238095,798,0.31432192648922685,789,0.930087390761548,3.6529338327091136,801,0.8314606741573034,1.752837326607819,793
Distrito Federal,Iztapalapa,2013,0.175343304872513,1835486,887651,947835,9007,09,270.446185608265,64,0.65625,64,0.046875,64,0.9375,2.59375,64,0.5625,1.265625,64
Distrito Federal,Iztapalapa,2014,0.181743532419205,1835486,887651,947835,9007,09,269.47684444121097,126,0.8015873015873016,126,0.08064516129032258,124,0.9682539682539684,2.9365079365079363,126,0.7857142857142857,1.9444444444444449,126
Distrito Federal,Iztapalapa,2015,0.193057835102081,1835486,887651,947835,9007,09,312,161,0.8944099378881988,161,0.16981132075471697,159,0.9813664596273292,3.24223602484472,161,0.8198757763975155,1.627329192546584,161
Distrito Federal,Iztapalapa,2016,0.183574482798576,1835486,887651,947835,9007,09,349,775,0.9248704663212436,772,0.3459037711313394,769,0.9548387096774194,4.040000000000001,775,0.7651612903225806,1.9032258064516128,775
Distrito Federal,Iztapalapa,2017,0.180298924446106,1835486,887651,947835,9007,09,347,741,0.9094594594594596,740,0.4645776566757493,734,0.9527665317139,4.276653171390013,741,0.786774628879892,1.875507442489851,739
Distrito Federal,Iztapalapa,2018,0.187154278159142,1835486,887651,947835,9007,09,428,804,0.9189526184538652,802,0.3358395989974937,798,0.9738805970149254,4.441542288557213,804,0.8855721393034826,2.257462686567163,804
Distrito Federal,Iztapalapa,2019,0.186518505215645,1835486,887651,947835,9007,09,424,928,0.8693304535637149,926,0.275599128540305,918,0.9525862068965516,4.110991379310344,928,0.8782327586206896,2.232683982683984,924
Distrito Federal,Iztapalapa,2020,0.1755351126194,1835486,887651,947835,9007,09,375,818,0.8773006134969326,815,0.32960199004975127,804,0.9352078239608802,3.929008567931456,817,0.8997555012224939,2.4218942189421897,813
Distrito Federal,La Magdalena Contreras,2013,0.572159588336945,247622,118287,129335,9008,09,11.6320940046566,14,0.21428571428571427,14,0,12,0.9285714285714286,2.5,14,0.2857142857142857,0.4285714285714285,14
Distrito Federal,La Magdalena Contreras,2014,0.573954641819,247622,118287,129335,9008,09,12.6014351717113,28,0.7142857142857143,28,0.2857142857142857,28,0.8571428571428571,3.035714285714286,28,0.7857142857142857,1.392857142857143,28
Distrito Federal,La Magdalena Contreras,2015,0.609776318073273,247622,118287,129335,9008,09,14,31,0.6774193548387096,31,0.3870967741935484,31,0.935483870967742,3.612903225806452,31,0.8387096774193549,1.6451612903225803,31
Distrito Federal,La Magdalena Contreras,2016,0.600342035293579,247622,118287,129335,9008,09,22,103,0.7961165048543689,103,0.4563106796116505,103,0.9223300970873788,3.349514563106796,103,0.7669902912621359,1.6116504854368932,103
Distrito Federal,La Magdalena Contreras,2017,0.606531739234924,247622,118287,129335,9008,09,22,108,0.8240740740740741,108,0.4537037037037037,108,0.925925925925926,3.851851851851852,108,0.6574074074074074,1.6296296296296295,108
Distrito Federal,La Magdalena Contreras,2018,0.58050137758255,247622,118287,129335,9008,09,30,315,0.8285714285714286,315,0.2558139534883721,301,0.9682539682539684,4.177777777777778,315,0.8603174603174604,2.163987138263665,311
Distrito Federal,La Magdalena Contreras,2019,0.592756688594818,247622,118287,129335,9008,09,32,587,0.7406143344709898,586,0.3535528596187175,577,0.9574105621805792,3.914821124361158,587,0.8398637137989778,2.180887372013652,586
Distrito Federal,La Magdalena Contreras,2020,0.616249918937683,247622,118287,129335,9008,09,25,782,0.7084398976982097,782,0.3906856403622251,773,0.9335038363171356,3.560102301790282,782,0.8222506393861893,2.0448143405889883,781
Distrito Federal,Miguel Hidalgo,2013,0.293258219957352,414470,195467,219003,9016,09,88.210046201979,28,0.75,28,0.21428571428571427,28,0.6785714285714286,1.6428571428571432,28,0.5714285714285714,1.1785714285714286,28
Distrito Federal,Miguel Hidalgo,2014,0.295382767915726,414470,195467,219003,9016,09,73.6699286961583,43,0.8372093023255814,43,0.20930232558139536,43,0.9534883720930232,1.930232558139535,43,0.4651162790697674,0.8139534883720929,43
Distrito Federal,Miguel Hidalgo,2015,0.318203747272491,414470,195467,219003,9016,09,85,18,0.5555555555555556,18,0.05555555555555555,18,0.6111111111111112,1.4444444444444444,18,0.6666666666666666,1.2777777777777777,18
Distrito Federal,Miguel Hidalgo,2016,0.307496249675751,414470,195467,219003,9016,09,77,157,0.6987179487179487,156,0.4423076923076923,156,0.7770700636942676,2.4713375796178343,157,0.6687898089171974,1.4777070063694264,157
Distrito Federal,Miguel Hidalgo,2017,0.309596449136734,414470,195467,219003,9016,09,95,164,0.8597560975609756,164,0.35365853658536583,164,0.8048780487804879,2.6219512195121952,164,0.7073170731707317,1.542682926829268,164
Distrito Federal,Miguel Hidalgo,2018,0.311815530061722,414470,195467,219003,9016,09,77,308,0.7491749174917491,303,0.3190789473684211,304,0.8961038961038961,3.237012987012986,308,0.8311688311688312,1.724025974025974,308
Distrito Federal,Miguel Hidalgo,2019,0.318518102169037,414470,195467,219003,9016,09,76,596,0.7008403361344537,595,0.22773972602739723,584,0.8859060402684564,3.141176470588236,595,0.7835570469798657,1.8971332209106235,593
Distrito Federal,Miguel Hidalgo,2020,0.325408279895782,414470,195467,219003,9016,09,69,760,0.6482213438735178,759,0.2756324900133156,751,0.8473684210526315,2.9288537549407105,759,0.7618421052631579,1.8105960264900665,755
Distrito Federal,Milpa Alta,2015,0.61346846818924,152685,74371,78314,9009,09,16,14,0.2857142857142857,14,0.07142857142857142,14,0.9285714285714286,2,14,0.6428571428571429,0.9285714285714286,14
Distrito Federal,Milpa Alta,2016,0.592228472232819,152685,74371,78314,9009,09,23,39,0.8461538461538461,39,0.5384615384615384,39,0.9230769230769232,3.58974358974359,39,0.7948717948717948,2.17948717948718,39
Distrito Federal,Milpa Alta,2017,0.572273075580597,152685,74371,78314,9009,09,25,53,0.8113207547169812,53,0.4716981132075472,53,0.9433962264150944,3.6226415094339615,53,0.6415094339622641,1.3396226415094337,53
Distrito Federal,Milpa Alta,2018,0.578455924987793,152685,74371,78314,9009,09,24,296,0.6996587030716723,293,0.3263157894736842,285,0.9493243243243245,3.2871621621621627,296,0.7804054054054054,1.9115646258503405,294
Distrito Federal,Milpa Alta,2019,0.589990735054016,152685,74371,78314,9009,09,28,570,0.6362038664323374,569,0.27387387387387385,555,0.9350877192982456,3.1493848857645,569,0.8263157894736842,1.890652557319224,567
Distrito Federal,Milpa Alta,2020,0.578746438026428,152685,74371,78314,9009,09,21,805,0.6053299492385786,788,0.3311772315653299,773,0.8832298136645963,3.00374531835206,801,0.6919254658385093,1.682957393483709,798
Distrito Federal,Tlalpan,2013,0.522603988647461,699928,334877,365051,9012,09,96.9341167054715,32,0.1875,32,0.13793103448275862,29,0.71875,1.5,32,0.65625,1.1875,32
Distrito Federal,Tlalpan,2014,0.537126302719116,699928,334877,365051,9012,09,88.210046201979,86,0.4418604651162791,86,0.09302325581395347,86,0.8372093023255814,1.8837209302325584,86,0.8023255813953488,1.3488372093023255,86
Distrito Federal,Tlalpan,2015,0.56289792060852,699928,334877,365051,9012,09,106,69,0.5797101449275363,69,0.2,65,0.8840579710144928,2.304347826086956,69,0.7391304347826086,1.1884057971014492,69
Distrito Federal,Tlalpan,2016,0.550003707408905,699928,334877,365051,9012,09,87,356,0.904494382022472,356,0.5746478873239437,355,0.9410112359550562,3.811797752808989,356,0.7387640449438202,1.8876404494382024,356
Distrito Federal,Tlalpan,2017,0.540053904056549,699928,334877,365051,9012,09,123,351,0.925925925925926,351,0.4444444444444444,351,0.9430199430199432,3.4074074074074074,351,0.8005698005698005,1.615384615384616,351
Distrito Federal,Tlalpan,2018,0.536231517791748,699928,334877,365051,9012,09,144,515,0.7980582524271844,515,0.24554455445544557,505,0.9514563106796116,3.4893203883495145,515,0.7339805825242719,1.6271844660194168,515
Distrito Federal,Tlalpan,2019,0.545431792736053,699928,334877,365051,9012,09,174,722,0.7994428969359332,718,0.2931276297335204,713,0.937673130193906,3.7811634349030463,722,0.8282548476454293,2.0236111111111112,720
Distrito Federal,Tlalpan,2020,0.541972756385803,699928,334877,365051,9012,09,176,801,0.7515683814303639,797,0.39923954372623577,789,0.9013732833957552,3.3270676691729317,798,0.8539325842696629,2.190476190476191,798
Distrito Federal,Tláhuac,2013,0.377502083778381,392313,190190,202123,9011,09,53.3137641880093,7,0.5714285714285714,7,0.42857142857142855,7,0.8571428571428571,2.142857142857143,7,0.42857142857142855,0.5714285714285714,7
Distrito Federal,Tláhuac,2014,0.380738794803619,392313,190190,202123,9011,09,55.2524465221187,28,0.7142857142857143,28,0.21428571428571427,28,0.9285714285714286,2.6428571428571432,28,0.6785714285714286,1.3214285714285716,28
Distrito Federal,Tláhuac,2015,0.396466016769409,392313,190190,202123,9011,09,38,21,0.5238095238095238,21,0.047619047619047616,21,0.8571428571428571,2.095238095238096,21,0.7142857142857143,1.2857142857142858,21
Distrito Federal,Tláhuac,2016,0.383656114339828,392313,190190,202123,9011,09,53,153,0.8823529411764706,153,0.4901960784313725,153,0.954248366013072,3.7124183006535945,153,0.8431372549019608,2.1503267973856213,153
Distrito Federal,Tláhuac,2017,0.36957785487175,392313,190190,202123,9011,09,59,139,0.9136690647482014,139,0.4852941176470588,136,0.9784172661870504,4.359712230215828,139,0.6762589928057554,1.4964028776978415,139
Distrito Federal,Tláhuac,2018,0.386748224496841,392313,190190,202123,9011,09,74,380,0.8601583113456465,379,0.33783783783783783,370,0.9789473684210528,4.555263157894737,380,0.8868421052631579,2.395225464190982,377
Distrito Federal,Tláhuac,2019,0.374422609806061,392313,190190,202123,9011,09,91,606,0.8347245409015025,599,0.2921535893155259,599,0.9455445544554456,3.762376237623762,606,0.858085808580858,2.286898839137645,603
Distrito Federal,Tláhuac,2020,0.344963997602463,392313,190190,202123,9011,09,84,812,0.7761194029850746,804,0.3132832080200501,798,0.913793103448276,3.5677339901477816,812,0.8596059113300493,2.27620221948212,811
Distrito Federal,Venustiano Carranza,2013,0.167641773819923,443704,210118,233586,9017,09,145.401175058207,25,0.64,25,0.04,25,0.72,2,25,0.48,1.2,25
Distrito Federal,Venustiano Carranza,2014,0.170581310987473,443704,210118,233586,9017,09,108.566210710128,45,0.7333333333333333,45,0.2,45,0.8,2.1555555555555554,45,0.8,1.577777777777778,45
Distrito Federal,Venustiano Carranza,2015,0.180832982063293,443704,210118,233586,9017,09,166,44,0.6590909090909091,44,0.12195121951219512,41,0.9545454545454546,2.75,44,0.75,1.3863636363636362,44
Distrito Federal,Venustiano Carranza,2016,0.173591911792755,443704,210118,233586,9017,09,170,244,0.8770491803278688,244,0.3662551440329218,243,0.9549180327868853,4.209016393442623,244,0.8565573770491803,2.094262295081967,244
Distrito Federal,Venustiano Carranza,2017,0.171740144491196,443704,210118,233586,9017,09,192,222,0.9054054054054054,222,0.410958904109589,219,0.9414414414414416,4.144144144144144,222,0.9009009009009008,2.130630630630631,222
Distrito Federal,Venustiano Carranza,2018,0.176287397742271,443704,210118,233586,9017,09,209,432,0.8352668213457076,431,0.2605633802816901,426,0.9328703703703703,3.990740740740739,432,0.8657407407407407,2.1608391608391613,429
Distrito Federal,Venustiano Carranza,2019,0.174393564462662,443704,210118,233586,9017,09,174,659,0.7027439024390244,656,0.19359756097560976,656,0.943854324734446,3.6919575113808807,659,0.802731411229135,1.769817073170732,656
Distrito Federal,Venustiano Carranza,2020,0.169100776314735,443704,210118,233586,9017,09,146,786,0.6713375796178344,785,0.2622107969151671,778,0.9300254452926208,3.568702290076336,786,0.7519083969465649,1.665384615384616,780
Distrito Federal,Xochimilco,2013,0.449446499347687,442178,215452,226726,9013,09,57.1911288562282,19,0.3684210526315789,19,0.2352941176470588,17,0.9473684210526316,2.5789473684210527,19,0.47368421052631576,0.894736842105263,19
Distrito Federal,Xochimilco,2014,0.463148772716522,442178,215452,226726,9013,09,58.1604700232829,52,0.5384615384615384,52,0.15384615384615383,52,0.9615384615384616,2.769230769230769,52,0.903846153846154,1.7692307692307692,52
Distrito Federal,Xochimilco,2015,0.483754962682724,442178,215452,226726,9013,09,45,63,0.7142857142857143,63,0.19672131147540983,61,1,2.793650793650793,63,0.7936507936507936,1.492063492063492,63
Distrito Federal,Xochimilco,2016,0.460934281349182,442178,215452,226726,9013,09,57,174,0.8275862068965517,174,0.3988439306358382,173,0.9022988505747126,3.21264367816092,174,0.7701149425287356,1.7873563218390802,174
Distrito Federal,Xochimilco,2017,0.4460229575634,442178,215452,226726,9013,09,67,190,0.8789473684210526,190,0.4497354497354497,189,0.936842105263158,3.405263157894737,190,0.8052631578947368,1.921052631578948,190
Distrito Federal,Xochimilco,2018,0.457021445035934,442178,215452,226726,9013,09,84,383,0.8324607329842932,382,0.2978723404255319,376,0.9477806788511748,3.665796344647521,383,0.8955613577023499,2.189473684210527,380
Distrito Federal,Xochimilco,2019,0.442540049552917,442178,215452,226726,9013,09,64,639,0.8166144200626959,638,0.31160572337042924,629,0.9374021909233176,3.6760563380281694,639,0.8732394366197183,2.1048513302034437,639
Distrito Federal,Xochimilco,2020,0.424395889043808,442178,215452,226726,9013,09,58,809,0.7769516728624535,807,0.3848069738480697,803,0.9122373300370828,3.316440049443759,809,0.8417799752781211,1.975216852540273,807
Distrito Federal,Álvaro Obregón,2013,0.412675559520721,759137,361007,398130,9010,09,90.1487285360885,59,0.7966101694915254,59,0.13793103448275862,58,0.9152542372881356,2.8135593220338984,59,0.559322033898305,1.2033898305084747,59
Distrito Federal,Álvaro Obregón,2014,0.413798987865448,759137,361007,398130,9010,09,98.8727990395809,66,0.803030303030303,66,0.21212121212121213,66,0.8333333333333334,2.2727272727272725,66,0.696969696969697,1.1363636363636362,66
Distrito Federal,Álvaro Obregón,2015,0.441790252923965,759137,361007,398130,9010,09,108,62,0.8064516129032258,62,0.2786885245901639,61,0.935483870967742,3.161290322580645,62,0.8387096774193549,1.6290322580645162,62
Distrito Federal,Álvaro Obregón,2016,0.428907722234726,759137,361007,398130,9010,09,95,357,0.9019607843137256,357,0.4775280898876405,356,0.8935574229691877,3.859943977591036,357,0.865546218487395,1.977591036414566,357
Distrito Federal,Álvaro Obregón,2017,0.432026952505112,759137,361007,398130,9010,09,147,388,0.8917525773195877,388,0.481958762886598,388,0.9329896907216496,3.7087628865979374,388,0.8556701030927835,2.010362694300518,386
Distrito Federal,Álvaro Obregón,2018,0.42537596821785,759137,361007,398130,9010,09,126,530,0.8712121212121212,528,0.3690248565965583,523,0.958490566037736,3.9640831758034025,529,0.8584905660377359,2.0302457466918726,529
Distrito Federal,Álvaro Obregón,2019,0.431499511003494,759137,361007,398130,9010,09,174,703,0.7724039829302988,703,0.2927536231884058,690,0.9331436699857752,3.594594594594593,703,0.7809388335704125,1.822603719599428,699
Distrito Federal,Álvaro Obregón,2020,0.440741181373596,759137,361007,398130,9010,09,101,802,0.8188679245283019,795,0.3848101265822785,790,0.9463840399002492,3.692883895131085,801,0.8042394014962594,1.7947103274559206,794
Durango,Durango,2013,0.431483507156372,688697,335412,353285,10005,10,153.155904394645,81,0.6049382716049383,81,0.1851851851851852,81,0.9382716049382716,3.049382716049383,81,0.7160493827160493,1.4938271604938271,81
Durango,Durango,2014,0.450226575136185,688697,335412,353285,10005,10,102.7501637078,168,0.6726190476190477,168,0.125,168,0.875,2.886904761904762,168,0.7619047619047619,1.5535714285714284,168
Durango,Durango,2015,0.488862484693527,688697,335412,353285,10005,10,95,166,0.6566265060240963,166,0.13253012048192772,166,0.8373493975903614,2.626506024096385,166,0.7108433734939759,1.6181818181818184,165
Durango,Durango,2016,0.468008428812027,688697,335412,353285,10005,10,117,1045,0.4539347408829175,1042,0.12559923298178333,1043,0.7732057416267942,2.3697318007662846,1044,0.6191387559808612,1.4063400576368867,1041
Durango,Durango,2017,0.470274269580841,688697,335412,353285,10005,10,91,1042,0.4159462055715658,1041,0.172147001934236,1034,0.7946257197696737,2.5585412667946263,1042,0.5748560460652591,1.2543186180422263,1042
Durango,Durango,2018,0.47098708152771,688697,335412,353285,10005,10,86,993,0.4465725806451613,992,0.1878850102669405,974,0.8318227593152064,2.711983887210474,993,0.6032225579053374,1.3343434343434342,990
Durango,Durango,2019,0.450924783945084,688697,335412,353285,10005,10,89,1025,0.4126829268292682,1025,0.16151545363908276,1003,0.7804878048780488,2.258536585365854,1025,0.5541463414634147,1.1397849462365588,1023
Durango,Durango,2020,0.456591367721558,688697,335412,353285,10005,10,77,788,0.4484076433121019,785,0.26957637997432604,779,0.799492385786802,2.416243654822334,788,0.6395939086294417,1.3982188295165396,786
Durango,Gómez Palacio,2016,0.292727798223495,372750,184537,188213,10007,10,84,203,0.5221674876847291,203,0.10050251256281408,199,0.6847290640394089,1.945812807881774,203,0.7881773399014779,1.8415841584158417,202
Durango,Gómez Palacio,2017,0.271575629711151,372750,184537,188213,10007,10,91,282,0.5160142348754448,281,0.1942446043165468,278,0.6560283687943262,1.726950354609929,282,0.7056737588652482,1.604982206405694,281
Durango,Gómez Palacio,2018,0.295667856931686,372750,184537,188213,10007,10,121,275,0.5897435897435898,273,0.13584905660377358,265,0.6836363636363636,1.723636363636364,275,0.6618181818181819,1.487272727272727,275
Durango,Gómez Palacio,2019,0.279445260763168,372750,184537,188213,10007,10,63,294,0.5631399317406144,293,0.14685314685314685,286,0.6462585034013606,1.7891156462585034,294,0.5306122448979592,1.2730375426621157,293
Durango,Gómez Palacio,2020,0.263686060905457,372750,184537,188213,10007,10,41,226,0.4867256637168141,226,0.22123893805309736,226,0.6194690265486725,1.761061946902655,226,0.6327433628318584,1.5309734513274336,226
Durango,Lerdo,2016,0.348509401082993,163313,80856,82457,10012,10,30,61,0.4918032786885246,61,0.11864406779661016,59,0.7213114754098361,2.0163934426229506,61,0.7377049180327869,1.9836065573770487,61
Durango,Lerdo,2017,0.321128100156784,163313,80856,82457,10012,10,26,94,0.3655913978494624,93,0.10869565217391304,92,0.6276595744680851,1.425531914893617,94,0.6276595744680851,1.393617021276596,94
Durango,Lerdo,2018,0.327120989561081,163313,80856,82457,10012,10,26,84,0.4880952380952381,84,0.14634146341463414,82,0.6785714285714286,1.6547619047619049,84,0.7261904761904762,1.6746987951807228,83
Durango,Lerdo,2019,0.302312642335892,163313,80856,82457,10012,10,27,78,0.3974358974358974,78,0.2307692307692308,78,0.5897435897435898,1.2692307692307692,78,0.4615384615384616,1.0256410256410255,78
Durango,Lerdo,2020,0.286789029836655,163313,80856,82457,10012,10,29,58,0.5,58,0.3508771929824561,57,0.6551724137931034,1.5862068965517242,58,0.5689655172413793,1.5517241379310345,58
Guanajuato,Guanajuato,2017,0.45562756061554,194500,94038,100462,11015,11,66,827,0.5868772782503038,823,0.4563106796116505,824,0.8536880290205562,2.938331318016929,827,0.6989117291414753,1.578181818181818,825
Guanajuato,Guanajuato,2018,0.474102884531021,194500,94038,100462,11015,11,39,1103,0.7786885245901639,1098,0.5374653098982424,1081,0.885766092475068,3.136239782016349,1101,0.8204895738893926,2.1619396157365047,1093
Guanajuato,Guanajuato,2019,0.482385545969009,194500,94038,100462,11015,11,60,1101,0.8056312443233424,1101,0.4547945205479452,1095,0.8928247048138056,3.1598546775658503,1101,0.8265213442325159,2.0966271649954416,1097
Guanajuato,Guanajuato,2020,0.455460786819458,194500,94038,100462,11015,11,66,838,0.7649164677804295,838,0.4021608643457383,833,0.850835322195704,3.070405727923627,838,0.8031026252983293,1.977135980746089,831
Guanajuato,León,2013,0.403446555137634,1721215,846673,874542,11020,11,433.295501673457,127,0.8346456692913385,127,0.4094488188976378,127,0.9212598425196852,3.866141732283464,127,0.7795275590551181,1.921259842519685,127
Guanajuato,León,2014,0.426489412784576,1721215,846673,874542,11020,11,475.946513023865,265,0.879245283018868,265,0.4083969465648855,262,0.9471698113207548,4.19622641509434,265,0.8603773584905661,2.388679245283019,265
Guanajuato,León,2015,0.443656086921692,1721215,846673,874542,11020,11,412,263,0.8288973384030418,263,0.4749034749034749,259,0.8973384030418251,3.566539923954372,263,0.8631178707224335,2.3307984790874525,263
Guanajuato,León,2016,0.419692069292068,1721215,846673,874542,11020,11,444,960,0.790356394129979,954,0.34309623430962344,956,0.921875,3.615624999999999,960,0.8427083333333333,2.057291666666666,960
Guanajuato,León,2017,0.402424156665802,1721215,846673,874542,11020,11,620,966,0.7689119170984456,965,0.4170124481327801,964,0.8881987577639752,3.551295336787566,965,0.8312629399585921,2.2018730489073888,961
Guanajuato,León,2018,0.418177038431168,1721215,846673,874542,11020,11,643,977,0.7971311475409836,976,0.38809034907597534,974,0.8761514841351075,3.469805527123848,977,0.8116683725690891,2.112255406797115,971
Guanajuato,León,2019,0.423002868890762,1721215,846673,874542,11020,11,722,976,0.8184615384615385,975,0.35221421215242016,971,0.8852459016393442,3.544615384615385,975,0.8288934426229508,2.3100616016427105,974
Guanajuato,León,2020,0.399715840816498,1721215,846673,874542,11020,11,814,746,0.839142091152815,746,0.4327956989247312,744,0.8512064343163539,3.336461126005362,746,0.8324396782841823,2.239247311827957,744
Guanajuato,Purísima del Rincón,2013,0.457320362329483,83842,41334,42508,11025,11,16.4787998399302,4,1,4,0.5,4,1,4.25,4,1,3.75,4
Guanajuato,Purísima del Rincón,2014,0.477299124002457,83842,41334,42508,11025,11,7.75472933643772,4,0.5,4,0.5,4,1,3.75,4,0.75,1.5,4
Guanajuato,Purísima del Rincón,2015,0.492526531219482,83842,41334,42508,11025,11,36,4,0.75,4,0.25,4,1,4.25,4,0.75,1.25,4
Guanajuato,Purísima del Rincón,2016,0.473285436630249,83842,41334,42508,11025,11,34,17,0.5882352941176471,17,0.29411764705882354,17,0.9411764705882352,3.882352941176471,17,0.9411764705882352,2.3529411764705883,17
Guanajuato,Purísima del Rincón,2017,0.467135220766068,83842,41334,42508,11025,11,44,18,0.5555555555555556,18,0.2777777777777778,18,0.8888888888888888,3.611111111111111,18,0.9444444444444444,2.611111111111111,18
Guanajuato,Purísima del Rincón,2018,0.491869390010834,83842,41334,42508,11025,11,41,16,0.75,16,0.5625,16,0.9375,4.25,16,0.9375,2.75,16
Guanajuato,Purísima del Rincón,2019,0.470352679491043,83842,41334,42508,11025,11,49,18,0.7777777777777778,18,0.5555555555555556,18,0.8888888888888888,3.9444444444444446,18,0.9444444444444444,2.5,18
Guanajuato,Purísima del Rincón,2020,0.443375647068024,83842,41334,42508,11025,11,32,13,0.8461538461538461,13,0.2307692307692308,13,1,4.230769230769231,13,0.9230769230769232,2.230769230769231,13
Guanajuato,San Francisco del Rincón,2013,0.421067535877228,130871,63982,66889,11031,11,35.8656231810244,10,0.9,10,0.7,10,0.9,4.4,10,0.6,0.7,10
Guanajuato,San Francisco del Rincón,2014,0.43059253692627,130871,63982,66889,11031,11,36.8349643480792,26,0.7307692307692307,26,0.38461538461538464,26,0.9615384615384616,3.615384615384616,26,0.6923076923076923,1.4615384615384617,26
Guanajuato,San Francisco del Rincón,2015,0.449872314929962,130871,63982,66889,11031,11,56,20,0.7,20,0.5,20,0.95,3.6,20,0.9,2.5,20
Guanajuato,San Francisco del Rincón,2016,0.424989491701126,130871,63982,66889,11031,11,65,95,0.8421052631578947,95,0.4615384615384616,91,0.9052631578947368,3.4526315789473685,95,0.7684210526315789,1.9473684210526316,95
Guanajuato,San Francisco del Rincón,2017,0.418482571840286,130871,63982,66889,11031,11,70,94,0.8191489361702128,94,0.425531914893617,94,0.925531914893617,3.872340425531915,94,0.8829787234042553,2.25531914893617,94
Guanajuato,San Francisco del Rincón,2018,0.434035122394562,130871,63982,66889,11031,11,54,92,0.75,92,0.32222222222222224,90,0.8478260869565217,3.2391304347826084,92,0.7934782608695652,1.9555555555555555,90
Guanajuato,San Francisco del Rincón,2019,0.424839317798615,130871,63982,66889,11031,11,107,89,0.8314606741573034,89,0.4204545454545455,88,0.8651685393258427,3.101123595505618,89,0.797752808988764,1.8876404494382024,89
Guanajuato,San Francisco del Rincón,2020,0.398938685655594,130871,63982,66889,11031,11,112,58,0.8103448275862069,58,0.3620689655172414,58,0.913793103448276,3.5,58,0.8793103448275862,1.913793103448276,58
Guanajuato,Santa Catarina,2013,0.417696058750153,306322,152617,153705,19048,19,54.283105355064,43,0.627906976744186,43,0.07142857142857142,42,0.8837209302325582,2.7906976744186047,43,0.813953488372093,1.5348837209302326,43
Guanajuato,Santa Catarina,2014,0.464036166667938,306322,152617,153705,19048,19,55.2524465221187,65,0.5846153846153846,65,0.13846153846153847,65,0.7230769230769231,2.369230769230769,65,0.7692307692307693,2.0153846153846158,65
Guanajuato,Santa Catarina,2015,0.482456594705582,306322,152617,153705,19048,19,71,69,0.5362318840579711,69,0.04477611940298507,67,0.782608695652174,2.231884057971014,69,0.6811594202898551,1.434782608695652,69
Guanajuato,Santa Catarina,2016,0.464958548545837,306322,152617,153705,19048,19,70,109,0.5833333333333334,108,0.22018348623853207,109,0.8532110091743119,2.275229357798165,109,0.6605504587155964,1.4403669724770642,109
Guanajuato,Santa Catarina,2017,0.451536983251572,306322,152617,153705,19048,19,59,207,0.7729468599033816,207,0.3058252427184466,206,0.8164251207729468,2.4927536231884053,207,0.6280193236714976,1.3381642512077296,207
Guanajuato,Santa Catarina,2018,0.46540105342865,306322,152617,153705,19048,19,56,866,0.5769230769230769,858,0.1555023923444976,836,0.8002309468822171,2.542824074074073,864,0.7297921478060047,1.7972027972027949,858
Guanajuato,Santa Catarina,2019,0.44096651673317,306322,152617,153705,19048,19,56,1036,0.5562015503875969,1032,0.12365063788027478,1019,0.7567567567567568,2.136231884057969,1035,0.6882239382239382,1.5686653771760155,1034
Guanajuato,Santa Catarina,2020,0.43242946267128,306322,152617,153705,19048,19,85,795,0.4791929382093317,793,0.13788659793814434,776,0.740880503144654,1.9723270440251577,795,0.6440251572327044,1.410062893081761,795
Guerrero,Acapulco de Juárez,2013,0.624001562595367,779566,371794,407772,12001,12,980.003919892317,86,0.9651162790697676,86,0.5,86,1,3.55813953488372,86,1,2.9418604651162794,86
Guerrero,Acapulco de Juárez,2014,0.658287465572357,779566,371794,407772,12001,12,765.779521973225,176,0.9943181818181818,176,0.4659090909090909,176,0.9886363636363636,3.011363636363636,176,1,3.3693181818181817,176
Guerrero,Acapulco de Juárez,2015,0.644910931587219,779566,371794,407772,12001,12,1156,181,1,181,0.5359116022099447,181,1,3.585635359116022,181,1,3.458563535911602,181
Guerrero,Acapulco de Juárez,2016,0.66676914691925,779566,371794,407772,12001,12,1155,938,0.8940042826552462,934,0.3519125683060109,915,0.7654584221748401,2.164179104477612,938,0.5447761194029851,1.251605995717345,934
Guerrero,Acapulco de Juárez,2017,0.631487011909485,779566,371794,407772,12001,12,993,989,0.8412537917087968,989,0.33299284984678246,979,0.7259858442871587,1.9066937119675456,986,0.3488372093023256,0.7028397565922924,986
Guerrero,Acapulco de Juárez,2018,0.639232993125916,779566,371794,407772,12001,12,984,900,0.8773690078037905,897,0.22018348623853207,872,0.7388888888888889,1.9933184855233848,898,0.3955555555555556,0.8372352285395732,897
Guerrero,Acapulco de Juárez,2019,0.637901782989502,779566,371794,407772,12001,12,733,914,0.8574561403508771,912,0.2292849035187287,881,0.7231947483588621,1.9660460021905808,913,0.3927789934354486,0.8405315614617958,903
Guerrero,Acapulco de Juárez,2020,0.619901895523071,779566,371794,407772,12001,12,401,710,0.7804532577903682,706,0.2869692532942899,683,0.652112676056338,1.7362482369534558,709,0.43661971830985913,0.9457917261055636,701
Guerrero,Benito Juárez,2013,0.575760900974274,434153,202121,232032,9014,09,55.2524465221187,46,0.3695652173913043,46,0.11363636363636365,44,0.5869565217391305,1.0869565217391304,46,0.717391304347826,1.1521739130434785,46
Guerrero,Benito Juárez,2013,0.575760900974274,911503,459325,452178,23005,23,347.993478972643,74,0.7567567567567568,74,0.35135135135135137,74,0.8648648648648649,3.2837837837837838,74,0.8108108108108109,2.0135135135135136,74
Guerrero,Benito Juárez,2014,0.602178275585175,434153,202121,232032,9014,09,68.8232228608847,67,0.3582089552238806,67,0.14925373134328357,67,0.6119402985074627,1.1044776119402986,67,0.8059701492537313,1.373134328358209,67
Guerrero,Benito Juárez,2014,0.602178275585175,911503,459325,452178,23005,23,280.139597278813,163,0.7852760736196319,163,0.2822085889570552,163,0.901840490797546,3.282208588957056,163,0.8650306748466258,2.441717791411043,163
Guerrero,Benito Juárez,2015,0.64281165599823,434153,202121,232032,9014,09,58,68,0.2058823529411765,68,0.014705882352941176,68,0.6617647058823529,0.9705882352941176,68,0.6617647058823529,0.9558823529411764,68
Guerrero,Benito Juárez,2015,0.64281165599823,911503,459325,452178,23005,23,355,155,0.7354838709677419,155,0.27741935483870966,155,0.8387096774193549,3.012903225806452,155,0.7870967741935484,2.064516129032259,155
Guerrero,Benito Juárez,2016,0.625551044940948,434153,202121,232032,9014,09,59,224,0.6696428571428571,224,0.2825112107623318,223,0.7901785714285714,1.870535714285714,224,0.6517857142857143,1.294642857142858,224
Guerrero,Benito Juárez,2016,0.625551044940948,911503,459325,452178,23005,23,128,987,0.6968463886063072,983,0.3357972544878564,947,0.8226950354609929,2.4726166328600403,986,0.7436676798378926,1.7525354969574023,986
Guerrero,Benito Juárez,2017,0.618391811847687,434153,202121,232032,9014,09,72,265,0.8452830188679246,265,0.4204545454545455,264,0.8226415094339623,2.064150943396226,265,0.7811320754716982,1.6226415094339626,265
Guerrero,Benito Juárez,2017,0.618391811847687,911503,459325,452178,23005,23,287,1024,0.8388671875,1024,0.4877089478859391,1017,0.837890625,2.793743890518084,1023,0.7734375,2.00293542074364,1022
Guerrero,Benito Juárez,2018,0.613981902599335,434153,202121,232032,9014,09,49,405,0.7400990099009901,404,0.24875621890547264,402,0.854320987654321,2.3777777777777778,405,0.782716049382716,1.5990099009900995,404
Guerrero,Benito Juárez,2018,0.613981902599335,911503,459325,452178,23005,23,591,1018,0.9163385826771654,1016,0.44144144144144143,999,0.8860510805500982,3.236971484759096,1017,0.7799607072691552,2.163951120162932,982
Guerrero,Benito Juárez,2019,0.600947976112366,434153,202121,232032,9014,09,39,634,0.5499207606973059,631,0.266025641025641,624,0.8186119873817035,2.1451104100946368,634,0.7854889589905363,1.568720379146919,633
Guerrero,Benito Juárez,2019,0.600947976112366,911503,459325,452178,23005,23,777,1009,0.9055666003976144,1006,0.3522954091816367,1002,0.8414271555996036,2.842418235877106,1009,0.7383548067393458,1.774801587301588,1008
Guerrero,Benito Juárez,2020,0.585827350616455,434153,202121,232032,9014,09,67,762,0.40813648293963256,762,0.3386034255599473,759,0.7454068241469817,1.7003942181340346,761,0.6666666666666666,1.3298291721419189,761
Guerrero,Benito Juárez,2020,0.585827350616455,911503,459325,452178,23005,23,644,750,0.8462566844919787,748,0.4059139784946236,744,0.8093333333333333,2.5700934579439245,749,0.7386666666666667,1.8857526881720437,744
Guerrero,Chilpancingo de los Bravo,2016,0.71583765745163,283354,134497,148857,12029,12,290,660,0.906584992343032,653,0.453416149068323,644,0.8515151515151516,2.5348484848484865,660,0.9106060606060606,2.6666666666666665,657
Guerrero,Chilpancingo de los Bravo,2017,0.680523097515106,283354,134497,148857,12029,12,343,1018,0.9418145956607497,1014,0.47908366533864544,1004,0.8428290766208252,2.4094488188976384,1016,0.9056974459724952,2.6451932606541138,1009
Guerrero,Chilpancingo de los Bravo,2018,0.6825190782547,283354,134497,148857,12029,12,298,961,0.9166666666666666,960,0.3192834562697576,949,0.8033298647242456,2.187304890738813,961,0.8033298647242456,2.2599580712788265,954
Guerrero,Chilpancingo de los Bravo,2019,0.69820636510849,283354,134497,148857,12029,12,185,964,0.8835758835758836,962,0.2284210526315789,950,0.7925311203319502,2.1498439125910505,961,0.7634854771784232,2.192963752665245,938
Guerrero,Chilpancingo de los Bravo,2020,0.692973017692566,283354,134497,148857,12029,12,127,729,0.835635359116022,724,0.2740112994350282,708,0.8065843621399177,2.1208791208791204,728,0.8148148148148148,2.10562414266118,729
Guerrero,Zihuatanejo de Azueta,2017,0.693027198314667,126001,61437,64564,12038,12,169,793,0.7967171717171717,792,0.33161953727506427,778,0.7515762925598991,2.1515151515151523,792,0.7906683480453972,2.081012658227848,790
Guerrero,Zihuatanejo de Azueta,2018,0.699879467487335,126001,61437,64564,12038,12,172,1050,0.774904214559387,1044,0.2590068159688413,1027,0.7714285714285715,2.184160305343512,1048,0.7942857142857143,2.019120458891016,1046
Guerrero,Zihuatanejo de Azueta,2019,0.712728977203369,126001,61437,64564,12038,12,150,1056,0.7668246445497631,1055,0.2808022922636103,1047,0.7642045454545454,2.006628787878787,1056,0.6846590909090909,1.6343779677113002,1053
Guerrero,Zihuatanejo de Azueta,2020,0.699113428592682,126001,61437,64564,12038,12,105,761,0.7289473684210527,760,0.27434842249657065,729,0.7621550591327201,2.0224570673712035,757,0.7135348226018396,1.7072847682119208,755
Hidalgo,Emiliano Zapata,2013,0.388450264930725,107053,52008,55045,17008,17,39.7429878492433,5,1,5,0.4,5,0.8,2.6,5,1,2.8,5
Hidalgo,Emiliano Zapata,2014,0.415069878101349,107053,52008,55045,17008,17,26.1722115104773,9,1,9,0.4444444444444444,9,1,4.555555555555555,9,0.7777777777777778,2.4444444444444446,9
Hidalgo,Emiliano Zapata,2015,0.443186193704605,107053,52008,55045,17008,17,23,19,1,19,0.47368421052631576,19,0.8421052631578947,4.052631578947368,19,0.8947368421052632,2.105263157894737,19
Hidalgo,Emiliano Zapata,2016,0.409096121788025,107053,52008,55045,17008,17,31,142,0.8581560283687943,141,0.3642857142857143,140,0.8873239436619719,3.204225352112676,142,0.8802816901408451,2.4255319148936167,141
Hidalgo,Emiliano Zapata,2017,0.384118139743805,107053,52008,55045,17008,17,31,166,0.6727272727272727,165,0.3109756097560976,164,0.9397590361445785,3.150602409638554,166,0.7168674698795181,1.7349397590361444,166
Hidalgo,Emiliano Zapata,2018,0.407500714063644,107053,52008,55045,17008,17,41,141,0.7785714285714286,140,0.4676258992805755,139,0.9219858156028368,3.2928571428571427,140,0.475177304964539,1.1276595744680864,141
Hidalgo,Emiliano Zapata,2019,0.405713796615601,107053,52008,55045,17008,17,63,151,0.8145695364238411,151,0.5266666666666666,150,0.9403973509933776,3.4569536423841054,151,0.6556291390728477,1.4569536423841056,151
Hidalgo,Emiliano Zapata,2020,0.366876363754272,107053,52008,55045,17008,17,63,93,0.8478260869565217,92,0.4946236559139785,93,0.8602150537634409,3.096774193548387,93,0.6451612903225806,1.5376344086021505,93
Hidalgo,Metepec,2013,0.463928818702698,242307,115997,126310,15054,15,38.7736466821886,20,1,20,0.95,20,1,5.2,20,1,3.4,20
Hidalgo,Metepec,2014,0.471400439739227,242307,115997,126310,15054,15,50.4057406868452,34,0.9705882352941176,34,0.8529411764705882,34,1,5.705882352941177,34,1,3.647058823529412,34
Hidalgo,Metepec,2015,0.506358861923218,242307,115997,126310,15054,15,32,22,1,22,0.8181818181818182,22,1,4.909090909090909,22,1,3.5,22
Hidalgo,Metepec,2016,0.490373998880386,242307,115997,126310,15054,15,15,140,0.6785714285714286,140,0.3142857142857143,140,0.8357142857142857,2.628571428571429,140,0.8357142857142857,1.9785714285714289,140
Hidalgo,Metepec,2017,0.479935646057129,242307,115997,126310,15054,15,22,131,0.7099236641221374,131,0.3053435114503817,131,0.816793893129771,2.2213740458015265,131,0.900763358778626,2.541984732824427,131
Hidalgo,Metepec,2018,0.467251896858215,242307,115997,126310,15054,15,20,146,0.8082191780821918,146,0.32867132867132864,143,0.8698630136986302,2.4246575342465757,146,0.958904109589041,2.52054794520548,146
Hidalgo,Metepec,2019,0.442598134279251,242307,115997,126310,15054,15,20,140,0.7785714285714286,140,0.2857142857142857,140,0.8714285714285714,2.4642857142857144,140,0.9285714285714286,2.2571428571428576,140
Hidalgo,Metepec,2020,0.436979651451111,242307,115997,126310,15054,15,28,120,0.825,120,0.4666666666666667,120,0.925,3.075,120,0.9166666666666666,2.175,120
Hidalgo,Mineral de la Reforma,2013,0.299484342336655,202749,96259,106490,13051,13,14.5401175058207,14,0.21428571428571427,14,0.07142857142857142,14,0.6428571428571429,1,14,0.35714285714285715,0.6428571428571429,14
Hidalgo,Mineral de la Reforma,2014,0.330508351325989,202749,96259,106490,13051,13,16.4787998399302,42,0.4523809523809524,42,0.2619047619047619,42,0.7380952380952381,1.2857142857142858,42,0.5714285714285714,0.8809523809523809,42
Hidalgo,Mineral de la Reforma,2015,0.363554239273071,202749,96259,106490,13051,13,20,57,0.19298245614035087,57,0.3157894736842105,57,0.45614035087719296,0.8771929824561403,57,0.5964912280701754,1.0350877192982455,57
Hidalgo,Mineral de la Reforma,2016,0.332099378108978,202749,96259,106490,13051,13,17,287,0.6258741258741258,286,0.31448763250883394,283,0.8292682926829268,2.198606271777004,287,0.735191637630662,1.7867132867132869,286
Hidalgo,Mineral de la Reforma,2017,0.316378712654114,202749,96259,106490,13051,13,29,303,0.652317880794702,302,0.3566666666666667,300,0.8415841584158416,2.33003300330033,303,0.8283828382838284,2.04950495049505,303
Hidalgo,Mineral de la Reforma,2018,0.324389666318893,202749,96259,106490,13051,13,21,305,0.5836065573770491,305,0.28052805280528054,303,0.7672131147540984,2.2262295081967216,305,0.7475409836065574,1.8125,304
Hidalgo,Mineral de la Reforma,2019,0.324993014335632,202749,96259,106490,13051,13,15,311,0.5209003215434084,311,0.21103896103896105,308,0.729903536977492,2.180064308681672,311,0.7877813504823151,1.964516129032258,310
Hidalgo,Mineral de la Reforma,2020,0.307564258575439,202749,96259,106490,13051,13,4,220,0.5045454545454545,220,0.2876712328767123,219,0.7136363636363636,1.9318181818181817,220,0.7454545454545455,1.6164383561643834,219
Hidalgo,Pachuca de Soto,2013,0.301374316215515,314331,149559,164772,13048,13,152.18656322759,66,0.2878787878787879,66,0.16666666666666666,66,0.6060606060606061,1.5303030303030298,66,0.5,0.8615384615384615,65
Hidalgo,Pachuca de Soto,2014,0.328635007143021,314331,149559,164772,13048,13,143.462492724098,119,0.3613445378151261,119,0.25210084033613445,119,0.680672268907563,1.6722689075630253,119,0.5210084033613446,0.9411764705882352,119
Hidalgo,Pachuca de Soto,2015,0.348220020532608,314331,149559,164772,13048,13,180,111,0.21621621621621623,111,0.2882882882882883,111,0.5675675675675675,1.135135135135135,111,0.5315315315315315,1.0090090090090087,111
Hidalgo,Pachuca de Soto,2016,0.324906349182129,314331,149559,164772,13048,13,145,725,0.5283540802213001,723,0.3352112676056338,710,0.7903448275862069,2.2665745856353583,724,0.6344827586206897,1.398340248962656,723
Hidalgo,Pachuca de Soto,2017,0.314484149217606,314331,149559,164772,13048,13,189,746,0.6018766756032171,746,0.3670715249662618,741,0.7989276139410187,2.365951742627346,746,0.7573726541554959,1.8592493297587127,746
Hidalgo,Pachuca de Soto,2018,0.314987480640411,314331,149559,164772,13048,13,161,723,0.6141078838174274,723,0.32918395573997233,723,0.8132780082987552,2.4038727524204706,723,0.7178423236514523,1.6639004149377603,723
Hidalgo,Pachuca de Soto,2019,0.304056793451309,314331,149559,164772,13048,13,83,716,0.5758426966292135,712,0.26704545454545453,704,0.7388268156424581,2.029370629370629,715,0.7946927374301676,1.8906030855539968,713
Hidalgo,Pachuca de Soto,2020,0.292621076107025,314331,149559,164772,13048,13,65,553,0.5680580762250453,551,0.4066543438077634,541,0.7414104882459313,2.128623188405797,552,0.7757685352622061,1.855072463768116,552
Jalisco,El Salto,2014,0.433061450719833,232852,121690,111162,14070,14,37.8043055151339,6,0.8333333333333334,6,0.5,6,1,4.833333333333333,6,1,2.833333333333333,6
Jalisco,El Salto,2015,0.438304722309113,232852,121690,111162,14070,14,37,6,0.6666666666666666,6,0.3333333333333333,6,1,2.333333333333333,6,1,2,6
Jalisco,Guadalajara,2013,0.217124611139297,1385629,666997,718632,14039,14,237.488585928405,182,0.6629834254143646,181,0.24848484848484848,165,0.9230769230769232,3.331491712707182,181,0.8241758241758241,1.9010989010989012,182
Jalisco,Guadalajara,2014,0.221684440970421,1385629,666997,718632,14039,14,235.549903594296,401,0.6809045226130653,398,0.2325581395348837,344,0.8827930174563591,3.07,400,0.7655860349127181,1.6832917705735664,401
Jalisco,Guadalajara,2015,0.227768063545227,1385629,666997,718632,14039,14,288,359,0.7146892655367232,354,0.25,312,0.9080779944289692,3.013966480446927,358,0.7966573816155988,1.6256983240223464,358
Jalisco,Guadalajara,2016,0.22003661096096,1385629,666997,718632,14039,14,315,229,0.6899563318777293,229,0.3656387665198238,227,0.9082969432314412,3.462882096069869,229,0.7641921397379913,1.737991266375546,229
Jalisco,Guadalajara,2017,0.216381624341011,1385629,666997,718632,14039,14,335,224,0.7589285714285714,224,0.28125,224,0.9017857142857144,3.111607142857143,224,0.49107142857142855,0.8794642857142856,224
Jalisco,Guadalajara,2018,0.224222704768181,1385629,666997,718632,14039,14,560,790,0.8491761723700887,789,0.3229571984435798,771,0.9126582278481012,3.4873417721518973,790,0.7341772151898734,1.6416772554002548,787
Jalisco,Guadalajara,2019,0.219643250107765,1385629,666997,718632,14039,14,458,1033,0.8331716779825412,1031,0.2724609375,1024,0.8741529525653436,3.230396902226524,1033,0.7018393030009681,1.7003891050583646,1028
Jalisco,Guadalajara,2020,0.220047608017921,1385629,666997,718632,14039,14,459,791,0.8354430379746836,790,0.3944020356234097,786,0.8761061946902655,3.037926675094817,791,0.6118836915297092,1.3687580025608193,781
Jalisco,Jesús María,2013,0.46420082449913,129929,64219,65710,1005,01,19.3868233410943,8,0.5,8,0.125,8,0.5,1.375,8,0.75,1.375,8
Jalisco,Jesús María,2014,0.502343893051147,129929,64219,65710,1005,01,20.356164508149,12,0.8333333333333334,12,0.08333333333333333,12,1,2.1666666666666665,12,0.8333333333333334,1.8333333333333333,12
Jalisco,Jesús María,2015,0.516343832015991,129929,64219,65710,1005,01,23,4,0,4,0.25,4,0.75,2.75,4,0,0,4
Jalisco,Jesús María,2016,0.48504313826561,129929,64219,65710,1005,01,20,69,0.5882352941176471,68,0.2923076923076923,65,0.9420289855072465,3.0434782608695654,69,0.7681159420289855,1.6376811594202898,69
Jalisco,Jesús María,2017,0.463539779186249,129929,64219,65710,1005,01,26,72,0.6111111111111112,72,0.3055555555555556,72,0.9444444444444444,3.333333333333333,72,0.5833333333333334,1.5555555555555558,72
Jalisco,Jesús María,2018,0.486257672309875,129929,64219,65710,1005,01,24,69,0.6521739130434783,69,0.30434782608695654,69,0.8695652173913043,3.231884057971014,69,0.5507246376811594,1.2898550724637683,69
Jalisco,Jesús María,2019,0.493759095668793,129929,64219,65710,1005,01,23,74,0.6081081081081081,74,0.28378378378378377,74,0.8243243243243243,2.945945945945946,74,0.5,1.0810810810810811,74
Jalisco,Jesús María,2020,0.470445305109024,129929,64219,65710,1005,01,28,53,0.6037735849056604,53,0.3962264150943397,53,0.9056603773584906,3.4716981132075477,53,0.5660377358490566,1.207547169811321,53
Jalisco,Puerto Vallarta,2016,0.718984603881836,291839,146187,145652,14067,14,51,515,0.4171539961013645,513,0.2736220472440945,508,0.8077669902912621,2.658252427184466,515,0.5766990291262136,1.2046783625730992,513
Jalisco,Puerto Vallarta,2017,0.671220004558563,291839,146187,145652,14067,14,57,1070,0.29924953095684803,1066,0.22348484848484848,1056,0.7766355140186916,2.1057062675397566,1069,0.4252336448598131,0.827876520112254,1069
Jalisco,Puerto Vallarta,2018,0.698635280132294,291839,146187,145652,14067,14,39,1067,0.408622305529522,1067,0.2182163187855788,1054,0.8341143392689785,2.39456419868791,1067,0.4892221180880975,0.9718045112781958,1064
Jalisco,Puerto Vallarta,2019,0.693340361118317,291839,146187,145652,14067,14,45,1059,0.4045368620037807,1058,0.1929321872015282,1047,0.8158640226628895,2.24551463644948,1059,0.4277620396600567,0.9040835707502384,1053
Jalisco,Puerto Vallarta,2020,0.716224372386932,291839,146187,145652,14067,14,36,796,0.30303030303030304,792,0.2112676056338028,781,0.7273869346733668,1.845477386934673,796,0.4082914572864322,0.8331210191082804,785
Jalisco,San Pedro Tlaquepaque,2013,0.314112305641174,687127,338844,348283,14098,14,138.615786888824,36,0.8888888888888888,36,0.6111111111111112,36,1,4.25,36,0.9444444444444444,2.611111111111111,36
Jalisco,San Pedro Tlaquepaque,2014,0.324901759624481,687127,338844,348283,14098,14,151.217222060536,117,0.8717948717948718,117,0.408695652173913,115,0.9572649572649572,4.273504273504273,117,0.8632478632478633,2.2735042735042734,117
Jalisco,San Pedro Tlaquepaque,2015,0.331312596797943,687127,338844,348283,14098,14,125,147,0.7755102040816326,147,0.38461538461538464,143,0.91156462585034,3.605442176870748,147,0.7959183673469388,1.9183673469387752,147
Jalisco,San Pedro Tlaquepaque,2016,0.311507821083069,687127,338844,348283,14098,14,153,231,0.6493506493506493,231,0.27391304347826084,230,0.8917748917748918,3.536796536796537,231,0.7142857142857143,1.744588744588745,231
Jalisco,San Pedro Tlaquepaque,2017,0.303499341011047,687127,338844,348283,14098,14,207,229,0.6899563318777293,229,0.2850877192982456,228,0.8733624454148472,3.2401746724890828,229,0.5720524017467249,1.3842794759825328,229
Jalisco,San Pedro Tlaquepaque,2018,0.318029493093491,687127,338844,348283,14098,14,391,854,0.752927400468384,854,0.2724014336917563,837,0.9215456674473068,3.740046838407494,854,0.6159250585480094,1.4056271981242685,853
Jalisco,San Pedro Tlaquepaque,2019,0.304488271474838,687127,338844,348283,14098,14,342,1055,0.7590476190476191,1050,0.2548076923076923,1040,0.8777251184834123,3.4529914529914514,1053,0.6900473933649289,1.8287345385347265,1051
Jalisco,San Pedro Tlaquepaque,2020,0.302253901958466,687127,338844,348283,14098,14,349,789,0.7273885350318471,785,0.31666666666666665,780,0.8859315589353612,3.3227445997458718,787,0.6590621039290241,1.6825192802056563,778
Jalisco,Tlajomulco de Zúñiga,2014,0.497189968824387,727750,360342,367408,14097,14,119.22896354773,18,0.6666666666666666,18,0.3333333333333333,18,0.9444444444444444,3.4444444444444446,18,0.8888888888888888,2,18
Jalisco,Tlajomulco de Zúñiga,2015,0.503245294094086,727750,360342,367408,14097,14,114,18,0.6666666666666666,18,0.29411764705882354,17,0.9444444444444444,3.5,18,0.7222222222222222,1.8333333333333333,18
Jalisco,Tlajomulco de Zúñiga,2016,0.478310793638229,727750,360342,367408,14097,14,161,33,0.696969696969697,33,0.3333333333333333,33,0.9696969696969696,3.939393939393939,33,0.9090909090909092,2.0303030303030303,33
Jalisco,Tlajomulco de Zúñiga,2017,0.464166015386581,727750,360342,367408,14097,14,186,29,0.7931034482758621,29,0.4137931034482759,29,0.9310344827586208,3.9655172413793114,29,0.7931034482758621,1.5862068965517242,29
Jalisco,Tlajomulco de Zúñiga,2018,0.487907201051712,727750,360342,367408,14097,14,299,753,0.7746666666666666,750,0.27906976744186046,731,0.9176626826029216,3.632138114209827,753,0.7569721115537849,1.7773333333333332,750
Jalisco,Tlajomulco de Zúñiga,2019,0.476494878530502,727750,360342,367408,14097,14,302,1003,0.7422577422577422,1001,0.27923387096774194,992,0.8863409770687937,3.3639082751744764,1003,0.7058823529411765,1.675,1000
Jalisco,Tlajomulco de Zúñiga,2020,0.482907444238663,727750,360342,367408,14097,14,285,778,0.7030848329048843,778,0.32639791937581275,769,0.8508997429305912,2.9421593830334185,778,0.6863753213367609,1.5263835263835266,777
Jalisco,Tonalá,2013,0.394462764263153,569913,281695,288218,14101,14,83.3633403667055,32,0.875,32,0.2258064516129032,31,1,3.25,32,0.84375,1.84375,32
Jalisco,Tonalá,2014,0.438301205635071,569913,281695,288218,14101,14,88.210046201979,72,0.8333333333333334,72,0.29577464788732394,71,0.9861111111111112,2.0972222222222223,72,0.6666666666666666,1.0277777777777777,72
Jalisco,Tonalá,2015,0.436231970787048,569913,281695,288218,14101,14,86,96,0.9791666666666666,96,0.4583333333333333,96,0.9895833333333334,4.135416666666666,96,0.9583333333333334,2.03125,96
Jalisco,Tonalá,2016,0.413887172937393,569913,281695,288218,14101,14,95,119,0.8067226890756303,119,0.2711864406779661,118,0.9411764705882352,3.5210084033613445,119,0.680672268907563,1.6302521008403363,119
Jalisco,Tonalá,2017,0.398056298494339,569913,281695,288218,14101,14,171,126,0.7619047619047619,126,0.328,125,0.8968253968253969,3.523809523809524,126,0.7936507936507936,1.8968253968253963,126
Jalisco,Tonalá,2018,0.43211430311203,569913,281695,288218,14101,14,171,807,0.7571251548946716,807,0.2974683544303797,790,0.9008674101610904,3.5130111524163583,807,0.5861214374225526,1.2709113607989997,801
Jalisco,Tonalá,2019,0.406122982501984,569913,281695,288218,14101,14,218,1054,0.813510941960038,1051,0.2887189292543021,1046,0.9146110056925996,3.619771863117872,1052,0.6660341555977229,1.5399239543726224,1052
Jalisco,Tonalá,2020,0.407306790351868,569913,281695,288218,14101,14,206,784,0.8020434227330779,783,0.31876606683804626,778,0.917091836734694,3.4349489795918364,784,0.8048469387755102,2.031928480204342,783
Jalisco,Zapopan,2013,0.461209028959274,1476491,720592,755899,14120,14,269.47684444121097,183,0.6502732240437158,183,0.26256983240223464,179,0.8688524590163934,3.1693989071038247,183,0.7978142076502732,1.8087431693989071,183
Jalisco,Zapopan,2014,0.490695029497147,1476491,720592,755899,14120,14,210.347033250873,281,0.6654804270462633,281,0.3942652329749104,279,0.8683274021352313,3.04270462633452,281,0.8113879003558719,1.7793594306049825,281
Jalisco,Zapopan,2015,0.492778539657593,1476491,720592,755899,14120,14,242,282,0.7021276595744681,282,0.2903225806451613,279,0.8368794326241135,3.021276595744681,282,0.7553191489361702,1.702127659574468,282
Jalisco,Zapopan,2016,0.479821562767029,1476491,720592,755899,14120,14,238,418,0.645933014354067,418,0.25240384615384615,416,0.8301435406698564,2.674641148325359,418,0.6650717703349283,1.4760765550239237,418
Jalisco,Zapopan,2017,0.452725112438202,1476491,720592,755899,14120,14,273,432,0.6380510440835266,431,0.2400932400932401,429,0.8217592592592593,2.494199535962877,431,0.5347222222222222,1.135198135198135,429
Jalisco,Zapopan,2018,0.483864396810532,1476491,720592,755899,14120,14,272,884,0.6761041902604756,883,0.21634062140391253,869,0.8427601809954751,2.787089467723669,883,0.6493212669683258,1.391353811149034,879
Jalisco,Zapopan,2019,0.473761469125748,1476491,720592,755899,14120,14,329,1033,0.6757281553398058,1030,0.2583170254403131,1022,0.818973862536302,2.719264278799612,1033,0.6718296224588577,1.547480620155037,1032
Jalisco,Zapopan,2020,0.481214195489883,1476491,720592,755899,14120,14,322,767,0.5958279009126467,767,0.3214756258234519,759,0.7926988265971316,2.491525423728814,767,0.5919165580182529,1.3084967320261447,765
Michoacán,Juárez,2013,0.611789882183075,471523,237717,233806,19031,19,53.3137641880093,4,0.5,4,0.25,4,0.75,2.5,4,0.25,0.25,4
Michoacán,Juárez,2014,0.615022838115692,471523,237717,233806,19031,19,48.4670583527357,33,0.7878787878787878,33,0.030303030303030304,33,0.9090909090909092,3,33,0.8787878787878788,2.212121212121212,33
Michoacán,Juárez,2015,0.644926011562347,471523,237717,233806,19031,19,51,56,0.6785714285714286,56,0.14285714285714285,56,0.8035714285714286,2.571428571428572,56,0.625,1.5535714285714284,56
Michoacán,Juárez,2016,0.637030065059662,1512450,756977,755473,8037,08,502,1057,0.5601895734597157,1055,0.16666666666666666,1056,0.6963103122043519,2.0842005676442774,1057,0.6726584673604541,1.589962121212119,1056
Michoacán,Juárez,2016,0.637030065059662,471523,237717,233806,19031,19,47,68,0.7058823529411765,68,0.38235294117647056,68,0.8970588235294118,2.8235294117647056,68,0.7205882352941176,1.7941176470588236,68
Michoacán,Juárez,2017,0.602545022964478,1512450,756977,755473,8037,08,676,1059,0.6748582230623819,1058,0.24976348155156103,1057,0.6931067044381491,2.1048158640226635,1059,0.5599622285174694,1.3741690408357057,1053
Michoacán,Juárez,2017,0.602545022964478,471523,237717,233806,19031,19,46,55,0.9272727272727272,55,0.43636363636363634,55,0.9272727272727272,3.709090909090909,55,0.8181818181818182,2.2727272727272725,55
Michoacán,Juárez,2018,0.624143183231354,1512450,756977,755473,8037,08,1065,1053,0.7509505703422054,1052,0.24737344794651384,1047,0.7378917378917379,2.4909781576448244,1053,0.7549857549857549,2.040991420400381,1049
Michoacán,Juárez,2018,0.624143183231354,471523,237717,233806,19031,19,86,10,0.7,10,0.5,10,1,3.9,10,0.9,2.1,10
Michoacán,Juárez,2019,0.621147990226746,1512450,756977,755473,8037,08,1332,1074,0.7672253258845437,1074,0.3037383177570093,1070,0.7560521415270018,2.311918063314711,1074,0.7541899441340782,1.841565703634668,1073
Michoacán,Juárez,2020,0.603065252304077,1512450,756977,755473,8037,08,1482,810,0.754320987654321,810,0.25806451612903225,806,0.7876543209876543,2.4518518518518504,810,0.7086419753086419,1.6765432098765447,810
Michoacán,Lázaro Cárdenas,2016,0.679579794406891,196003,97484,98519,16052,16,166,244,0.8065843621399177,243,0.4385245901639344,244,0.8852459016393442,2.9629629629629632,243,0.8032786885245902,1.995884773662552,243
Michoacán,Lázaro Cárdenas,2017,0.656450152397156,196003,97484,98519,16052,16,104,1020,0.7843137254901961,1020,0.3667649950835792,1017,0.8686274509803922,2.747058823529411,1020,0.6254901960784314,1.500982318271119,1018
Michoacán,Lázaro Cárdenas,2018,0.675952255725861,196003,97484,98519,16052,16,56,984,0.7650050864699899,983,0.23559670781893005,972,0.8648373983739838,2.611788617886179,984,0.467479674796748,0.9918699186991868,984
Michoacán,Lázaro Cárdenas,2019,0.666251182556152,196003,97484,98519,16052,16,83,1054,0.6993339676498572,1051,0.20608439646712465,1019,0.849146110056926,2.342504743833017,1054,0.4933586337760911,1.063567362428843,1054
Michoacán,Lázaro Cárdenas,2020,0.66304349899292,196003,97484,98519,16052,16,75,792,0.6151832460732984,764,0.2578444747612551,733,0.7916666666666666,2.030341340075853,791,0.5429292929292929,1.1479140328697863,791
Michoacán,Morelia,2013,0.522817134857178,849053,407129,441924,16053,16,433.295501673457,82,0.8888888888888888,81,0.5487804878048781,82,0.9390243902439024,3.158536585365854,82,0.8414634146341463,1.7195121951219512,82
Michoacán,Morelia,2014,0.537265837192535,849053,407129,441924,16053,16,388.705807988941,165,0.8242424242424242,165,0.3636363636363637,165,0.8666666666666667,3.2121212121212124,165,0.8,1.8727272727272728,165
Michoacán,Morelia,2015,0.569241285324097,849053,407129,441924,16053,16,385,151,0.7880794701986755,151,0.2980132450331126,151,0.8874172185430463,3.3509933774834435,151,0.8543046357615894,2.013245033112583,151
Michoacán,Morelia,2016,0.532839000225067,849053,407129,441924,16053,16,416,1010,0.7522299306243806,1009,0.32696177062374243,994,0.8554455445544554,2.839603960396039,1010,0.593069306930693,1.204386839481555,1003
Michoacán,Morelia,2017,0.526851296424866,849053,407129,441924,16053,16,392,1042,0.753609239653513,1039,0.33692458374143,1021,0.8243761996161229,2.7557692307692303,1040,0.753358925143954,1.767598842815815,1037
Michoacán,Morelia,2018,0.546554028987885,849053,407129,441924,16053,16,388,1049,0.7311004784688995,1045,0.2796116504854369,1030,0.8455672068636797,2.86354961832061,1048,0.7340324118207817,1.747137404580153,1048
Michoacán,Morelia,2019,0.554328262805939,849053,407129,441924,16053,16,436,1020,0.7864173228346457,1016,0.3726273726273726,1001,0.8558823529411764,2.7040314650934114,1017,0.5970588235294118,1.3018682399213377,1017
Michoacán,Morelia,2020,0.528341710567474,849053,407129,441924,16053,16,517,781,0.7644787644787645,777,0.40052015604681407,769,0.8245838668373879,2.692307692307692,780,0.7759282970550576,1.8610038610038608,777
Michoacán,Tarímbaro,2015,0.525724112987518,114513,55749,58764,16088,16,19,12,0.9166666666666666,12,0.5833333333333334,12,0.9166666666666666,3.583333333333333,12,0.9166666666666666,2.333333333333333,12
Michoacán,Uruapan,2016,0.660653352737427,356786,172310,184476,16102,16,178,776,0.7971576227390181,774,0.4238845144356955,762,0.884020618556701,3.170322580645161,775,0.7628865979381443,1.9754838709677407,775
Michoacán,Uruapan,2017,0.636622786521912,356786,172310,184476,16102,16,145,1055,0.8566001899335233,1053,0.5014464802314368,1037,0.8805687203791469,3.211374407582939,1055,0.7914691943127962,2.065776930409914,1049
Michoacán,Uruapan,2018,0.648516833782196,356786,172310,184476,16102,16,193,1044,0.8480769230769231,1040,0.36738703339882117,1018,0.8553639846743295,2.890699904122722,1043,0.5603448275862069,1.3333333333333353,1044
Michoacán,Uruapan,2019,0.651460826396942,356786,172310,184476,16102,16,313,1053,0.892175572519084,1048,0.43859649122807015,1026,0.9021842355175688,3.112274024738344,1051,0.6970560303893637,1.590693257359923,1053
Michoacán,Uruapan,2020,0.654820024967194,356786,172310,184476,16102,16,251,787,0.8703939008894537,787,0.42362002567394097,779,0.8640406607369758,2.714104193138501,787,0.6645489199491741,1.5069885641677248,787
Michoacán,Venustiano Carranza,2013,0.513701558113098,443704,210118,233586,9017,09,145.401175058207,25,0.64,25,0.04,25,0.72,2,25,0.48,1.2,25
Michoacán,Venustiano Carranza,2014,0.522934973239899,443704,210118,233586,9017,09,108.566210710128,45,0.7333333333333333,45,0.2,45,0.8,2.1555555555555554,45,0.8,1.577777777777778,45
Michoacán,Venustiano Carranza,2015,0.534415662288666,443704,210118,233586,9017,09,166,44,0.6590909090909091,44,0.12195121951219512,41,0.9545454545454546,2.75,44,0.75,1.3863636363636362,44
Michoacán,Venustiano Carranza,2016,0.516784906387329,443704,210118,233586,9017,09,170,244,0.8770491803278688,244,0.3662551440329218,243,0.9549180327868853,4.209016393442623,244,0.8565573770491803,2.094262295081967,244
Michoacán,Venustiano Carranza,2017,0.48924857378006,443704,210118,233586,9017,09,192,222,0.9054054054054054,222,0.410958904109589,219,0.9414414414414416,4.144144144144144,222,0.9009009009009008,2.130630630630631,222
Michoacán,Venustiano Carranza,2018,0.528855085372925,443704,210118,233586,9017,09,209,432,0.8352668213457076,431,0.2605633802816901,426,0.9328703703703703,3.990740740740739,432,0.8657407407407407,2.1608391608391613,429
Michoacán,Venustiano Carranza,2019,0.519756555557251,443704,210118,233586,9017,09,174,659,0.7027439024390244,656,0.19359756097560976,656,0.943854324734446,3.6919575113808807,659,0.802731411229135,1.769817073170732,656
Michoacán,Venustiano Carranza,2020,0.504424750804901,443704,210118,233586,9017,09,146,786,0.6713375796178344,785,0.2622107969151671,778,0.9300254452926208,3.568702290076336,786,0.7519083969465649,1.665384615384616,780
Michoacán,Álvaro Obregón,2013,0.540231764316559,759137,361007,398130,9010,09,90.1487285360885,59,0.7966101694915254,59,0.13793103448275862,58,0.9152542372881356,2.8135593220338984,59,0.559322033898305,1.2033898305084747,59
Michoacán,Álvaro Obregón,2014,0.541438400745392,759137,361007,398130,9010,09,98.8727990395809,66,0.803030303030303,66,0.21212121212121213,66,0.8333333333333334,2.2727272727272725,66,0.696969696969697,1.1363636363636362,66
Michoacán,Álvaro Obregón,2015,0.546116411685944,759137,361007,398130,9010,09,108,62,0.8064516129032258,62,0.2786885245901639,61,0.935483870967742,3.161290322580645,62,0.8387096774193549,1.6290322580645162,62
Michoacán,Álvaro Obregón,2016,0.538326501846313,759137,361007,398130,9010,09,95,357,0.9019607843137256,357,0.4775280898876405,356,0.8935574229691877,3.859943977591036,357,0.865546218487395,1.977591036414566,357
Michoacán,Álvaro Obregón,2017,0.536778390407562,759137,361007,398130,9010,09,147,388,0.8917525773195877,388,0.481958762886598,388,0.9329896907216496,3.7087628865979374,388,0.8556701030927835,2.010362694300518,386
Michoacán,Álvaro Obregón,2018,0.552377700805664,759137,361007,398130,9010,09,126,530,0.8712121212121212,528,0.3690248565965583,523,0.958490566037736,3.9640831758034025,529,0.8584905660377359,2.0302457466918726,529
Michoacán,Álvaro Obregón,2019,0.541537284851074,759137,361007,398130,9010,09,174,703,0.7724039829302988,703,0.2927536231884058,690,0.9331436699857752,3.594594594594593,703,0.7809388335704125,1.822603719599428,699
Michoacán,Álvaro Obregón,2020,0.535973727703094,759137,361007,398130,9010,09,101,802,0.8188679245283019,795,0.3848101265822785,790,0.9463840399002492,3.692883895131085,801,0.8042394014962594,1.7947103274559206,794
Morelos,Cuernavaca,2013,0.517750978469849,378476,178729,199747,17007,17,298.557079452852,39,0.97435897435897445,39,0.2307692307692308,39,0.9487179487179488,3.4871794871794872,39,0.8461538461538461,2.256410256410257,39
Morelos,Cuernavaca,2014,0.524785161018372,378476,178729,199747,17007,17,205.5003274156,94,0.9893617021276596,94,0.4148936170212766,94,0.8936170212765957,3.234042553191489,94,0.7978723404255319,2.063829787234043,94
Morelos,Cuernavaca,2015,0.543874800205231,378476,178729,199747,17007,17,199,64,0.921875,64,0.421875,64,0.890625,3.046875,64,0.859375,2.1875,64
Morelos,Cuernavaca,2016,0.543227910995483,378476,178729,199747,17007,17,156,411,0.8288508557457213,409,0.4166666666666667,396,0.8661800486618005,2.9975669099756685,411,0.8807785888077859,2.2689486552567235,409
Morelos,Cuernavaca,2017,0.518569111824036,378476,178729,199747,17007,17,117,398,0.8866498740554156,397,0.4030612244897959,392,0.8592964824120602,2.9974811083123427,397,0.6959798994974874,1.6005025125628154,398
Morelos,Cuernavaca,2018,0.527287483215332,378476,178729,199747,17007,17,162,386,0.8489583333333334,384,0.327027027027027,370,0.8160621761658031,2.6805194805194805,385,0.4430051813471503,1,386
Morelos,Cuernavaca,2019,0.528427422046661,378476,178729,199747,17007,17,218,427,0.8849765258215962,426,0.4473684210526316,418,0.882903981264637,2.976525821596244,426,0.6627634660421545,1.5187793427230034,426
Morelos,Cuernavaca,2020,0.520187258720398,378476,178729,199747,17007,17,192,318,0.8836477987421384,318,0.5080906148867314,309,0.8773584905660378,3.0660377358490565,318,0.7484276729559748,1.8566878980891732,314
Morelos,Emiliano Zapata,2013,0.507376134395599,107053,52008,55045,17008,17,39.7429878492433,5,1,5,0.4,5,0.8,2.6,5,1,2.8,5
Morelos,Emiliano Zapata,2014,0.508621990680695,107053,52008,55045,17008,17,26.1722115104773,9,1,9,0.4444444444444444,9,1,4.555555555555555,9,0.7777777777777778,2.4444444444444446,9
Morelos,Emiliano Zapata,2015,0.518347024917603,107053,52008,55045,17008,17,23,19,1,19,0.47368421052631576,19,0.8421052631578947,4.052631578947368,19,0.8947368421052632,2.105263157894737,19
Morelos,Emiliano Zapata,2016,0.523647427558899,107053,52008,55045,17008,17,31,142,0.8581560283687943,141,0.3642857142857143,140,0.8873239436619719,3.204225352112676,142,0.8802816901408451,2.4255319148936167,141
Morelos,Emiliano Zapata,2017,0.515866339206696,107053,52008,55045,17008,17,31,166,0.6727272727272727,165,0.3109756097560976,164,0.9397590361445785,3.150602409638554,166,0.7168674698795181,1.7349397590361444,166
Morelos,Emiliano Zapata,2018,0.527106821537018,107053,52008,55045,17008,17,41,141,0.7785714285714286,140,0.4676258992805755,139,0.9219858156028368,3.2928571428571427,140,0.475177304964539,1.1276595744680864,141
Morelos,Emiliano Zapata,2019,0.517194211483002,107053,52008,55045,17008,17,63,151,0.8145695364238411,151,0.5266666666666666,150,0.9403973509933776,3.4569536423841054,151,0.6556291390728477,1.4569536423841056,151
Morelos,Emiliano Zapata,2020,0.493679076433182,107053,52008,55045,17008,17,63,93,0.8478260869565217,92,0.4946236559139785,93,0.8602150537634409,3.096774193548387,93,0.6451612903225806,1.5376344086021505,93
Morelos,Jiutepec,2013,0.44166287779808,215357,103119,112238,17011,17,85.3020227008149,7,1,7,0.2857142857142857,7,1,5,7,0.7142857142857143,1.5714285714285714,7
Morelos,Jiutepec,2014,0.439568310976028,215357,103119,112238,17011,17,45.5590348515716,31,0.8709677419354839,31,0.4516129032258064,31,0.935483870967742,3.5161290322580645,31,0.8387096774193549,2.290322580645161,31
Morelos,Jiutepec,2015,0.45563343167305,215357,103119,112238,17011,17,38,48,0.9583333333333334,48,0.4166666666666667,48,0.8958333333333334,3.6666666666666665,48,0.875,2.104166666666667,48
Morelos,Jiutepec,2016,0.460316985845566,215357,103119,112238,17011,17,40,306,0.7425742574257426,303,0.34782608695652173,299,0.9052287581699346,3.42156862745098,306,0.8300653594771242,2.0491803278688527,305
Morelos,Jiutepec,2017,0.43849378824234,215357,103119,112238,17011,17,73,300,0.7878787878787878,297,0.2905405405405405,296,0.9233333333333332,3.31,300,0.7966666666666666,2.0436241610738257,298
Morelos,Jiutepec,2018,0.441155582666397,215357,103119,112238,17011,17,58,277,0.83032490974729245,277,0.2757352941176471,272,0.8989169675090253,3.194945848375452,277,0.740072202166065,1.7463768115942029,276
Morelos,Jiutepec,2019,0.445287257432938,215357,103119,112238,17011,17,92,285,0.8421052631578947,285,0.3237410071942446,278,0.8912280701754386,3.112280701754386,285,0.7263157894736842,1.8456140350877188,285
Morelos,Jiutepec,2020,0.429462343454361,215357,103119,112238,17011,17,88,221,0.8636363636363636,220,0.3545454545454545,220,0.918552036199095,3.131221719457014,221,0.7104072398190046,1.8235294117647067,221
Morelos,Temixco,2013,0.502590179443359,122263,58986,63277,17018,17,54.283105355064,11,1,11,0.4545454545454545,11,1,4.545454545454546,11,0.9090909090909092,2.4545454545454546,11
Morelos,Temixco,2014,0.508913159370422,122263,58986,63277,17018,17,33.926940846915,26,1,26,0.6153846153846154,26,1,4.576923076923077,26,0.9230769230769232,2.8461538461538463,26
Morelos,Temixco,2015,0.51828545331955,122263,58986,63277,17018,17,52,40,0.925,40,0.5,40,0.975,4.475,40,0.875,2.225,40
Morelos,Temixco,2016,0.524150431156158,122263,58986,63277,17018,17,47,81,0.7530864197530864,81,0.358974358974359,78,0.9506172839506172,2.9012345679012346,81,0.9012345679012346,2.3625,80
Morelos,Temixco,2017,0.517449617385864,122263,58986,63277,17018,17,43,91,0.7692307692307693,91,0.39325842696629215,89,0.8901098901098901,3.032967032967033,91,0.7582417582417582,1.9662921348314608,89
Morelos,Temixco,2018,0.538206815719604,122263,58986,63277,17018,17,61,123,0.8278688524590164,122,0.4583333333333333,120,0.8780487804878049,3.336065573770492,122,0.4227642276422765,1.1967213114754112,122
Morelos,Temixco,2019,0.530684769153595,122263,58986,63277,17018,17,82,107,0.8691588785046729,107,0.411214953271028,107,0.8785046728971962,3.6542056074766354,107,0.7009345794392523,1.6698113207547167,106
Morelos,Temixco,2020,0.488032162189484,122263,58986,63277,17018,17,84,102,0.7843137254901961,102,0.4313725490196079,102,0.8823529411764706,3.4901960784313726,102,0.5392156862745098,1.455445544554455,101
Morelos,Xochitepec,2013,0.512539446353912,73539,36910,36629,17028,17,54.283105355064,3,0.6666666666666666,3,0.3333333333333333,3,1,4,3,0.6666666666666666,1,3
Morelos,Xochitepec,2014,0.514738082885742,73539,36910,36629,17028,17,25.2028703434226,4,1,4,0.75,4,1,4.25,4,1,2,4
Morelos,Xochitepec,2015,0.51193380355835,73539,36910,36629,17028,17,36,2,1,2,0.5,2,0.5,0.5,2,1,3,2
Morelos,Xochitepec,2016,0.523678541183472,73539,36910,36629,17028,17,44,36,0.8888888888888888,36,0.3235294117647059,34,0.8611111111111112,2.5,36,0.8333333333333334,1.9444444444444444,36
Morelos,Xochitepec,2017,0.52735698223114,73539,36910,36629,17028,17,39,35,0.6,35,0.3235294117647059,34,0.7428571428571429,2.057142857142857,35,0.6857142857142857,1.457142857142857,35
Morelos,Xochitepec,2018,0.538405895233154,73539,36910,36629,17028,17,52,27,0.8888888888888888,27,0.3703703703703704,27,0.9629629629629628,2.814814814814815,27,0.5185185185185185,1.1111111111111114,27
Morelos,Xochitepec,2019,0.527349233627319,73539,36910,36629,17028,17,62,20,0.85,20,0.25,20,0.8,3,20,0.65,1.55,20
Morelos,Xochitepec,2020,0.497002571821213,73539,36910,36629,17028,17,54,12,0.4166666666666667,12,0.3333333333333333,12,0.5,1.1666666666666663,12,0.3333333333333333,0.75,12
Morelos,Yautepec,2017,0.540510416030884,105780,51099,54681,17029,17,60,10,0.6,10,0.3,10,1,3.8,10,0.7,1.6,10
Morelos,Yautepec,2018,0.552461802959442,105780,51099,54681,17029,17,49,38,0.6842105263157895,38,0.15789473684210523,38,0.7631578947368421,3.026315789473684,38,0.6578947368421053,1.7105263157894737,38
Morelos,Yautepec,2019,0.546569228172302,105780,51099,54681,17029,17,62,33,0.7272727272727273,33,0.15151515151515152,33,0.8484848484848485,3.393939393939394,33,0.7575757575757576,2.03030303030303,33
Morelos,Yautepec,2020,0.523805439472198,105780,51099,54681,17029,17,70,28,0.8214285714285714,28,0.25,28,0.8571428571428571,2.857142857142857,28,0.8214285714285714,2,28
México,Acolman,2015,0.390957593917847,171507,86228,85279,15002,15,30,12,0.5833333333333334,12,0.16666666666666666,12,0.75,3.333333333333333,12,0.6666666666666666,2,12
México,Almoloya de Juárez,2015,0.514505207538605,174587,87130,87457,15005,15,25,8,1,8,1,8,1,6,8,1,4,8
México,Almoloya de Juárez,2016,0.502733170986176,174587,87130,87457,15005,15,25,19,1,19,0.7368421052631579,19,1,3.842105263157895,19,0.9473684210526316,2.8947368421052637,19
México,Almoloya de Juárez,2017,0.489850640296936,174587,87130,87457,15005,15,19,20,1,20,0.4,20,1,4.1,20,1,2.75,20
México,Almoloya de Juárez,2018,0.501499712467194,174587,87130,87457,15005,15,28,20,0.95,20,0.2,20,0.9,4,20,1,3.2,20
México,Almoloya de Juárez,2019,0.503698706626892,174587,87130,87457,15005,15,39,20,0.7,20,0.15,20,0.9,2.45,20,0.65,1.35,20
México,Almoloya de Juárez,2020,0.483582407236099,174587,87130,87457,15005,15,42,13,1,13,0.5384615384615384,13,0.9230769230769232,2.6923076923076925,13,0.7692307692307693,1.923076923076923,13
México,Atizapán de Zaragoza,2013,0.355701476335526,523674,253429,270245,15013,15,94.995434371362,12,0.5833333333333334,12,0.08333333333333333,12,0.9166666666666666,2.833333333333333,12,0.9166666666666666,2.583333333333333,12
México,Atizapán de Zaragoza,2014,0.370911508798599,523674,253429,270245,15013,15,97.9034578725262,47,0.7659574468085106,47,0.23404255319148937,47,0.9361702127659576,2.9574468085106385,47,0.9148936170212766,2.297872340425532,47
México,Atizapán de Zaragoza,2015,0.390223234891891,523674,253429,270245,15013,15,48,31,0.7741935483870968,31,0.3225806451612903,31,0.967741935483871,3.903225806451613,31,0.967741935483871,2.6451612903225805,31
México,Atizapán de Zaragoza,2019,0.365045368671417,523674,253429,270245,15013,15,73,776,0.7816537467700259,774,0.3373333333333333,750,0.911082474226804,3.471649484536082,776,0.8865979381443299,2.089262613195344,773
México,Atizapán de Zaragoza,2020,0.352391362190247,523674,253429,270245,15013,15,70,787,0.736235595390525,781,0.3465982028241335,779,0.8691232528589581,2.941550190597205,787,0.8602287166454892,2.0076628352490418,783
México,Chalco,2013,0.455910474061966,400057,193129,206928,15025,15,101.780822540745,7,1,7,0.7142857142857143,7,1,5.857142857142857,7,1,3.571428571428572,7
México,Chalco,2014,0.481535881757736,400057,193129,206928,15025,15,73.6699286961583,4,1,4,0,4,1,2,4,1,2.5,4
México,Chalco,2015,0.495096117258072,400057,193129,206928,15025,15,77,19,0.7368421052631579,19,0.5789473684210527,19,0.9473684210526316,4.947368421052632,19,1,3.684210526315789,19
México,Chiautla,2015,0.438202351331711,30045,14668,15377,15028,15,7,3,0.6666666666666666,3,0.3333333333333333,3,1,5.333333333333333,3,1,5,3
México,Chicoloapan,2014,0.339296221733093,200750,97195,103555,15029,15,32.9575996798603,7,0.42857142857142855,7,0.42857142857142855,7,1,3.857142857142857,7,1,2.142857142857143,7
México,Chicoloapan,2015,0.351857572793961,200750,97195,103555,15029,15,43,10,0.9,10,0.2,10,0.9,3.8,10,1,2.6,10
México,Chiconcuac,2015,0.343327105045319,27692,13548,14144,15030,15,0,4,1,4,0,4,1,4,4,0.25,0.75,4
México,Chimalhuacán,2013,0.192304566502571,705193,344571,360622,15031,15,153.155904394645,12,0.75,12,0.3333333333333333,12,1,4.166666666666667,12,0.75,2.75,12
México,Chimalhuacán,2014,0.204127088189125,705193,344571,360622,15031,15,153.155904394645,20,1,20,0.55,20,1,5.3,20,1,3.15,20
México,Chimalhuacán,2015,0.216864928603172,705193,344571,360622,15031,15,172,30,0.9333333333333332,30,0.4827586206896552,29,1,5.066666666666666,30,1,2.6333333333333333,30
México,Chimalhuacán,2019,0.205187261104584,705193,344571,360622,15031,15,125,808,0.7920792079207921,808,0.29559748427672955,795,0.931930693069307,3.8428217821782167,808,0.7599009900990099,2.0223880597014925,804
México,Chimalhuacán,2020,0.189276546239853,705193,344571,360622,15031,15,149,810,0.7821782178217822,808,0.4094881398252185,801,0.9395061728395062,3.845679012345679,810,0.8037037037037037,2.0362500000000003,800
México,Coacalco de Berriozábal,2013,0.35736021399498,293444,141107,152337,15020,15,47.497717185681,11,0.5454545454545454,11,0,11,0.8181818181818182,1.7272727272727273,11,0.8181818181818182,1.5454545454545454,11
México,Coacalco de Berriozábal,2014,0.373395413160324,293444,141107,152337,15020,15,46.5283760186263,12,0.75,12,0.08333333333333333,12,1,3.416666666666667,12,0.9166666666666666,1.9166666666666663,12
México,Coacalco de Berriozábal,2015,0.38818970322609,293444,141107,152337,15020,15,42,11,0.9090909090909092,11,0.18181818181818185,11,1,5.090909090909091,11,0.9090909090909092,3.1818181818181817,11
México,Cuautitlán,2013,0.449559450149536,178847,87666,91181,15024,15,39.7429878492433,12,0.75,12,0,12,1,2.5,12,0.9166666666666666,2,12
México,Cuautitlán,2014,0.459520816802979,178847,87666,91181,15024,15,37.8043055151339,2,1,2,0.5,2,1,2,2,1,4,2
México,Cuautitlán,2015,0.476071000099182,178847,87666,91181,15024,15,18,1,0,1,0,1,1,2,1,1,2,1
México,Cuautitlán,2019,0.419089168310165,178847,87666,91181,15024,15,24,241,0.7219917012448133,241,0.29707112970711297,239,0.950207468879668,3.5186721991701244,241,0.8796680497925311,2.186721991701245,241
México,Cuautitlán Izcalli,2013,0.296074897050858,555163,268956,286207,15121,15,123.106328215949,9,0.8888888888888888,9,0,9,1,3.111111111111111,9,0.8888888888888888,2.4444444444444446,9
México,Cuautitlán Izcalli,2014,0.304300159215927,555163,268956,286207,15121,15,126.983692884168,12,0.8333333333333334,12,0.25,12,1,2.75,12,0.9166666666666666,2.25,12
México,Cuautitlán Izcalli,2015,0.328843891620636,555163,268956,286207,15121,15,81,19,0.9473684210526316,19,0.42105263157894735,19,0.9473684210526316,3.947368421052632,19,0.9473684210526316,2,19
México,Cuautitlán Izcalli,2019,0.293067157268524,555163,268956,286207,15121,15,111,513,0.8538011695906432,513,0.26666666666666666,510,0.935672514619883,3.4697855750487334,513,0.8128654970760234,2.0116959064327484,513
México,Cuautitlán Izcalli,2020,0.278372049331665,555163,268956,286207,15121,15,144,777,0.8229974160206718,774,0.33984375,768,0.9227799227799228,3.2689832689832685,777,0.803088803088803,1.9742599742599725,777
México,Ecatepec de Morelos,2013,0.212789729237556,1645352,798549,846803,15033,15,511.812136204889,45,0.9555555555555556,45,0.6444444444444445,45,0.9777777777777776,5.511111111111111,45,0.9777777777777776,3.2888888888888888,45
México,Ecatepec de Morelos,2014,0.223881497979164,1645352,798549,846803,15033,15,576.757994397555,74,0.9864864864864864,74,0.8108108108108109,74,1,5.851351351351352,74,1,3.77027027027027,74
México,Ecatepec de Morelos,2015,0.237934246659279,1645352,798549,846803,15033,15,440,113,0.9823008849557522,113,0.7964601769911505,113,0.9823008849557522,5.477876106194691,113,0.991150442477876,3.486725663716814,113
México,Ecatepec de Morelos,2016,0.219675719738007,1645352,798549,846803,15033,15,390,521,0.947876447876448,518,0.5235294117647059,510,0.9712092130518234,4.460652591170824,521,0.9289827255278312,2.7422480620155025,516
México,Ecatepec de Morelos,2017,0.210399702191353,1645352,798549,846803,15033,15,398,1085,0.9262672811059908,1085,0.4454713493530499,1082,0.9649769585253456,4.072811059907833,1085,0.904147465437788,2.3625461254612548,1084
México,Ecatepec de Morelos,2018,0.219446733593941,1645352,798549,846803,15033,15,391,1058,0.94234404536862,1058,0.3038461538461538,1040,0.9810964083175804,4.308128544423441,1058,0.9272211720226844,2.5464015151515147,1056
México,Ecatepec de Morelos,2019,0.21559339761734,1645352,798549,846803,15033,15,395,1082,0.9324074074074076,1080,0.3161833489242282,1069,0.966728280961183,4.279112754158964,1082,0.866913123844732,2.332099907493062,1081
México,Ecatepec de Morelos,2020,0.200750470161438,1645352,798549,846803,15033,15,338,791,0.9261146496815288,785,0.44015444015444016,777,0.9304677623261696,3.643489254108724,791,0.8685208596713021,2.281368821292776,789
México,Huixquilucan,2013,0.551735699176788,284965,136466,148499,15037,15,46.5283760186263,4,1,4,0.5,4,0.25,0.75,4,0.75,1.5,4
México,Huixquilucan,2014,0.568401634693146,284965,136466,148499,15037,15,50.4057406868452,6,0.5,6,0,6,0.5,0.5,6,0.6666666666666666,1,6
México,Huixquilucan,2015,0.591676831245422,284965,136466,148499,15037,15,32,4,0.5,4,0,4,1,3,4,1,1.75,4
México,Ixtapaluca,2013,0.496349185705185,542211,263083,279128,15039,15,78.5166345314319,3,1,3,1,3,1,5.333333333333333,3,1,3,3
México,Ixtapaluca,2014,0.523869276046753,542211,263083,279128,15039,15,88.210046201979,6,0.8333333333333334,6,0.6666666666666666,6,1,4.166666666666667,6,0.8333333333333334,2.333333333333333,6
México,Ixtapaluca,2015,0.535692155361176,542211,263083,279128,15039,15,64,16,0.9375,16,0.625,16,1,5.625,16,1,3.5625,16
México,La Paz,2013,0.249286040663719,292241,145803,146438,3003,03,39.7429878492433,72,0.4166666666666667,72,0.2638888888888889,72,0.8611111111111112,2.5,72,0.6111111111111112,1.2638888888888886,72
México,La Paz,2013,0.249286040663719,304088,148202,155886,15070,15,82.3939991996508,8,0.875,8,0.625,8,1,4.75,8,0.875,2,8
México,La Paz,2014,0.259830862283707,292241,145803,146438,3003,03,63.0071758585565,142,0.6690140845070423,142,0.3873239436619718,142,0.9366197183098592,2.9154929577464785,142,0.8098591549295775,2.0211267605633805,142
México,La Paz,2014,0.259830862283707,304088,148202,155886,15070,15,80.4553168655413,19,0.8947368421052632,19,0.5263157894736842,19,1,5.157894736842105,19,0.9473684210526316,2.736842105263158,19
México,La Paz,2015,0.270311117172241,292241,145803,146438,3003,03,130,141,0.8156028368794326,141,0.3829787234042553,141,0.9219858156028368,2.978723404255319,141,0.8865248226950354,2.354609929078014,141
México,La Paz,2015,0.270311117172241,304088,148202,155886,15070,15,84,28,0.9642857142857144,28,0.5,28,0.9642857142857144,5.107142857142857,28,0.9642857142857144,2.75,28
México,La Paz,2016,0.263868659734726,292241,145803,146438,3003,03,156,1042,0.6926032660902978,1041,0.41375968992248063,1032,0.8406909788867563,2.7840690978886755,1042,0.6890595009596929,1.6599423631123915,1041
México,La Paz,2017,0.238602787256241,292241,145803,146438,3003,03,235,1091,0.736455463728191,1089,0.39098436062557496,1087,0.8056828597616865,2.881651376146793,1090,0.7195233730522457,1.8064220183486213,1090
México,La Paz,2018,0.263382345438004,292241,145803,146438,3003,03,92,1094,0.6094182825484764,1083,0.1701923076923077,1040,0.7742230347349177,2.379341864716636,1094,0.6956124314442413,1.7387717690192477,1091
México,La Paz,2019,0.26169615983963,292241,145803,146438,3003,03,55,1070,0.5224719101123596,1068,0.14650283553875235,1058,0.8317757009345794,2.429373246024322,1069,0.5990654205607476,1.301125703564728,1066
México,La Paz,2020,0.234112426638603,292241,145803,146438,3003,03,32,801,0.3035264483627204,794,0.2519280205655527,778,0.7240948813982522,1.8551810237203503,801,0.46941323345817726,0.9786967418546368,798
México,Lerma,2013,0.5560063123703,170327,83968,86359,15051,15,41.6816701833527,4,1,4,1,4,1,5,4,1,4,4
México,Lerma,2014,0.568759024143219,170327,83968,86359,15051,15,48.4670583527357,4,1,4,0.5,4,1,5.5,4,1,4,4
México,Lerma,2016,0.583138287067413,170327,83968,86359,15051,15,15,33,0.5454545454545454,33,0.125,32,0.7878787878787878,2.242424242424242,33,0.9393939393939394,2.636363636363636,33
México,Lerma,2017,0.568250775337219,170327,83968,86359,15051,15,15,34,0.5,34,0.2058823529411765,34,0.8235294117647058,2.588235294117647,34,0.8529411764705882,2.4411764705882355,34
México,Lerma,2018,0.564225435256958,170327,83968,86359,15051,15,20,33,0.696969696969697,33,0.15151515151515152,33,0.9393939393939394,3.393939393939394,33,0.9090909090909092,2.4545454545454546,33
México,Lerma,2019,0.57538229227066,170327,83968,86359,15051,15,33,39,0.7435897435897436,39,0.15384615384615383,39,0.97435897435897445,3.256410256410257,39,1,2.4871794871794872,39
México,Lerma,2020,0.562515139579773,170327,83968,86359,15051,15,37,26,0.9230769230769232,26,0.34615384615384615,26,0.8461538461538461,2.1538461538461537,26,0.8846153846153846,2.0384615384615383,26
México,Metepec,2013,0.374726951122284,242307,115997,126310,15054,15,38.7736466821886,20,1,20,0.95,20,1,5.2,20,1,3.4,20
México,Metepec,2014,0.366199135780334,242307,115997,126310,15054,15,50.4057406868452,34,0.9705882352941176,34,0.8529411764705882,34,1,5.705882352941177,34,1,3.647058823529412,34
México,Metepec,2015,0.39201945066452,242307,115997,126310,15054,15,32,22,1,22,0.8181818181818182,22,1,4.909090909090909,22,1,3.5,22
México,Metepec,2016,0.364071220159531,242307,115997,126310,15054,15,15,140,0.6785714285714286,140,0.3142857142857143,140,0.8357142857142857,2.628571428571429,140,0.8357142857142857,1.9785714285714289,140
México,Metepec,2017,0.366200089454651,242307,115997,126310,15054,15,22,131,0.7099236641221374,131,0.3053435114503817,131,0.816793893129771,2.2213740458015265,131,0.900763358778626,2.541984732824427,131
México,Metepec,2018,0.373943477869034,242307,115997,126310,15054,15,20,146,0.8082191780821918,146,0.32867132867132864,143,0.8698630136986302,2.4246575342465757,146,0.958904109589041,2.52054794520548,146
México,Metepec,2019,0.374602198600769,242307,115997,126310,15054,15,20,140,0.7785714285714286,140,0.2857142857142857,140,0.8714285714285714,2.4642857142857144,140,0.9285714285714286,2.2571428571428576,140
México,Metepec,2020,0.351972252130508,242307,115997,126310,15054,15,28,120,0.825,120,0.4666666666666667,120,0.925,3.075,120,0.9166666666666666,2.175,120
México,Naucalpan de Juárez,2013,0.405586183071136,834434,402495,431939,15057,15,265.599479772992,16,1,16,0.4375,16,1,4.375,16,1,2.875,16
México,Naucalpan de Juárez,2014,0.410574644804001,834434,402495,431939,15057,15,248.151338766007,39,0.7948717948717948,39,0.4358974358974359,39,0.9487179487179488,4.076923076923077,39,0.8974358974358975,2.3846153846153846,39
México,Naucalpan de Juárez,2015,0.433706849813461,834434,402495,431939,15057,15,161,39,0.8461538461538461,39,0.4871794871794872,39,0.9487179487179488,4.153846153846154,39,0.9487179487179488,2.435897435897436,39
México,Naucalpan de Juárez,2018,0.413918226957321,834434,402495,431939,15057,15,168,238,0.8632478632478633,234,0.3288888888888889,225,0.9411764705882352,4.1344537815126055,238,0.865546218487395,2.4159663865546217,238
México,Naucalpan de Juárez,2019,0.41668114066124,834434,402495,431939,15057,15,171,1067,0.9022556390977444,1064,0.31261950286806883,1046,0.9250234301780692,3.588180112570357,1066,0.8641049671977507,2.454976303317535,1055
México,Naucalpan de Juárez,2020,0.410693526268005,834434,402495,431939,15057,15,179,795,0.8843710292249047,787,0.39715394566623546,773,0.9081761006289308,3.493702770780856,794,0.9006289308176101,2.3926767676767677,792
México,Nezahualcóyotl,2013,0.147052064538002,1077208,519922,557286,15058,15,282.078279612922,13,1,13,0.4615384615384616,13,1,5.769230769230769,13,1,3.230769230769231,13
México,Nezahualcóyotl,2014,0.150968283414841,1077208,519922,557286,15058,15,241.365950596624,53,0.9622641509433962,53,0.6792452830188679,53,1,5.69811320754717,53,0.981132075471698,3.2452830188679247,53
México,Nezahualcóyotl,2015,0.158166021108627,1077208,519922,557286,15058,15,260,72,0.7083333333333334,72,0.4027777777777778,72,0.9861111111111112,4.069444444444445,72,0.9722222222222222,2.291666666666667,72
México,Nezahualcóyotl,2016,0.150085717439651,1077208,519922,557286,15058,15,222,522,0.8199233716475096,522,0.413926499032882,517,0.950191570881226,3.846743295019158,522,0.8946360153256705,2.183397683397684,518
México,Nezahualcóyotl,2017,0.148209169507027,1077208,519922,557286,15058,15,229,1121,0.779874213836478,1113,0.2944344703770197,1114,0.935771632471008,3.1516503122212307,1121,0.8073148974130241,1.920179372197309,1115
México,Nezahualcóyotl,2018,0.156972959637642,1077208,519922,557286,15058,15,215,1068,0.820923656927427,1061,0.19486692015209128,1052,0.9428838951310862,3.689493433395873,1066,0.7659176029962547,1.925093632958801,1068
México,Nezahualcóyotl,2019,0.157405361533165,1077208,519922,557286,15058,15,226,1069,0.7678571428571429,1064,0.20849056603773583,1060,0.9279700654817586,3.2996254681647943,1068,0.7521047708138447,1.8933582787652,1069
México,Nezahualcóyotl,2020,0.151017859578133,1077208,519922,557286,15058,15,155,802,0.71698113207547165,795,0.2889733840304182,789,0.9239401496259352,3.135910224438903,802,0.7019950124688279,1.6675000000000004,800
México,Nicolás Romero,2013,0.534168720245361,430601,209774,220827,15060,15,58.1604700232829,3,0.6666666666666666,3,0.3333333333333333,3,1,5.333333333333333,3,1,3.333333333333333,3
México,Nicolás Romero,2014,0.547037959098816,430601,209774,220827,15060,15,55.2524465221187,8,0.75,8,0.375,8,1,4.25,8,0.875,2.5,8
México,San Mateo Atenco,2013,0.393780052661896,97418,47481,49937,15076,15,15.5094586728754,4,1,4,0.25,4,1,5,4,1,2.75,4
México,San Mateo Atenco,2014,0.384556114673615,97418,47481,49937,15076,15,10.6627528376019,3,1,3,0.6666666666666666,3,1,4.333333333333333,3,1,3.333333333333333,3
México,San Mateo Atenco,2015,0.401423811912537,97418,47481,49937,15076,15,9,4,1,4,1,4,1,6,4,1,4,4
México,San Mateo Atenco,2016,0.377410411834717,97418,47481,49937,15076,15,11,87,0.7701149425287356,87,0.2261904761904762,84,0.896551724137931,3.1494252873563218,87,0.8620689655172413,2.333333333333333,87
México,San Mateo Atenco,2017,0.370205253362656,97418,47481,49937,15076,15,10,97,0.631578947368421,95,0.3402061855670103,97,0.865979381443299,2.824742268041237,97,0.845360824742268,2.40625,96
México,San Mateo Atenco,2018,0.37422576546669,97418,47481,49937,15076,15,23,91,0.7362637362637363,91,0.2857142857142857,91,0.934065934065934,3.2527472527472527,91,0.8461538461538461,2.2527472527472527,91
México,San Mateo Atenco,2019,0.376380920410156,97418,47481,49937,15076,15,19,93,0.7741935483870968,93,0.3655913978494624,93,0.913978494623656,3.3655913978494625,93,0.8817204301075269,2.3870967741935485,93
México,San Mateo Atenco,2020,0.355499565601349,97418,47481,49937,15076,15,18,73,0.7671232876712328,73,0.4657534246575342,73,0.9452054794520548,3,73,0.9178082191780822,2.2777777777777777,72
México,Tecámac,2013,0.341608345508575,547503,265520,281983,15081,15,91.1180697031432,3,1,3,0.6666666666666666,3,1,3,3,1,3.6666666666666665,3
México,Tecámac,2014,0.350172996520996,547503,265520,281983,15081,15,113.412916545402,16,0.9375,16,0.5625,16,1,5.25,16,1,3.8125,16
México,Tecámac,2015,0.373112678527832,547503,265520,281983,15081,15,91,25,1,25,0.56,25,1,5.6,25,1,3.52,25
México,Teoloyucan,2013,0.469545394182205,65459,31939,33520,15091,15,12.6014351717113,4,1,4,0.5,4,1,4,4,1,2.25,4
México,Teotihuacán,2014,0.40806719660759,58507,28195,30312,15092,15,23.2641880093132,4,0.75,4,0.75,4,0.75,3,4,0.75,1.75,4
México,Teotihuacán,2015,0.447710305452347,58507,28195,30312,15092,15,16,4,0.75,4,0,4,0.75,3.25,4,0.75,1.25,4
México,Texcoco,2013,0.450935214757919,277562,134940,142622,15099,15,91.1180697031432,7,0.7142857142857143,7,0.42857142857142855,7,1,3.857142857142857,7,1,3,7
México,Texcoco,2014,0.473828911781311,277562,134940,142622,15099,15,80.4553168655413,10,0.7,10,0.1,10,0.9,3.6,10,0.5,1,10
México,Texcoco,2015,0.497628748416901,277562,134940,142622,15099,15,44,4,0.75,4,0,4,1,3.5,4,1,2.5,4
México,Tlalnepantla de Baz,2013,0.241744056344032,672202,327017,345185,15104,15,204.530986248545,24,0.625,24,0.2916666666666667,24,0.875,2.4166666666666665,24,0.9166666666666666,2.583333333333333,24
México,Tlalnepantla de Baz,2014,0.244146421551704,672202,327017,345185,15104,15,229.733856591967,38,0.7894736842105263,38,0.3157894736842105,38,0.9736842105263158,4,38,0.8947368421052632,2.0526315789473686,38
México,Tlalnepantla de Baz,2015,0.259565263986588,672202,327017,345185,15104,15,176,18,1,18,0.2777777777777778,18,1,5.166666666666667,18,1,3.333333333333333,18
México,Tlalnepantla de Baz,2018,0.246254235506058,672202,327017,345185,15104,15,186,249,0.9020408163265308,245,0.19004524886877827,221,0.923694779116466,3.959677419354838,248,0.8755020080321285,2.349397590361446,249
México,Tlalnepantla de Baz,2019,0.242756456136703,672202,327017,345185,15104,15,180,1059,0.8801141769743102,1051,0.2268339768339768,1036,0.9452313503305004,4.035882908404159,1059,0.8734655335221907,2.3327032136105865,1058
México,Tlalnepantla de Baz,2020,0.228385478258133,672202,327017,345185,15104,15,178,804,0.843236409608091,791,0.32904884318766064,778,0.9104477611940298,3.5491905354919067,803,0.7898009950248757,2.0847029077117565,791
México,Toluca,2013,0.404511719942093,910608,439173,471435,15106,15,331.514679132712,53,1,53,0.8490566037735849,53,0.9622641509433962,4.811320754716981,53,1,3.358490566037736,53
México,Toluca,2014,0.40790319442749,910608,439173,471435,15106,15,217.132421420256,123,1,123,0.8699186991869918,123,0.983739837398374,5.532786885245901,122,1,3.4959349593495936,123
México,Toluca,2015,0.435507953166962,910608,439173,471435,15106,15,144,127,1,127,0.9133858267716536,127,0.968503937007874,5.456692913385827,127,0.9921259842519684,3.5826771653543306,127
México,Toluca,2016,0.414152562618256,910608,439173,471435,15106,15,123,643,0.8242612752721618,643,0.3911671924290221,634,0.9300155520995336,3.3017107309486784,643,0.91601866251944,2.4096573208722742,642
México,Toluca,2017,0.411392360925674,910608,439173,471435,15106,15,82,663,0.8472012102874432,661,0.42419601837672283,653,0.9155354449472096,3.31523378582202,663,0.9125188536953244,2.580693815987934,663
México,Toluca,2018,0.41777092218399,910608,439173,471435,15106,15,129,649,0.8412942989214176,649,0.32919254658385094,644,0.901386748844376,3.158705701078583,649,0.9152542372881356,2.4576271186440675,649
México,Toluca,2019,0.421244293451309,910608,439173,471435,15106,15,126,632,0.8670886075949367,632,0.267515923566879,628,0.8971518987341772,3.131329113924051,632,0.9272151898734176,2.373417721518988,632
México,Toluca,2020,0.405642837285995,910608,439173,471435,15106,15,169,471,0.8492569002123143,471,0.430406852248394,467,0.8768577494692145,2.961783439490445,471,0.8641188959660298,2.153846153846154,468
México,Tultepec,2015,0.399882376194,157645,77132,80513,15108,15,22,3,1,3,0.3333333333333333,3,1,3.6666666666666665,3,1,2.6666666666666665,3
México,Tultitlán,2013,0.288391888141632,516341,251638,264703,15109,15,103.719504874854,6,1,6,0.16666666666666666,6,1,3.333333333333333,6,1,2.5,6
México,Tultitlán,2014,0.292871832847595,516341,251638,264703,15109,15,126.014351717113,34,1,34,0.5294117647058824,34,1,4.205882352941177,34,0.9705882352941176,2.8823529411764706,34
México,Tultitlán,2015,0.312849014997482,516341,251638,264703,15109,15,81,31,0.9032258064516128,31,0.5483870967741935,31,0.967741935483871,5.064516129032258,31,1,2.4838709677419355,31
México,Valle de Chalco Solidaridad,2013,0.302831798791885,391731,190674,201057,15122,15,85.3020227008149,16,1,16,0.4375,16,1,5.5625,16,1,3.4375,16
México,Valle de Chalco Solidaridad,2014,0.304136514663696,391731,190674,201057,15122,15,118.259622380675,26,1,26,0.4615384615384616,26,0.9615384615384616,5.230769230769231,26,0.9230769230769232,2.307692307692308,26
México,Valle de Chalco Solidaridad,2015,0.327004373073578,391731,190674,201057,15122,15,81,19,1,19,0.5263157894736842,19,1,4.578947368421052,19,0.8421052631578947,1.947368421052632,19
México,Zinacantepec,2014,0.530037760734558,203872,99506,104366,15118,15,36.8349643480792,4,1,4,0.5,4,1,5.25,4,1,3.25,4
México,Zinacantepec,2015,0.558979272842407,203872,99506,104366,15118,15,20,12,1,12,0.9166666666666666,12,1,5.583333333333333,12,1,3.75,12
México,Zinacantepec,2016,0.540579378604889,203872,99506,104366,15118,15,21,125,0.808,125,0.472,125,0.904,3.3920000000000003,125,0.872,2.379032258064516,124
México,Zinacantepec,2017,0.544670283794403,203872,99506,104366,15118,15,17,123,0.9105691056910568,123,0.3739837398373984,123,0.9105691056910568,3.317073170731708,123,0.943089430894309,2.8780487804878048,123
México,Zinacantepec,2018,0.532421469688416,203872,99506,104366,15118,15,22,127,0.8503937007874016,127,0.3888888888888889,126,0.937007874015748,3.2913385826771657,127,0.9448818897637796,2.637795275590551,127
México,Zinacantepec,2019,0.54608553647995,203872,99506,104366,15118,15,27,131,0.900763358778626,131,0.2900763358778626,131,0.8625954198473282,2.793893129770992,131,0.9083969465648856,2.3206106870229006,131
México,Zinacantepec,2020,0.551284432411194,203872,99506,104366,15118,15,34,88,0.9431818181818182,88,0.6590909090909091,88,0.9204545454545454,3.0568181818181817,88,0.875,2.613636363636364,88
Nayarit,Tepic,2013,0.632514834403992,425924,207092,218832,18017,18,49.4363995197904,85,0.3928571428571429,84,0.2619047619047619,84,0.7529411764705882,1.880952380952381,84,0.5058823529411764,1,85
Nayarit,Tepic,2014,0.687451124191284,425924,207092,218832,18017,18,42.6510113504075,171,0.3742690058479532,171,0.17751479289940827,169,0.6842105263157895,1.672514619883041,171,0.3742690058479532,0.6588235294117648,170
Nayarit,Tepic,2015,0.699556291103363,425924,207092,218832,18017,18,43,162,0.308641975308642,162,0.19753086419753085,162,0.7037037037037037,1.7962962962962965,162,0.308641975308642,0.5308641975308642,162
Nayarit,Tepic,2016,0.668863236904144,425924,207092,218832,18017,18,39,975,0.34397528321318227,971,0.2075471698113208,954,0.7333333333333333,1.9107692307692308,975,0.4369230769230769,0.9220512820512822,975
Nayarit,Tepic,2017,0.649825692176819,425924,207092,218832,18017,18,177,1015,0.6669950738916256,1015,0.28542510121457487,988,0.7359605911330049,2.290640394088671,1015,0.5714285714285714,1.350444225074038,1013
Nayarit,Tepic,2018,0.659419178962708,425924,207092,218832,18017,18,159,1022,0.7318982387475538,1022,0.2015810276679842,1012,0.7954990215264188,2.48238747553816,1022,0.6252446183953033,1.5112634671890302,1021
Nayarit,Tepic,2019,0.641416430473328,425924,207092,218832,18017,18,61,1019,0.5187007874015748,1016,0.142433234421365,1011,0.7055937193326791,1.9234543670264963,1019,0.6300294406280668,1.4985279685966644,1019
Nayarit,Tepic,2020,0.67309582233429,425924,207092,218832,18017,18,46,750,0.44919786096256686,748,0.22972972972972971,740,0.6786666666666666,1.8264352469959944,749,0.604,1.365333333333334,750
Nayarit,Xalisco,2015,0.745790123939514,65229,31722,33507,18008,18,8,12,0.3333333333333333,12,0.25,12,0.6666666666666666,1.5833333333333337,12,0.25,0.4166666666666666,12
Nayarit,Xalisco,2016,0.720178306102753,65229,31722,33507,18008,18,1,105,0.3619047619047619,105,0.17307692307692307,104,0.7619047619047619,2.095238095238096,105,0.5142857142857142,1.019047619047619,105
Nayarit,Xalisco,2017,0.69116997718811,65229,31722,33507,18008,18,19,109,0.4907407407407408,108,0.34579439252336447,107,0.7247706422018348,2.192660550458716,109,0.5412844036697247,1.3669724770642204,109
Nayarit,Xalisco,2018,0.697810232639313,65229,31722,33507,18008,18,39,104,0.6730769230769231,104,0.34951456310679613,103,0.8076923076923077,2.682692307692308,104,0.6057692307692307,1.5,104
Nayarit,Xalisco,2019,0.689294636249542,65229,31722,33507,18008,18,18,110,0.3727272727272728,110,0.13636363636363635,110,0.7,1.909090909090909,110,0.6909090909090909,1.6636363636363636,110
Nayarit,Xalisco,2020,0.714145004749298,65229,31722,33507,18008,18,12,82,0.3333333333333333,81,0.0975609756097561,82,0.7682926829268293,2.0609756097560976,82,0.6341463414634146,1.3170731707317074,82
Nuevo León,Apodaca,2013,0.367231845855713,656464,331513,324951,19006,19,105.658187208964,24,0.5,24,0.25,24,0.75,2.083333333333333,24,0.5416666666666666,1.3333333333333337,24
Nuevo León,Apodaca,2014,0.403509974479675,656464,331513,324951,19006,19,74.639269863213,64,0.59375,64,0.09375,64,0.875,2.8125,64,0.765625,2.203125,64
Nuevo León,Apodaca,2015,0.439147531986237,656464,331513,324951,19006,19,65,93,0.5591397849462365,93,0.15217391304347827,92,0.7419354838709677,2.333333333333333,93,0.7634408602150538,1.8817204301075263,93
Nuevo León,Apodaca,2016,0.368876308202744,656464,331513,324951,19006,19,89,132,0.7938931297709924,131,0.3230769230769231,130,0.8787878787878788,2.6515151515151514,132,0.7954545454545454,1.901515151515152,132
Nuevo León,Apodaca,2017,0.375907629728317,656464,331513,324951,19006,19,81,114,0.8596491228070176,114,0.21238938053097345,113,0.8859649122807017,2.8157894736842106,114,0.7456140350877193,1.7982456140350875,114
Nuevo León,Apodaca,2018,0.388445913791656,656464,331513,324951,19006,19,93,804,0.621859296482412,796,0.17774936061381075,782,0.8296019900497512,2.8084577114427867,804,0.7611940298507462,1.8778054862842903,802
Nuevo León,Apodaca,2019,0.373952507972717,656464,331513,324951,19006,19,100,1068,0.569811320754717,1060,0.14231136580706782,1047,0.7453183520599251,2.282771535580526,1068,0.700374531835206,1.6494360902255627,1064
Nuevo León,Apodaca,2020,0.368283540010452,656464,331513,324951,19006,19,99,795,0.48860759493670886,790,0.13104325699745548,786,0.7081761006289308,1.9056603773584904,795,0.6314465408805031,1.4842370744010092,793
Nuevo León,García,2015,0.426175653934479,397205,200708,196497,19018,19,45,14,0.35714285714285715,14,0.07142857142857142,14,0.5714285714285714,2.071428571428572,14,0.42857142857142855,1,14
Nuevo León,García,2016,0.385489344596863,397205,200708,196497,19018,19,53,19,0.3684210526315789,19,0.15789473684210523,19,0.9473684210526316,2.473684210526316,19,0.6842105263157895,1.4210526315789471,19
Nuevo León,García,2017,0.362348288297653,397205,200708,196497,19018,19,50,15,0.4,15,0.26666666666666666,15,0.4666666666666667,0.8666666666666667,15,0.5333333333333333,1.0666666666666669,15
Nuevo León,García,2018,0.392555207014084,397205,200708,196497,19018,19,68,4,0.5,4,0.25,4,0.5,1.75,4,0.5,1.25,4
Nuevo León,General Escobedo,2013,0.305556774139404,481213,242161,239052,19021,19,67.85388169383,46,0.43478260869565216,46,0.06666666666666667,45,0.6086956521739131,1.7391304347826089,46,0.6956521739130435,1.869565217391304,46
Nuevo León,General Escobedo,2014,0.34418323636055,481213,242161,239052,19021,19,56.2217876891735,86,0.4186046511627907,86,0.06976744186046512,86,0.7906976744186046,2.6511627906976747,86,0.7325581395348837,1.755813953488372,86
Nuevo León,General Escobedo,2015,0.376272022724152,481213,242161,239052,19021,19,69,89,0.4090909090909091,88,0.0898876404494382,89,0.7640449438202247,2.2921348314606744,89,0.6853932584269663,1.2696629213483148,89
Nuevo León,General Escobedo,2016,0.323291629552841,481213,242161,239052,19021,19,49,115,0.5652173913043478,115,0.2608695652173913,115,0.8347826086956521,2.252173913043478,115,0.7130434782608696,1.5043478260869565,115
Nuevo León,General Escobedo,2017,0.325383007526398,481213,242161,239052,19021,19,93,106,0.5188679245283019,106,0.16981132075471697,106,0.6698113207547169,1.707547169811321,106,0.71698113207547165,1.650943396226415,106
Nuevo León,General Escobedo,2018,0.346310555934906,481213,242161,239052,19021,19,90,814,0.49257425742574257,808,0.20737913486005088,786,0.7997542997542998,2.3894348894348902,814,0.6044226044226044,1.3660933660933658,814
Nuevo León,General Escobedo,2019,0.32292765378952,481213,242161,239052,19021,19,101,1036,0.5014492753623189,1035,0.1874386653581943,1019,0.7741312741312741,2.143822393822393,1036,0.6457528957528957,1.5895450145208134,1033
Nuevo León,General Escobedo,2020,0.329991310834885,481213,242161,239052,19021,19,88,778,0.45241199478487615,767,0.15505913272010513,761,0.7442159383033419,2.1353092783505154,776,0.6118251928020566,1.4243208279430792,773
Nuevo León,Guadalupe,2013,0.299256801605225,643143,318993,324150,19026,19,96.9341167054715,93,0.4301075268817205,93,0.1720430107526882,93,0.6129032258064516,1.580645161290322,93,0.6666666666666666,1.3440860215053765,93
Nuevo León,Guadalupe,2014,0.317279785871506,643143,318993,324150,19026,19,67.85388169383,161,0.6086956521739131,161,0.09316770186335405,161,0.7577639751552795,2.2111801242236027,161,0.7701863354037267,1.8633540372670807,161
Nuevo León,Guadalupe,2014,0.317279785871506,211740,102455,109285,32017,32,6.785388169383,52,0.7115384615384616,52,0.28846153846153844,52,0.8269230769230769,2.076923076923077,52,0.7115384615384616,1.7115384615384617,52
Nuevo León,Guadalupe,2015,0.338723391294479,643143,318993,324150,19026,19,65,159,0.4840764331210191,157,0.13924050632911392,158,0.7547169811320755,2.056603773584906,159,0.6289308176100629,1.4025157232704402,159
Nuevo León,Guadalupe,2015,0.338723391294479,211740,102455,109285,32017,32,38,64,0.703125,64,0.3333333333333333,63,0.796875,2.484375,64,0.703125,1.9206349206349205,63
Nuevo León,Guadalupe,2016,0.3111612200737,643143,318993,324150,19026,19,103,144,0.6805555555555556,144,0.19858156028368795,141,0.75,2.2569444444444446,144,0.7152777777777778,1.6180555555555556,144
Nuevo León,Guadalupe,2016,0.3111612200737,211740,102455,109285,32017,32,88,636,0.8377952755905512,635,0.35873015873015873,630,0.8066037735849056,2.6069182389937104,636,0.7735849056603774,1.9874213836477983,636
Nuevo León,Guadalupe,2017,0.321629494428635,643143,318993,324150,19026,19,91,155,0.7612903225806451,155,0.23225806451612904,155,0.8129032258064516,2.490322580645161,155,0.7677419354838709,1.7857142857142854,154
Nuevo León,Guadalupe,2017,0.321629494428635,211740,102455,109285,32017,32,120,651,0.8433179723502304,651,0.4489164086687306,646,0.8033794162826421,2.528417818740398,651,0.7772657450076805,2.141321044546852,651
Nuevo León,Guadalupe,2018,0.315122574567795,643143,318993,324150,19026,19,94,803,0.6077694235588973,798,0.19948186528497408,772,0.8231631382316313,2.4757160647571608,803,0.6874221668742216,1.5987500000000003,800
Nuevo León,Guadalupe,2018,0.315122574567795,211740,102455,109285,32017,32,80,644,0.8411214953271028,642,0.278816199376947,642,0.8245341614906833,2.68895800933126,643,0.7608695652173914,1.931142410015648,639
Nuevo León,Guadalupe,2019,0.316558957099915,643143,318993,324150,19026,19,124,1050,0.5514285714285714,1050,0.1361457334611697,1043,0.7123809523809523,1.7971428571428558,1050,0.42857142857142855,0.9157894736842096,1045
Nuevo León,Guadalupe,2019,0.316558957099915,211740,102455,109285,32017,32,87,638,0.8034591194968553,636,0.250788643533123,634,0.8119122257053292,2.6347962382445145,638,0.7852664576802508,2.0283018867924527,636
Nuevo León,Guadalupe,2020,0.311560809612274,643143,318993,324150,19026,19,113,799,0.4893350062735257,797,0.19546027742749053,793,0.6733416770963705,1.7246558197747188,799,0.5544430538172715,1.315258511979824,793
Nuevo León,Guadalupe,2020,0.311560809612274,211740,102455,109285,32017,32,110,434,0.812933025404157,433,0.3148148148148148,432,0.7857142857142857,2.382488479262672,434,0.7258064516129032,1.791666666666668,432
Nuevo León,Juárez,2013,0.541609704494476,471523,237717,233806,19031,19,53.3137641880093,4,0.5,4,0.25,4,0.75,2.5,4,0.25,0.25,4
Nuevo León,Juárez,2014,0.570901215076447,471523,237717,233806,19031,19,48.4670583527357,33,0.7878787878787878,33,0.030303030303030304,33,0.9090909090909092,3,33,0.8787878787878788,2.212121212121212,33
Nuevo León,Juárez,2015,0.610589921474457,471523,237717,233806,19031,19,51,56,0.6785714285714286,56,0.14285714285714285,56,0.8035714285714286,2.571428571428572,56,0.625,1.5535714285714284,56
Nuevo León,Juárez,2016,0.560375690460205,1512450,756977,755473,8037,08,502,1057,0.5601895734597157,1055,0.16666666666666666,1056,0.6963103122043519,2.0842005676442774,1057,0.6726584673604541,1.589962121212119,1056
Nuevo León,Juárez,2016,0.560375690460205,471523,237717,233806,19031,19,47,68,0.7058823529411765,68,0.38235294117647056,68,0.8970588235294118,2.8235294117647056,68,0.7205882352941176,1.7941176470588236,68
Nuevo León,Juárez,2017,0.583033502101898,1512450,756977,755473,8037,08,676,1059,0.6748582230623819,1058,0.24976348155156103,1057,0.6931067044381491,2.1048158640226635,1059,0.5599622285174694,1.3741690408357057,1053
Nuevo León,Juárez,2017,0.583033502101898,471523,237717,233806,19031,19,46,55,0.9272727272727272,55,0.43636363636363634,55,0.9272727272727272,3.709090909090909,55,0.8181818181818182,2.2727272727272725,55
Nuevo León,Juárez,2018,0.575718522071838,1512450,756977,755473,8037,08,1065,1053,0.7509505703422054,1052,0.24737344794651384,1047,0.7378917378917379,2.4909781576448244,1053,0.7549857549857549,2.040991420400381,1049
Nuevo León,Juárez,2018,0.575718522071838,471523,237717,233806,19031,19,86,10,0.7,10,0.5,10,1,3.9,10,0.9,2.1,10
Nuevo León,Juárez,2019,0.57336014509201,1512450,756977,755473,8037,08,1332,1074,0.7672253258845437,1074,0.3037383177570093,1070,0.7560521415270018,2.311918063314711,1074,0.7541899441340782,1.841565703634668,1073
Nuevo León,Juárez,2020,0.554021775722504,1512450,756977,755473,8037,08,1482,810,0.754320987654321,810,0.25806451612903225,806,0.7876543209876543,2.4518518518518504,810,0.7086419753086419,1.6765432098765447,810
Nuevo León,Monterrey,2013,0.39033642411232,1142994,564805,578189,19039,19,357.68689064319,141,0.6928571428571428,140,0.11347517730496454,141,0.6950354609929078,2.049645390070922,141,0.7801418439716312,1.7375886524822692,141
Nuevo León,Monterrey,2014,0.420174360275269,1142994,564805,578189,19039,19,211.316374417928,286,0.6456140350877193,285,0.14084507042253522,284,0.8426573426573427,2.7272727272727275,286,0.8356643356643356,2.010489510489511,286
Nuevo León,Monterrey,2015,0.436072617769241,1142994,564805,578189,19039,19,233,264,0.6439393939393939,264,0.13688212927756654,263,0.8106060606060606,2.742424242424242,264,0.6742424242424242,1.4962121212121209,264
Nuevo León,Monterrey,2016,0.419303208589554,1142994,564805,578189,19039,19,298,207,0.7053140096618358,207,0.3415841584158416,202,0.8502415458937198,2.7246376811594204,207,0.7584541062801933,1.8019323671497585,207
Nuevo León,Monterrey,2017,0.434835970401764,1142994,564805,578189,19039,19,221,171,0.8128654970760234,171,0.4152046783625731,171,0.8421052631578947,2.6725146198830414,171,0.7719298245614035,2.0292397660818717,171
Nuevo León,Monterrey,2018,0.422981083393097,1142994,564805,578189,19039,19,323,722,0.7910863509749304,718,0.25738396624472576,711,0.7991689750692521,2.594182825484764,722,0.7493074792243767,1.8080667593880375,719
Nuevo León,Monterrey,2019,0.427947491407394,1142994,564805,578189,19039,19,317,973,0.7518022657054583,971,0.30535152151101785,953,0.7687564234326825,2.2168550873586854,973,0.7307297019527236,1.6374871266735314,971
Nuevo León,Monterrey,2020,0.425507694482803,1142994,564805,578189,19039,19,274,765,0.7088274044795784,759,0.3100671140939597,745,0.7725490196078432,2.312418300653595,765,0.742483660130719,1.8239159001314065,761
Nuevo León,Salinas Victoria,2013,0.460854053497314,86766,44135,42631,19045,19,20.356164508149,6,0.8333333333333334,6,0.16666666666666666,6,0.8333333333333334,2.1666666666666665,6,0.5,0.6666666666666667,6
Nuevo León,Salinas Victoria,2014,0.54537308216095,86766,44135,42631,19045,19,25.2028703434226,8,0.5,8,0,8,1,3.875,8,0.125,0.125,8
Nuevo León,San Nicolás de los Garza,2013,0.157813996076584,412199,202958,209241,19046,19,65.9151993597206,58,0.3448275862068966,58,0.08620689655172414,58,0.6724137931034483,1.5517241379310345,58,0.6896551724137931,1.5517241379310345,58
Nuevo León,San Nicolás de los Garza,2014,0.17334395647049,412199,202958,209241,19046,19,47.497717185681,137,0.48905109489051096,137,0.051094890510948905,137,0.6788321167883211,1.897810218978103,137,0.8321167883211679,1.7445255474452557,137
Nuevo León,San Nicolás de los Garza,2015,0.185523584485054,412199,202958,209241,19046,19,32,125,0.328,125,0.032,125,0.6,1.296,125,0.76,1.52,125
Nuevo León,San Nicolás de los Garza,2016,0.171114712953568,412199,202958,209241,19046,19,57,156,0.7124183006535948,153,0.32666666666666666,150,0.7884615384615384,2.153846153846154,156,0.6025641025641025,1.3717948717948716,156
Nuevo León,San Nicolás de los Garza,2017,0.176161348819733,412199,202958,209241,19046,19,34,145,0.7034482758620689,145,0.2827586206896552,145,0.8137931034482758,2.255172413793104,145,0.6482758620689655,1.5310344827586206,145
Nuevo León,San Nicolás de los Garza,2018,0.172935515642166,412199,202958,209241,19046,19,55,749,0.4119241192411924,738,0.13802816901408452,710,0.7036048064085447,1.7623497997329771,749,0.582109479305741,1.1748998664886483,749
Nuevo León,San Nicolás de los Garza,2019,0.177721828222275,412199,202958,209241,19046,19,77,1020,0.3425468904244817,1013,0.12373225152129816,986,0.6205882352941177,1.4637254901960792,1020,0.6705882352941176,1.5266798418972327,1012
Nuevo León,San Nicolás de los Garza,2020,0.176196157932281,412199,202958,209241,19046,19,58,801,0.35,800,0.15842839036755388,789,0.6154806491885143,1.4069912609238449,801,0.6691635455680399,1.514429109159348,797
Nuevo León,San Pedro Garza García,2013,0.419113367795944,132169,62586,69583,19019,19,12.6014351717113,12,0.16666666666666666,12,0,12,0.8333333333333334,1.9166666666666663,12,0.9166666666666666,1.8333333333333333,12
Nuevo León,San Pedro Garza García,2014,0.443508625030518,132169,62586,69583,19019,19,19.3868233410943,41,0.1951219512195122,41,0.024390243902439025,41,0.6341463414634146,1.3170731707317072,41,0.8048780487804879,1.6341463414634148,41
Nuevo León,San Pedro Garza García,2015,0.455356270074844,132169,62586,69583,19019,19,19,23,0.4782608695652174,23,0,23,0.6956521739130435,1.5217391304347827,23,0.782608695652174,1.5217391304347825,23
Nuevo León,San Pedro Garza García,2016,0.444619089365005,132169,62586,69583,19019,19,25,28,0.4814814814814815,27,0.5185185185185185,27,0.5357142857142857,0.9642857142857142,28,0.7142857142857143,1.4285714285714286,28
Nuevo León,San Pedro Garza García,2017,0.45762899518013,132169,62586,69583,19019,19,28,20,0.8,20,0.5,20,0.65,1.4,20,0.5,1.1,20
Nuevo León,San Pedro Garza García,2018,0.455536514520645,132169,62586,69583,19019,19,19,594,0.26475548060708265,593,0.15845070422535212,568,0.5925925925925926,1.3653198653198648,594,0.4343434343434344,0.784511784511784,594
Nuevo León,San Pedro Garza García,2019,0.461804926395416,132169,62586,69583,19019,19,21,924,0.235038084874864,919,0.10442678774120318,881,0.4707792207792208,1.0303030303030298,924,0.5497835497835498,1.1026200873362444,916
Nuevo León,San Pedro Garza García,2020,0.456595957279205,132169,62586,69583,19019,19,16,711,0.1589310829817159,711,0.16642958748221906,703,0.4303797468354431,0.8929577464788733,710,0.5232067510548524,1.032857142857143,700
Nuevo León,Santa Catarina,2013,0.478060483932495,306322,152617,153705,19048,19,54.283105355064,43,0.627906976744186,43,0.07142857142857142,42,0.8837209302325582,2.7906976744186047,43,0.813953488372093,1.5348837209302326,43
Nuevo León,Santa Catarina,2014,0.53662234544754,306322,152617,153705,19048,19,55.2524465221187,65,0.5846153846153846,65,0.13846153846153847,65,0.7230769230769231,2.369230769230769,65,0.7692307692307693,2.0153846153846158,65
Nuevo León,Santa Catarina,2015,0.554386019706726,306322,152617,153705,19048,19,71,69,0.5362318840579711,69,0.04477611940298507,67,0.782608695652174,2.231884057971014,69,0.6811594202898551,1.434782608695652,69
Nuevo León,Santa Catarina,2016,0.530787527561188,306322,152617,153705,19048,19,70,109,0.5833333333333334,108,0.22018348623853207,109,0.8532110091743119,2.275229357798165,109,0.6605504587155964,1.4403669724770642,109
Nuevo León,Santa Catarina,2017,0.524998784065247,306322,152617,153705,19048,19,59,207,0.7729468599033816,207,0.3058252427184466,206,0.8164251207729468,2.4927536231884053,207,0.6280193236714976,1.3381642512077296,207
Nuevo León,Santa Catarina,2018,0.532217562198639,306322,152617,153705,19048,19,56,866,0.5769230769230769,858,0.1555023923444976,836,0.8002309468822171,2.542824074074073,864,0.7297921478060047,1.7972027972027949,858
Nuevo León,Santa Catarina,2019,0.518319189548492,306322,152617,153705,19048,19,56,1036,0.5562015503875969,1032,0.12365063788027478,1019,0.7567567567567568,2.136231884057969,1035,0.6882239382239382,1.5686653771760155,1034
Nuevo León,Santa Catarina,2020,0.527285933494568,306322,152617,153705,19048,19,85,795,0.4791929382093317,793,0.13788659793814434,776,0.740880503144654,1.9723270440251577,795,0.6440251572327044,1.410062893081761,795
Nuevo León,Santiago,2014,0.66837066411972,46784,23460,23324,19049,19,19.3868233410943,3,0.3333333333333333,3,0.3333333333333333,3,0.6666666666666666,1,3,0.6666666666666666,1.3333333333333333,3
Nuevo León,Santiago,2015,0.686100482940674,46784,23460,23324,19049,19,21,11,0.3636363636363637,11,0.09090909090909093,11,0.8181818181818182,1.3636363636363638,11,0.7272727272727273,1.818181818181818,11
Nuevo León,Santiago,2016,0.676674544811249,46784,23460,23324,19049,19,18,15,0.8666666666666667,15,0.5333333333333333,15,0.6666666666666666,1.933333333333333,15,0.7333333333333333,1.5333333333333332,15
Nuevo León,Santiago,2017,0.67864727973938,46784,23460,23324,19049,19,19,24,0.625,24,0.2608695652173913,23,0.8333333333333334,2.291666666666667,24,0.5833333333333334,1.2608695652173914,23
Nuevo León,Santiago,2018,0.68460601568222,46784,23460,23324,19049,19,22,9,0.3333333333333333,9,0.2222222222222222,9,0.7777777777777778,1.7777777777777777,9,0.6666666666666666,1.5555555555555556,9
Oaxaca,Oaxaca de Juárez,2013,0.450602978467941,270955,125852,145103,20067,20,195.806915745052,51,0.5882352941176471,51,0.4117647058823529,51,0.8431372549019608,2.588235294117647,51,0.4509803921568628,0.8627450980392156,51
Oaxaca,Oaxaca de Juárez,2014,0.465128690004349,270955,125852,145103,20067,20,38.7736466821886,86,0.8255813953488372,86,0.2823529411764706,85,0.9651162790697676,3.697674418604652,86,0.4883720930232558,1.0348837209302326,86
Oaxaca,Oaxaca de Juárez,2015,0.469966888427734,270955,125852,145103,20067,20,5,82,0.7682926829268293,82,0.4375,80,0.8780487804878049,2.9268292682926838,82,0.4268292682926829,0.9146341463414634,82
Oaxaca,Oaxaca de Juárez,2016,0.428707122802734,270955,125852,145103,20067,20,112,533,0.6986817325800376,531,0.35969868173258,531,0.8592870544090057,2.866791744840525,533,0.7692307692307693,1.8625235404896423,531
Oaxaca,Oaxaca de Juárez,2017,0.440210491418839,270955,125852,145103,20067,20,108,549,0.7577413479052824,549,0.3798165137614679,545,0.8615664845173042,3.0473588342440805,549,0.7759562841530054,1.8686131386861315,548
Oaxaca,Oaxaca de Juárez,2018,0.462815433740616,270955,125852,145103,20067,20,147,526,0.8269961977186312,526,0.4069097888675624,521,0.9144486692015208,3.247148288973384,526,0.8098859315589354,1.990476190476192,525
Oaxaca,Oaxaca de Juárez,2019,0.443713158369064,270955,125852,145103,20067,20,129,546,0.7614678899082569,545,0.33081285444234404,529,0.8553113553113553,2.864468864468864,546,0.6996336996336996,1.716390423572744,543
Oaxaca,Oaxaca de Juárez,2020,0.442700743675232,270955,125852,145103,20067,20,115,411,0.775609756097561,410,0.44938271604938274,405,0.8394160583941606,2.6063569682151586,409,0.732360097323601,1.7837837837837844,407
Oaxaca,San Agustín Yatareni,2018,0.414583891630173,5521,2590,2931,20087,20,8,18,0.6111111111111112,18,0.1111111111111111,18,0.6111111111111112,1.6111111111111112,18,0.8333333333333334,2.2777777777777777,18
Oaxaca,San Agustín Yatareni,2019,0.396496474742889,5521,2590,2931,20087,20,0,12,0.75,12,0.16666666666666666,12,0.5,1.75,12,0.8333333333333334,2.083333333333333,12
Oaxaca,San Agustín Yatareni,2020,0.391488015651703,5521,2590,2931,20087,20,0,13,0.9230769230769232,13,0.6923076923076923,13,0.6923076923076923,2.3076923076923075,13,1,2.923076923076923,13
Oaxaca,San Agustín de las Juntas,2017,0.542895555496216,11391,5507,5884,20083,20,0,38,0.8947368421052632,38,0.47368421052631576,38,0.868421052631579,2.973684210526316,38,0.7368421052631579,2,38
Oaxaca,San Agustín de las Juntas,2018,0.580666780471802,11391,5507,5884,20083,20,2,39,0.9487179487179488,39,0.2631578947368421,38,0.8717948717948718,2.7948717948717947,39,0.7948717948717948,2.076923076923077,39
Oaxaca,San Agustín de las Juntas,2019,0.566845178604126,11391,5507,5884,20083,20,4,38,0.6578947368421053,38,0.3888888888888889,36,0.8421052631578947,2.6578947368421053,38,0.8157894736842105,1.5526315789473686,38
Oaxaca,San Agustín de las Juntas,2020,0.535835444927216,11391,5507,5884,20083,20,3,30,0.6,30,0.4666666666666667,30,0.9666666666666668,3.4,30,0.7,1.4333333333333331,30
Oaxaca,San Andrés Huayápam,2017,0.612447917461395,6279,3000,3279,20091,20,0,13,1,13,0.4615384615384616,13,1,3.3846153846153846,13,0.7692307692307693,1.7692307692307692,13
Oaxaca,San Andrés Huayápam,2018,0.639514684677124,6279,3000,3279,20091,20,1,18,0.7777777777777778,18,0.4444444444444444,18,0.7222222222222222,2.111111111111111,18,0.7777777777777778,1.8888888888888888,18
Oaxaca,San Andrés Huayápam,2019,0.623840093612671,6279,3000,3279,20091,20,2,14,0.5714285714285714,14,0.14285714285714285,14,0.42857142857142855,0.7857142857142858,14,0.7857142857142857,1.5,14
Oaxaca,San Andrés Huayápam,2020,0.614693224430084,6279,3000,3279,20091,20,1,11,0.3636363636363637,11,0.3636363636363637,11,0.4545454545454545,1.181818181818182,11,0.3636363636363637,0.7272727272727273,11
Oaxaca,San Antonio de la Cal,2015,0.507187604904175,26282,12392,13890,20107,20,0,26,0.8461538461538461,26,0.15384615384615383,26,0.8076923076923077,2.846153846153846,26,0.4615384615384616,0.6923076923076923,26
Oaxaca,San Antonio de la Cal,2016,0.46331062912941,26282,12392,13890,20107,20,7,36,0.8055555555555556,36,0.3611111111111111,36,0.8611111111111112,2.5,36,0.75,1.3888888888888888,36
Oaxaca,San Antonio de la Cal,2017,0.475233167409897,26282,12392,13890,20107,20,7,36,0.8055555555555556,36,0.6388888888888888,36,0.8333333333333334,2.861111111111111,36,0.7222222222222222,1.5277777777777777,36
Oaxaca,San Antonio de la Cal,2018,0.501753330230713,26282,12392,13890,20107,20,4,30,0.6,30,0.43333333333333335,30,0.8666666666666667,2.7333333333333334,30,0.8333333333333334,1.4666666666666666,30
Oaxaca,San Antonio de la Cal,2019,0.478812992572784,26282,12392,13890,20107,20,8,38,0.6052631578947368,38,0.2972972972972973,37,0.9210526315789472,2.8684210526315788,38,0.7368421052631579,1.3947368421052633,38
Oaxaca,San Antonio de la Cal,2020,0.46352481842041,26282,12392,13890,20107,20,4,21,0.6666666666666666,21,0.23809523809523808,21,0.7619047619047619,2.666666666666667,21,0.7619047619047619,1.4285714285714284,21
Oaxaca,San Jacinto Amilpas,2017,0.342266529798508,16827,7989,8838,20157,20,0,34,0.6470588235294118,34,0.18181818181818185,33,0.8235294117647058,2.3823529411764706,34,0.9411764705882352,2.176470588235294,34
Oaxaca,San Jacinto Amilpas,2018,0.358636736869812,16827,7989,8838,20157,20,5,25,0.72,25,0.43478260869565216,23,0.84,2.8,25,0.8,1.9166666666666667,24
Oaxaca,San Pablo Etla,2017,0.580449461936951,17116,8033,9083,20293,20,0,20,0.85,20,0.4,20,0.8,2.1,20,0.85,2.35,20
Oaxaca,San Pablo Etla,2018,0.613528192043304,17116,8033,9083,20293,20,4,35,0.7714285714285715,35,0.3142857142857143,35,1,2.742857142857143,35,0.8571428571428571,2.1142857142857143,35
Oaxaca,San Pablo Etla,2019,0.603218376636505,17116,8033,9083,20293,20,9,34,0.8235294117647058,34,0.2727272727272727,33,0.8235294117647058,2.8529411764705883,34,0.9117647058823528,2.3823529411764706,34
Oaxaca,San Pablo Etla,2020,0.598259389400482,17116,8033,9083,20293,20,3,20,0.9,20,0.55,20,0.95,3.35,20,0.8,2.55,20
Oaxaca,San Sebastián Tutla,2017,0.47724848985672,16878,7706,9172,20350,20,0,44,0.7272727272727273,44,0.4418604651162791,43,0.8409090909090909,2.840909090909091,44,0.6363636363636364,1.6590909090909092,44
Oaxaca,San Sebastián Tutla,2018,0.503388702869415,16878,7706,9172,20350,20,2,37,0.6486486486486487,37,0.43243243243243246,37,0.8378378378378378,2.8378378378378377,37,0.7027027027027027,1.837837837837838,37
Oaxaca,San Sebastián Tutla,2019,0.479886531829834,16878,7706,9172,20350,20,2,38,0.7894736842105263,38,0.4473684210526316,38,0.9210526315789472,3.210526315789473,38,0.8157894736842105,2.131578947368421,38
Oaxaca,San Sebastián Tutla,2020,0.470904231071472,16878,7706,9172,20350,20,4,26,0.6923076923076923,26,0.38461538461538464,26,0.9615384615384616,3.1153846153846154,26,0.8076923076923077,2.076923076923077,26
Oaxaca,Santa Cruz Amilpas,2017,0.377002686262131,13200,6190,7010,20375,20,0,57,0.6842105263157895,57,0.2982456140350877,57,0.8245614035087719,2.0526315789473686,57,0.7017543859649122,1.543859649122807,57
Oaxaca,Santa Cruz Amilpas,2018,0.385347425937653,13200,6190,7010,20375,20,0,35,0.6285714285714286,35,0.4,35,0.7714285714285715,2.571428571428572,35,0.6571428571428571,1.3714285714285714,35
Oaxaca,Santa Cruz Amilpas,2019,0.3729467689991,13200,6190,7010,20375,20,1,38,0.6842105263157895,38,0.23684210526315788,38,0.8421052631578947,2.8157894736842106,38,0.7368421052631579,1.7837837837837838,37
Oaxaca,Santa Cruz Amilpas,2020,0.369925916194916,13200,6190,7010,20375,20,2,28,0.6785714285714286,28,0.6428571428571429,28,0.8571428571428571,2.857142857142857,28,0.8214285714285714,1.9285714285714284,28
Oaxaca,Santa Cruz Xoxocotlán,2013,0.39818400144577,100402,47016,53386,20385,20,5.81604700232829,8,0.875,8,0.25,8,1,2.375,8,0.75,1.125,8
Oaxaca,Santa Cruz Xoxocotlán,2014,0.419910997152328,100402,47016,53386,20385,20,0.969341167054715,19,0.8888888888888888,18,0.3684210526315789,19,0.9473684210526316,3.421052631578948,19,0.42105263157894735,0.631578947368421,19
Oaxaca,Santa Cruz Xoxocotlán,2015,0.419515699148178,100402,47016,53386,20385,20,0,10,0.9,10,0.7,10,1,4.5,10,0.2,0.3,10
Oaxaca,Santa Cruz Xoxocotlán,2016,0.392938762903214,100402,47016,53386,20385,20,27,148,0.8378378378378378,148,0.4149659863945578,147,0.9054054054054054,3.5270270270270268,148,0.831081081081081,2.222972972972973,148
Oaxaca,Santa Cruz Xoxocotlán,2017,0.408401608467102,100402,47016,53386,20385,20,19,142,0.7887323943661971,142,0.4225352112676056,142,0.9014084507042254,3.316901408450704,142,0.8661971830985915,2.436619718309859,142
Oaxaca,Santa Cruz Xoxocotlán,2018,0.408752262592316,100402,47016,53386,20385,20,16,148,0.8243243243243243,148,0.3698630136986301,146,0.9324324324324323,3.486486486486486,148,0.8851351351351351,2.182432432432433,148
Oaxaca,Santa Cruz Xoxocotlán,2019,0.407155454158783,100402,47016,53386,20385,20,22,142,0.7746478873239436,142,0.2605633802816901,142,0.8732394366197183,3.035211267605634,142,0.6901408450704225,1.7746478873239435,142
Oaxaca,Santa Cruz Xoxocotlán,2020,0.388049960136414,100402,47016,53386,20385,20,18,108,0.7870370370370371,108,0.4056603773584906,106,0.8055555555555556,2.518518518518518,108,0.7129629629629629,1.490740740740741,108
Oaxaca,Santa Lucía del Camino,2013,0.34576627612114,50362,24171,26191,20390,20,0,16,0.6875,16,0.5625,16,1,3.3125,16,0.5,0.875,16
Oaxaca,Santa Lucía del Camino,2015,0.353257715702057,50362,24171,26191,20390,20,0,8,0.875,8,0.25,8,0.875,3,8,0.625,1.25,8
Oaxaca,Santa Lucía del Camino,2016,0.31706503033638,50362,24171,26191,20390,20,15,83,0.7590361445783133,83,0.27710843373493976,83,0.8795180722891566,2.9397590361445785,83,0.7710843373493976,1.9277108433734944,83
Oaxaca,Santa Lucía del Camino,2017,0.332532823085785,50362,24171,26191,20390,20,16,91,0.7582417582417582,91,0.27472527472527475,91,0.8351648351648352,2.6813186813186816,91,0.7362637362637363,1.7777777777777777,90
Oaxaca,Santa Lucía del Camino,2018,0.340408146381378,50362,24171,26191,20390,20,10,82,0.8658536585365854,82,0.49382716049382713,81,0.902439024390244,2.567901234567901,81,0.8536585365853658,2.109756097560976,82
Oaxaca,Santa Lucía del Camino,2019,0.330745548009872,50362,24171,26191,20390,20,12,94,0.6808510638297872,94,0.4021739130434783,92,0.7446808510638298,1.9468085106382975,94,0.723404255319149,1.797872340425532,94
Oaxaca,Santa Lucía del Camino,2020,0.32509058713913,50362,24171,26191,20390,20,9,73,0.6164383561643836,73,0.4583333333333333,72,0.8493150684931506,2.068493150684932,73,0.7808219178082192,1.9027777777777777,72
Oaxaca,Santa María Atzompa,2015,0.429276376962662,41921,19948,21973,20399,20,0,12,1,12,0.5,12,0.8333333333333334,3.5,12,0.08333333333333333,0.25,12
Oaxaca,Santa María Atzompa,2016,0.391830295324326,41921,19948,21973,20399,20,8,38,0.7368421052631579,38,0.2972972972972973,37,0.868421052631579,3.210526315789473,38,0.7894736842105263,1.8157894736842104,38
Oaxaca,Santa María Atzompa,2017,0.411065638065338,41921,19948,21973,20399,20,5,33,0.9090909090909092,33,0.3636363636363637,33,0.8484848484848485,3.0303030303030303,33,0.9696969696969696,2.8484848484848486,33
Oaxaca,Santa María Atzompa,2018,0.419830143451691,41921,19948,21973,20399,20,9,32,0.9375,32,0.6451612903225806,31,0.8125,3.0625,32,0.875,2.3548387096774195,31
Oaxaca,Santa María Atzompa,2019,0.411579310894012,41921,19948,21973,20399,20,2,38,0.6578947368421053,38,0.3684210526315789,38,0.8947368421052632,2.710526315789473,38,0.8157894736842105,2.026315789473684,38
Oaxaca,Santa María Atzompa,2020,0.394187837839127,41921,19948,21973,20399,20,5,25,0.72,25,0.28,25,0.84,2.32,25,0.72,1.7200000000000002,25
Oaxaca,Santa María del Tule,2017,0.50857025384903,8939,4139,4800,20409,20,0,19,0.8421052631578947,19,0.47368421052631576,19,0.7368421052631579,2.263157894736842,19,0.8947368421052632,2.1578947368421053,19
Oaxaca,Santa María del Tule,2018,0.527641534805298,8939,4139,4800,20409,20,2,18,0.7777777777777778,18,0.2777777777777778,18,0.7777777777777778,2.333333333333333,18,0.8888888888888888,1.9444444444444444,18
Oaxaca,Santa María del Tule,2019,0.514800012111664,8939,4139,4800,20409,20,5,19,0.6842105263157895,19,0.25,16,0.8947368421052632,2.473684210526316,19,0.7368421052631579,1.631578947368421,19
Oaxaca,Santa María del Tule,2020,0.495677471160889,8939,4139,4800,20409,20,2,15,0.7333333333333333,15,0.4666666666666667,15,0.7333333333333333,1.5333333333333332,15,0.7333333333333333,1.3333333333333333,15
Oaxaca,Tlalixtac de Cabrera,2019,0.611475169658661,12067,5772,6295,20553,20,6,18,0.8888888888888888,18,0.3333333333333333,18,0.7222222222222222,2.166666666666667,18,0.9444444444444444,2.7777777777777777,18
Oaxaca,Tlalixtac de Cabrera,2020,0.600400567054749,12067,5772,6295,20553,20,3,14,0.7857142857142857,14,0.6428571428571429,14,0.7142857142857143,1.9285714285714284,14,0.9285714285714286,2.071428571428572,14
Oaxaca,Ánimas Trujano,2017,0.450803369283676,4564,2170,2394,20174,20,0,19,0.3157894736842105,19,0.47368421052631576,19,0.7368421052631579,1.4210526315789471,19,0.47368421052631576,0.8947368421052632,19
Oaxaca,Ánimas Trujano,2018,0.445408701896667,4564,2170,2394,20174,20,1,17,0.5882352941176471,17,0.2352941176470588,17,0.8823529411764706,2.235294117647059,17,0.6470588235294118,1.4705882352941178,17
Oaxaca,Ánimas Trujano,2019,0.453837215900421,4564,2170,2394,20174,20,0,18,0.4444444444444444,18,0.2222222222222222,18,0.8888888888888888,2.555555555555556,18,0.6666666666666666,1.3333333333333337,18
Oaxaca,Ánimas Trujano,2020,0.415857940912247,4564,2170,2394,20174,20,1,15,0.5333333333333333,15,0.4666666666666667,15,0.6666666666666666,1.6,15,0.4666666666666667,0.9333333333333332,15
Puebla,Amozoc,2013,0.417632311582565,125876,61479,64397,21015,21,26.1722115104773,8,0.25,8,0,8,0.375,0.625,8,0,0,8
Puebla,Amozoc,2014,0.428592592477798,125876,61479,64397,21015,21,26.1722115104773,15,0.4666666666666667,15,0.13333333333333333,15,0.6666666666666666,2.066666666666667,15,0.5333333333333333,1.1333333333333333,15
Puebla,Amozoc,2015,0.453002274036407,125876,61479,64397,21015,21,28,10,0.4,10,0,10,0.7,2.4,10,0.6,1.1,10
Puebla,Amozoc,2016,0.44449171423912,125876,61479,64397,21015,21,21,61,0.8360655737704918,61,0.4,60,0.918032786885246,2.8032786885245904,61,0.8688524590163934,2.2295081967213117,61
Puebla,Amozoc,2017,0.428203582763672,125876,61479,64397,21015,21,42,76,0.7333333333333333,75,0.4,75,0.8421052631578947,2.75,76,0.868421052631579,2.223684210526316,76
Puebla,Amozoc,2018,0.425721317529678,125876,61479,64397,21015,21,38,75,0.9324324324324323,74,0.32432432432432434,74,0.8533333333333334,3.92,75,0.9333333333333332,2.88,75
Puebla,Amozoc,2019,0.426250547170639,125876,61479,64397,21015,21,40,61,0.9344262295081968,61,0.35,60,0.8688524590163934,3.5081967213114758,61,0.819672131147541,1.9491525423728813,59
Puebla,Amozoc,2020,0.419647812843323,125876,61479,64397,21015,21,36,42,0.8048780487804879,41,0.35714285714285715,42,0.9047619047619048,3.785714285714286,42,0.8809523809523809,2.5,42
Puebla,Chiautla,2015,0.605727553367615,30045,14668,15377,15028,15,7,3,0.6666666666666666,3,0.3333333333333333,3,1,5.333333333333333,3,1,5,3
Puebla,Coronango,2013,0.398668467998505,46836,22984,23852,21034,21,7.75472933643772,4,0,4,0,4,0.25,0.25,4,0,0,4
Puebla,Coronango,2014,0.396052598953247,46836,22984,23852,21034,21,8.72407050349243,15,0.13333333333333333,15,0.2,15,0.6666666666666666,1.4,15,0.06666666666666667,0.06666666666666668,15
Puebla,Coronango,2015,0.419269263744354,46836,22984,23852,21034,21,7,7,0.7142857142857143,7,0,7,0.7142857142857143,1.7142857142857142,7,0,0,7
Puebla,Coronango,2016,0.413937449455261,46836,22984,23852,21034,21,6,19,0.9473684210526316,19,0.47368421052631576,19,0.9473684210526316,3.421052631578948,19,1,2.789473684210526,19
Puebla,Coronango,2017,0.394522428512573,46836,22984,23852,21034,21,7,20,0.85,20,0.6,20,1,3.6,20,0.95,2.5,20
Puebla,Coronango,2018,0.404243886470795,46836,22984,23852,21034,21,10,10,0.7,10,0.5,10,1,2.7,10,0.9,2.7,10
Puebla,Cuautlancingo,2016,0.343871295452118,137435,66950,70485,21041,21,8,71,0.704225352112676,71,0.37681159420289856,69,0.8873239436619719,3.0704225352112675,71,0.9154929577464788,2.23943661971831,71
Puebla,Cuautlancingo,2017,0.325615853071213,137435,66950,70485,21041,21,21,65,0.703125,64,0.26153846153846155,65,0.953846153846154,3.3846153846153846,65,0.8769230769230769,2.046153846153846,65
Puebla,Cuautlancingo,2018,0.336086839437485,137435,66950,70485,21041,21,24,74,0.7567567567567568,74,0.33783783783783783,74,0.9324324324324323,3.283783783783784,74,0.9054054054054054,2.22972972972973,74
Puebla,Cuautlancingo,2019,0.328859239816666,137435,66950,70485,21041,21,14,72,0.8472222222222222,72,0.34782608695652173,69,0.8333333333333334,3.4722222222222228,72,0.8194444444444444,2.23943661971831,71
Puebla,Cuautlancingo,2020,0.319445580244064,137435,66950,70485,21041,21,6,35,0.8857142857142857,35,0.5142857142857142,35,0.9428571428571428,3.5142857142857142,35,0.9714285714285714,2.742857142857143,35
Puebla,Guadalupe,2013,0.411838620901108,643143,318993,324150,19026,19,96.9341167054715,93,0.4301075268817205,93,0.1720430107526882,93,0.6129032258064516,1.580645161290322,93,0.6666666666666666,1.3440860215053765,93
Puebla,Guadalupe,2014,0.43471971154213,643143,318993,324150,19026,19,67.85388169383,161,0.6086956521739131,161,0.09316770186335405,161,0.7577639751552795,2.2111801242236027,161,0.7701863354037267,1.8633540372670807,161
Puebla,Guadalupe,2014,0.43471971154213,211740,102455,109285,32017,32,6.785388169383,52,0.7115384615384616,52,0.28846153846153844,52,0.8269230769230769,2.076923076923077,52,0.7115384615384616,1.7115384615384617,52
Puebla,Guadalupe,2015,0.448109030723572,643143,318993,324150,19026,19,65,159,0.4840764331210191,157,0.13924050632911392,158,0.7547169811320755,2.056603773584906,159,0.6289308176100629,1.4025157232704402,159
Puebla,Guadalupe,2015,0.448109030723572,211740,102455,109285,32017,32,38,64,0.703125,64,0.3333333333333333,63,0.796875,2.484375,64,0.703125,1.9206349206349205,63
Puebla,Guadalupe,2016,0.38624769449234,643143,318993,324150,19026,19,103,144,0.6805555555555556,144,0.19858156028368795,141,0.75,2.2569444444444446,144,0.7152777777777778,1.6180555555555556,144
Puebla,Guadalupe,2016,0.38624769449234,211740,102455,109285,32017,32,88,636,0.8377952755905512,635,0.35873015873015873,630,0.8066037735849056,2.6069182389937104,636,0.7735849056603774,1.9874213836477983,636
Puebla,Guadalupe,2017,0.433554768562317,643143,318993,324150,19026,19,91,155,0.7612903225806451,155,0.23225806451612904,155,0.8129032258064516,2.490322580645161,155,0.7677419354838709,1.7857142857142854,154
Puebla,Guadalupe,2017,0.433554768562317,211740,102455,109285,32017,32,120,651,0.8433179723502304,651,0.4489164086687306,646,0.8033794162826421,2.528417818740398,651,0.7772657450076805,2.141321044546852,651
Puebla,Guadalupe,2018,0.441688239574432,643143,318993,324150,19026,19,94,803,0.6077694235588973,798,0.19948186528497408,772,0.8231631382316313,2.4757160647571608,803,0.6874221668742216,1.5987500000000003,800
Puebla,Guadalupe,2018,0.441688239574432,211740,102455,109285,32017,32,80,644,0.8411214953271028,642,0.278816199376947,642,0.8245341614906833,2.68895800933126,643,0.7608695652173914,1.931142410015648,639
Puebla,Guadalupe,2019,0.417748719453812,643143,318993,324150,19026,19,124,1050,0.5514285714285714,1050,0.1361457334611697,1043,0.7123809523809523,1.7971428571428558,1050,0.42857142857142855,0.9157894736842096,1045
Puebla,Guadalupe,2019,0.417748719453812,211740,102455,109285,32017,32,87,638,0.8034591194968553,636,0.250788643533123,634,0.8119122257053292,2.6347962382445145,638,0.7852664576802508,2.0283018867924527,636
Puebla,Guadalupe,2020,0.423830419778824,643143,318993,324150,19026,19,113,799,0.4893350062735257,797,0.19546027742749053,793,0.6733416770963705,1.7246558197747188,799,0.5544430538172715,1.315258511979824,793
Puebla,Guadalupe,2020,0.423830419778824,211740,102455,109285,32017,32,110,434,0.812933025404157,433,0.3148148148148148,432,0.7857142857142857,2.382488479262672,434,0.7258064516129032,1.791666666666668,432
Puebla,Juan C. Bonilla,2014,0.407383233308792,23783,11475,12308,21090,21,1.93868233410943,2,0.5,2,0,2,1,2.5,2,0.5,0.5,2
Puebla,Juan C. Bonilla,2015,0.429758608341217,23783,11475,12308,21090,21,4,8,0.25,8,0.125,8,0.875,1.875,8,0.5,0.5,8
Puebla,Juan C. Bonilla,2016,0.423577129840851,23783,11475,12308,21090,21,1,20,0.75,20,0.45,20,0.85,2.7,20,0.7,1.6,20
Puebla,Juan C. Bonilla,2017,0.408764034509659,23783,11475,12308,21090,21,6,18,0.7222222222222222,18,0.4117647058823529,17,0.9444444444444444,2.888888888888889,18,0.9444444444444444,2.2777777777777777,18
Puebla,Juan C. Bonilla,2018,0.42602813243866,23783,11475,12308,21090,21,9,20,0.9,20,0.55,20,0.9,3.2,20,0.85,2.05,20
Puebla,Juan C. Bonilla,2019,0.419340193271637,23783,11475,12308,21090,21,3,5,1,5,0.4,5,0.8,2.8,5,1,2.6,5
Puebla,Juan C. Bonilla,2020,0.391003161668777,23783,11475,12308,21090,21,3,8,0.5,8,0.125,8,0.875,2.875,8,0.875,2.25,8
Puebla,Puebla,2013,0.383204728364944,1692181,809485,882696,21114,21,182.236139406286,88,0.5340909090909091,88,0.14942528735632185,87,0.7613636363636364,1.943181818181818,88,0.4772727272727273,0.9047619047619048,84
Puebla,Puebla,2014,0.393492132425308,1692181,809485,882696,21114,21,156.063927895809,161,0.5253164556962026,158,0.0880503144654088,159,0.8136645962732919,2.049689440993789,161,0.5341614906832298,0.96875,160
Puebla,Puebla,2015,0.414320647716522,1692181,809485,882696,21114,21,209,185,0.5459459459459459,185,0.1160220994475138,181,0.8594594594594595,2.378378378378378,185,0.5297297297297298,1.0437158469945356,183
Puebla,Puebla,2016,0.402315527200699,1692181,809485,882696,21114,21,173,772,0.7020725388601037,772,0.4166666666666667,768,0.9015544041450776,3.1023316062176165,772,0.8212435233160622,1.950777202072539,772
Puebla,Puebla,2017,0.390853881835938,1692181,809485,882696,21114,21,298,765,0.7189542483660131,765,0.4568062827225131,764,0.8614379084967321,2.9490196078431365,765,0.8483660130718954,2.1522309711286085,762
Puebla,Puebla,2018,0.39191284775734,1692181,809485,882696,21114,21,370,783,0.8348271446862996,781,0.4056482670089859,779,0.8991060025542784,3.2796934865900385,783,0.8825031928480205,2.4022988505747125,783
Puebla,Puebla,2019,0.393756777048111,1692181,809485,882696,21114,21,299,810,0.8876543209876543,810,0.3707865168539326,801,0.8962962962962963,3.364197530864198,810,0.8469135802469135,2.1474597273853764,807
Puebla,Puebla,2020,0.37635126709938,1692181,809485,882696,21114,21,207,612,0.8477905073649754,611,0.4644628099173554,605,0.8872549019607843,3.2990196078431384,612,0.8937908496732027,2.3622950819672144,610
Puebla,San Andrés Cholula,2013,0.378395974636078,154448,74272,80176,21119,21,32.9575996798603,3,0,3,0.3333333333333333,3,1,2.333333333333333,3,0.3333333333333333,0.6666666666666667,3
Puebla,San Andrés Cholula,2014,0.384203135967255,154448,74272,80176,21119,21,27.141552677532,15,0.4666666666666667,15,0,15,0.6,1.6666666666666663,15,0.3333333333333333,0.4666666666666667,15
Puebla,San Andrés Cholula,2015,0.403369545936584,154448,74272,80176,21119,21,41,10,0.6,10,0.1,10,0.7,2,10,0.4,0.4,10
Puebla,San Andrés Cholula,2016,0.39177593588829,154448,74272,80176,21119,21,29,3,0.6666666666666666,3,1,3,1,2.6666666666666665,3,1,3.6666666666666665,3
Puebla,San Gregorio Atzompa,2014,0.466043591499329,9671,4682,4989,21125,21,0.969341167054715,2,0,2,0,2,0,0,2,0,0,2
Puebla,San Gregorio Atzompa,2015,0.490850180387497,9671,4682,4989,21125,21,2,2,0.5,2,0,2,1,2.5,2,0.5,1,2
Puebla,San Pedro Cholula,2013,0.383068352937698,138433,66454,71979,21140,21,17.4481410069849,8,0.375,8,0.125,8,0.625,1.375,8,0.25,0.75,8
Puebla,San Pedro Cholula,2014,0.377572506666183,138433,66454,71979,21140,21,16.4787998399302,10,0.5,10,0.1,10,0.8,1.8,10,0.5,1.1,10
Puebla,San Pedro Cholula,2016,0.392639338970184,138433,66454,71979,21140,21,11,74,0.6891891891891891,74,0.4383561643835616,73,0.945945945945946,3.310810810810811,74,0.8648648648648649,2.2739726027397262,73
Puebla,San Pedro Cholula,2017,0.374548763036728,138433,66454,71979,21140,21,28,85,0.6705882352941176,85,0.4588235294117647,85,0.8588235294117647,2.9529411764705884,85,0.8823529411764706,2.364705882352941,85
Puebla,San Pedro Cholula,2018,0.384320884943008,138433,66454,71979,21140,21,30,84,0.7380952380952381,84,0.27380952380952384,84,0.8809523809523809,3.154761904761904,84,0.8928571428571429,1.952380952380952,84
Puebla,San Pedro Cholula,2019,0.384150087833405,138433,66454,71979,21140,21,23,83,0.7682926829268293,82,0.27631578947368424,76,0.8072289156626506,2.7710843373493974,83,0.7108433734939759,1.8313253012048183,83
Puebla,San Pedro Cholula,2020,0.367705196142197,138433,66454,71979,21140,21,12,85,0.8333333333333334,84,0.4523809523809524,84,0.8823529411764706,2.8117647058823527,85,0.9176470588235294,2.1411764705882352,85
Puebla,Venustiano Carranza,2013,0.705082476139069,443704,210118,233586,9017,09,145.401175058207,25,0.64,25,0.04,25,0.72,2,25,0.48,1.2,25
Puebla,Venustiano Carranza,2014,0.710579216480255,443704,210118,233586,9017,09,108.566210710128,45,0.7333333333333333,45,0.2,45,0.8,2.1555555555555554,45,0.8,1.577777777777778,45
Puebla,Venustiano Carranza,2015,0.722953498363495,443704,210118,233586,9017,09,166,44,0.6590909090909091,44,0.12195121951219512,41,0.9545454545454546,2.75,44,0.75,1.3863636363636362,44
Puebla,Venustiano Carranza,2016,0.720827698707581,443704,210118,233586,9017,09,170,244,0.8770491803278688,244,0.3662551440329218,243,0.9549180327868853,4.209016393442623,244,0.8565573770491803,2.094262295081967,244
Puebla,Venustiano Carranza,2017,0.730373799800873,443704,210118,233586,9017,09,192,222,0.9054054054054054,222,0.410958904109589,219,0.9414414414414416,4.144144144144144,222,0.9009009009009008,2.130630630630631,222
Puebla,Venustiano Carranza,2018,0.729768216609955,443704,210118,233586,9017,09,209,432,0.8352668213457076,431,0.2605633802816901,426,0.9328703703703703,3.990740740740739,432,0.8657407407407407,2.1608391608391613,429
Puebla,Venustiano Carranza,2019,0.686527490615845,443704,210118,233586,9017,09,174,659,0.7027439024390244,656,0.19359756097560976,656,0.943854324734446,3.6919575113808807,659,0.802731411229135,1.769817073170732,656
Puebla,Venustiano Carranza,2020,0.739436745643616,443704,210118,233586,9017,09,146,786,0.6713375796178344,785,0.2622107969151671,778,0.9300254452926208,3.568702290076336,786,0.7519083969465649,1.665384615384616,780
Querétaro,Corregidora,2013,0.393668651580811,212567,103032,109535,22006,22,17.4481410069849,19,0.21052631578947367,19,0,19,0.7894736842105263,1.6315789473684208,19,0.42105263157894735,0.5789473684210527,19
Querétaro,Corregidora,2014,0.3939248919487,212567,103032,109535,22006,22,10.6627528376019,48,0.2553191489361702,47,0.10416666666666669,48,0.875,2.395833333333333,48,0.5833333333333334,0.9375,48
Querétaro,Corregidora,2015,0.428575694561005,212567,103032,109535,22006,22,26,26,0.34615384615384615,26,0.1153846153846154,26,0.8461538461538461,2.1153846153846154,26,0.8846153846153846,1.4230769230769231,26
Querétaro,Corregidora,2016,0.398599326610565,212567,103032,109535,22006,22,19,170,0.5941176470588235,170,0.38323353293413176,167,0.8235294117647058,2.5823529411764707,170,0.7176470588235294,1.7529411764705882,170
Querétaro,Corregidora,2017,0.383929491043091,212567,103032,109535,22006,22,21,168,0.6071428571428571,168,0.4375,160,0.7857142857142857,2.589285714285714,168,0.6547619047619048,1.5357142857142858,168
Querétaro,Corregidora,2018,0.395671546459198,212567,103032,109535,22006,22,20,195,0.5515463917525774,194,0.3297297297297297,185,0.8153846153846154,2.8205128205128203,195,0.6717948717948717,1.4871794871794872,195
Querétaro,Corregidora,2019,0.366793394088745,212567,103032,109535,22006,22,32,174,0.5804597701149425,174,0.3895348837209303,172,0.7413793103448276,2.2758620689655173,174,0.6091954022988506,1.408045977011494,174
Querétaro,Corregidora,2020,0.370318353176117,212567,103032,109535,22006,22,28,128,0.47619047619047616,126,0.43548387096774194,124,0.640625,1.5546875,128,0.6875,1.5859375,128
Querétaro,Querétaro,2013,0.3785480260849,1049777,514589,535188,22014,22,125.045010550058,63,0.3333333333333333,63,0.1111111111111111,63,0.984126984126984,3.349206349206349,63,0.5873015873015873,1.0952380952380956,63
Querétaro,Querétaro,2014,0.395331472158432,1049777,514589,535188,22014,22,120.198304714785,113,0.504424778761062,113,0.21428571428571427,112,0.911504424778761,3.3097345132743365,113,0.6194690265486725,1.327433628318584,113
Querétaro,Querétaro,2015,0.415645956993103,1049777,514589,535188,22014,22,163,143,0.6013986013986014,143,0.2307692307692308,143,0.965034965034965,3.587412587412588,143,0.916083916083916,2.237762237762237,143
Querétaro,Querétaro,2016,0.390484631061554,1049777,514589,535188,22014,22,159,856,0.5843091334894613,854,0.44391971664698937,847,0.8925233644859814,3.1775700934579434,856,0.7219626168224299,1.6881594372801874,853
Querétaro,Querétaro,2017,0.373272597789764,1049777,514589,535188,22014,22,196,862,0.6368909512761021,862,0.42420681551116335,851,0.87122969837587,3.219257540603248,862,0.7494199535962877,1.7621809744779586,862
Querétaro,Querétaro,2018,0.389645427465439,1049777,514589,535188,22014,22,202,831,0.6251511487303507,827,0.3937888198757764,805,0.8700361010830325,3.292771084337349,830,0.7075812274368231,1.5800240673886858,831
Querétaro,Querétaro,2019,0.37194961309433,1049777,514589,535188,22014,22,202,858,0.617269544924154,857,0.40828402366863903,845,0.8671328671328671,3.20677570093458,856,0.675990675990676,1.573426573426573,858
Querétaro,Querétaro,2020,0.362538427114487,1049777,514589,535188,22014,22,176,640,0.5640625,640,0.4536741214057508,626,0.8375,2.9764521193092626,637,0.73125,1.872841444270016,637
Quintana Roo,Benito Juárez,2013,0.719603002071381,434153,202121,232032,9014,09,55.2524465221187,46,0.3695652173913043,46,0.11363636363636365,44,0.5869565217391305,1.0869565217391304,46,0.717391304347826,1.1521739130434785,46
Quintana Roo,Benito Juárez,2013,0.719603002071381,911503,459325,452178,23005,23,347.993478972643,74,0.7567567567567568,74,0.35135135135135137,74,0.8648648648648649,3.2837837837837838,74,0.8108108108108109,2.0135135135135136,74
Quintana Roo,Benito Juárez,2014,0.75788676738739,434153,202121,232032,9014,09,68.8232228608847,67,0.3582089552238806,67,0.14925373134328357,67,0.6119402985074627,1.1044776119402986,67,0.8059701492537313,1.373134328358209,67
Quintana Roo,Benito Juárez,2014,0.75788676738739,911503,459325,452178,23005,23,280.139597278813,163,0.7852760736196319,163,0.2822085889570552,163,0.901840490797546,3.282208588957056,163,0.8650306748466258,2.441717791411043,163
Quintana Roo,Benito Juárez,2015,0.722415387630463,434153,202121,232032,9014,09,58,68,0.2058823529411765,68,0.014705882352941176,68,0.6617647058823529,0.9705882352941176,68,0.6617647058823529,0.9558823529411764,68
Quintana Roo,Benito Juárez,2015,0.722415387630463,911503,459325,452178,23005,23,355,155,0.7354838709677419,155,0.27741935483870966,155,0.8387096774193549,3.012903225806452,155,0.7870967741935484,2.064516129032259,155
Quintana Roo,Benito Juárez,2016,0.751240134239197,434153,202121,232032,9014,09,59,224,0.6696428571428571,224,0.2825112107623318,223,0.7901785714285714,1.870535714285714,224,0.6517857142857143,1.294642857142858,224
Quintana Roo,Benito Juárez,2016,0.751240134239197,911503,459325,452178,23005,23,128,987,0.6968463886063072,983,0.3357972544878564,947,0.8226950354609929,2.4726166328600403,986,0.7436676798378926,1.7525354969574023,986
Quintana Roo,Benito Juárez,2017,0.756950080394745,434153,202121,232032,9014,09,72,265,0.8452830188679246,265,0.4204545454545455,264,0.8226415094339623,2.064150943396226,265,0.7811320754716982,1.6226415094339626,265
Quintana Roo,Benito Juárez,2017,0.756950080394745,911503,459325,452178,23005,23,287,1024,0.8388671875,1024,0.4877089478859391,1017,0.837890625,2.793743890518084,1023,0.7734375,2.00293542074364,1022
Quintana Roo,Benito Juárez,2018,0.745023190975189,434153,202121,232032,9014,09,49,405,0.7400990099009901,404,0.24875621890547264,402,0.854320987654321,2.3777777777777778,405,0.782716049382716,1.5990099009900995,404
Quintana Roo,Benito Juárez,2018,0.745023190975189,911503,459325,452178,23005,23,591,1018,0.9163385826771654,1016,0.44144144144144143,999,0.8860510805500982,3.236971484759096,1017,0.7799607072691552,2.163951120162932,982
Quintana Roo,Benito Juárez,2019,0.74720686674118,434153,202121,232032,9014,09,39,634,0.5499207606973059,631,0.266025641025641,624,0.8186119873817035,2.1451104100946368,634,0.7854889589905363,1.568720379146919,633
Quintana Roo,Benito Juárez,2019,0.74720686674118,911503,459325,452178,23005,23,777,1009,0.9055666003976144,1006,0.3522954091816367,1002,0.8414271555996036,2.842418235877106,1009,0.7383548067393458,1.774801587301588,1008
Quintana Roo,Benito Juárez,2020,0.723421633243561,434153,202121,232032,9014,09,67,762,0.40813648293963256,762,0.3386034255599473,759,0.7454068241469817,1.7003942181340346,761,0.6666666666666666,1.3298291721419189,761
Quintana Roo,Benito Juárez,2020,0.723421633243561,911503,459325,452178,23005,23,644,750,0.8462566844919787,748,0.4059139784946236,744,0.8093333333333333,2.5700934579439245,749,0.7386666666666667,1.8857526881720437,744
Quintana Roo,Isla Mujeres,2015,0.700173079967499,22686,11542,11144,23003,23,13,4,1,4,0.5,4,1,2.75,4,1,2.5,4
Quintana Roo,Lázaro Cárdenas,2016,0.789792239665985,196003,97484,98519,16052,16,166,244,0.8065843621399177,243,0.4385245901639344,244,0.8852459016393442,2.9629629629629632,243,0.8032786885245902,1.995884773662552,243
Quintana Roo,Lázaro Cárdenas,2017,0.783892035484314,196003,97484,98519,16052,16,104,1020,0.7843137254901961,1020,0.3667649950835792,1017,0.8686274509803922,2.747058823529411,1020,0.6254901960784314,1.500982318271119,1018
Quintana Roo,Lázaro Cárdenas,2018,0.785415410995483,196003,97484,98519,16052,16,56,984,0.7650050864699899,983,0.23559670781893005,972,0.8648373983739838,2.611788617886179,984,0.467479674796748,0.9918699186991868,984
Quintana Roo,Lázaro Cárdenas,2019,0.783501446247101,196003,97484,98519,16052,16,83,1054,0.6993339676498572,1051,0.20608439646712465,1019,0.849146110056926,2.342504743833017,1054,0.4933586337760911,1.063567362428843,1054
Quintana Roo,Lázaro Cárdenas,2020,0.757720708847046,196003,97484,98519,16052,16,75,792,0.6151832460732984,764,0.2578444747612551,733,0.7916666666666666,2.030341340075853,791,0.5429292929292929,1.1479140328697863,791
San Luis Potosí,San Luis Potosí,2013,0.295307844877243,911908,440897,471011,24028,24,166.726680733411,71,0.6901408450704225,71,0.29577464788732394,71,0.8873239436619719,2.901408450704225,71,0.6901408450704225,1.4366197183098592,71
San Luis Potosí,San Luis Potosí,2014,0.338204145431519,911908,440897,471011,24028,24,142.493151557043,114,0.6666666666666666,114,0.2894736842105263,114,0.8859649122807017,3.131578947368421,114,0.7456140350877193,1.5964912280701755,114
San Luis Potosí,San Luis Potosí,2015,0.360717833042145,911908,440897,471011,24028,24,169,95,0.6736842105263158,95,0.18947368421052632,95,0.9263157894736842,3.221052631578947,95,0.8105263157894737,1.6526315789473685,95
San Luis Potosí,San Luis Potosí,2016,0.323474645614624,911908,440897,471011,24028,24,192,525,0.7480916030534351,524,0.4116504854368932,515,0.8057142857142857,2.934990439770554,523,0.7428571428571429,1.7676190476190463,525
San Luis Potosí,San Luis Potosí,2017,0.31314080953598,911908,440897,471011,24028,24,260,542,0.8148148148148148,540,0.5260223048327137,538,0.8431734317343174,3.0202952029520302,542,0.8284132841328413,2.229205175600739,541
San Luis Potosí,San Luis Potosí,2018,0.32468169927597,911908,440897,471011,24028,24,291,557,0.8687050359712231,556,0.37681159420289856,552,0.8617594254937163,3.2962298025134644,557,0.7791741472172352,2.0197486535008977,557
San Luis Potosí,San Luis Potosí,2019,0.307763278484344,911908,440897,471011,24028,24,253,676,0.8136094674556213,676,0.3761194029850746,670,0.8254437869822485,3.100591715976331,676,0.6671597633136095,1.7611275964391693,674
San Luis Potosí,San Luis Potosí,2020,0.306068599224091,911908,440897,471011,24028,24,300,539,0.8515769944341373,539,0.4764595103578154,531,0.8719851576994434,3.3661710037174744,538,0.7458256029684601,1.894248608534323,539
San Luis Potosí,Santa Catarina,2013,0.647564232349396,306322,152617,153705,19048,19,54.283105355064,43,0.627906976744186,43,0.07142857142857142,42,0.8837209302325582,2.7906976744186047,43,0.813953488372093,1.5348837209302326,43
San Luis Potosí,Santa Catarina,2014,0.698789417743683,306322,152617,153705,19048,19,55.2524465221187,65,0.5846153846153846,65,0.13846153846153847,65,0.7230769230769231,2.369230769230769,65,0.7692307692307693,2.0153846153846158,65
San Luis Potosí,Santa Catarina,2015,0.72905522584915206,306322,152617,153705,19048,19,71,69,0.5362318840579711,69,0.04477611940298507,67,0.782608695652174,2.231884057971014,69,0.6811594202898551,1.434782608695652,69
San Luis Potosí,Santa Catarina,2016,0.706125676631927,306322,152617,153705,19048,19,70,109,0.5833333333333334,108,0.22018348623853207,109,0.8532110091743119,2.275229357798165,109,0.6605504587155964,1.4403669724770642,109
San Luis Potosí,Santa Catarina,2017,0.699621856212616,306322,152617,153705,19048,19,59,207,0.7729468599033816,207,0.3058252427184466,206,0.8164251207729468,2.4927536231884053,207,0.6280193236714976,1.3381642512077296,207
San Luis Potosí,Santa Catarina,2018,0.684084713459015,306322,152617,153705,19048,19,56,866,0.5769230769230769,858,0.1555023923444976,836,0.8002309468822171,2.542824074074073,864,0.7297921478060047,1.7972027972027949,858
San Luis Potosí,Santa Catarina,2019,0.662136375904083,306322,152617,153705,19048,19,56,1036,0.5562015503875969,1032,0.12365063788027478,1019,0.7567567567567568,2.136231884057969,1035,0.6882239382239382,1.5686653771760155,1034
San Luis Potosí,Santa Catarina,2020,0.696202278137207,306322,152617,153705,19048,19,85,795,0.4791929382093317,793,0.13788659793814434,776,0.740880503144654,1.9723270440251577,795,0.6440251572327044,1.410062893081761,795
San Luis Potosí,Soledad de Graciano Sánchez,2013,0.310497581958771,332072,161877,170195,24035,24,37.8043055151339,7,0.8571428571428571,7,0.5714285714285714,7,1,5.142857142857143,7,1,2.7142857142857144,7
San Luis Potosí,Soledad de Graciano Sánchez,2014,0.359548985958099,332072,161877,170195,24035,24,24.2335291763679,41,0.7317073170731707,41,0.3170731707317073,41,0.951219512195122,4.073170731707317,41,0.8780487804878049,1.804878048780488,41
San Luis Potosí,Soledad de Graciano Sánchez,2015,0.376438081264496,332072,161877,170195,24035,24,24,56,0.625,56,0.19642857142857145,56,0.8392857142857143,3,56,0.8214285714285714,1.642857142857143,56
San Luis Potosí,Soledad de Graciano Sánchez,2016,0.334702014923096,332072,161877,170195,24035,24,47,512,0.7421875,512,0.3661417322834646,508,0.83203125,2.951171875,512,0.716796875,1.80078125,512
San Luis Potosí,Soledad de Graciano Sánchez,2017,0.332063674926758,332072,161877,170195,24035,24,88,530,0.821969696969697,528,0.36015325670498083,522,0.8226415094339623,3.069811320754717,530,0.7452830188679245,1.9094339622641507,530
San Luis Potosí,Soledad de Graciano Sánchez,2018,0.342815041542053,332072,161877,170195,24035,24,81,522,0.8563218390804598,522,0.40618955512572535,517,0.8773946360153256,3.4022988505747125,522,0.6839080459770115,1.8984674329501905,522
San Luis Potosí,Soledad de Graciano Sánchez,2019,0.327732920646667,332072,161877,170195,24035,24,98,401,0.7306733167082294,401,0.2917705735660848,401,0.8703241895261845,3.1745635910224435,401,0.5536159600997507,1.2700000000000002,400
San Luis Potosí,Soledad de Graciano Sánchez,2020,0.316824704408646,332072,161877,170195,24035,24,113,264,0.8371212121212122,264,0.4521072796934866,261,0.8295454545454546,3.1477272727272725,264,0.5984848484848485,1.5303030303030298,264
Sinaloa,Ahome,2016,0.380964040756226,459310,225316,233994,25001,25,132,493,0.5314401622718052,493,0.29606625258799174,483,0.8620689655172413,2.450304259634889,493,0.7565922920892495,1.823408624229979,487
Sinaloa,Ahome,2017,0.374921590089798,459310,225316,233994,25001,25,168,1044,0.5593869731800766,1044,0.19538017324350335,1039,0.8103448275862069,2.49904214559387,1044,0.7040229885057471,1.701636188642926,1039
Sinaloa,Ahome,2018,0.391049563884735,459310,225316,233994,25001,25,148,1051,0.5908658420551856,1051,0.17478510028653296,1047,0.829686013320647,2.601332064700284,1051,0.7240723120837298,1.8845419847328249,1048
Sinaloa,Ahome,2019,0.404417514801025,459310,225316,233994,25001,25,123,1061,0.5777568331762488,1061,0.1647727272727273,1056,0.7935909519321395,2.2318567389255417,1061,0.7134778510838832,1.819981149858624,1061
Sinaloa,Ahome,2020,0.381856441497803,459310,225316,233994,25001,25,117,783,0.44174135723431496,781,0.19003931847968544,763,0.7100893997445722,1.6845466155810984,783,0.6309067688378033,1.4250960307298342,781
Sinaloa,Culiacán,2013,0.490100085735321,1003530,491046,512484,25006,25,568.033923894063,87,0.8850574712643678,87,0.19540229885057472,87,0.942528735632184,2.505747126436782,87,0.8275862068965517,1.747126436781609,87
Sinaloa,Culiacán,2014,0.521801829338074,1003530,491046,512484,25006,25,493.39465403085,171,0.8187134502923976,171,0.23391812865497075,171,0.8304093567251462,2.526315789473684,171,0.8947368421052632,2.2222222222222228,171
Sinaloa,Culiacán,2015,0.541735410690308,1003530,491046,512484,25006,25,551,170,0.7823529411764706,170,0.27647058823529413,170,0.9294117647058824,2.829411764705882,170,0.9,2.276470588235294,170
Sinaloa,Culiacán,2016,0.519633829593658,1003530,491046,512484,25006,25,551,1026,0.6669931439764937,1021,0.25,1004,0.783625730994152,2.265625,1024,0.5458089668615984,1.151663405088062,1022
Sinaloa,Culiacán,2017,0.48778361082077,1003530,491046,512484,25006,25,760,1033,0.7635658914728682,1032,0.3004878048780488,1025,0.7676669893514037,2.416100872938894,1031,0.5953533397870281,1.3843175217812198,1033
Sinaloa,Culiacán,2018,0.510523557662964,1003530,491046,512484,25006,25,706,1047,0.7205741626794259,1045,0.18536585365853656,1025,0.8089780324737345,2.539196940726577,1046,0.5845272206303725,1.296084049665713,1047
Sinaloa,Culiacán,2019,0.51422768831253,1003530,491046,512484,25006,25,645,1035,0.6792270531400966,1035,0.17790811339198437,1023,0.8096618357487922,2.5053140096618365,1035,0.4357487922705314,0.8571428571428581,1029
Sinaloa,Culiacán,2020,0.507204055786133,1003530,491046,512484,25006,25,604,769,0.7044270833333334,768,0.2523240371845949,753,0.7555266579973993,2.0520156046814053,769,0.5721716514954487,1.2532637075718007,766
Sinaloa,Mazatlán,2016,0.563664257526398,501441,245381,256060,25012,25,231,770,0.6183510638297872,752,0.3557422969187675,714,0.7753246753246753,2.511140235910877,763,0.6844155844155844,1.568211920529802,755
Sinaloa,Mazatlán,2017,0.552922368049622,501441,245381,256060,25012,25,223,1039,0.6258437801350049,1037,0.296969696969697,990,0.7228103946102021,2.282818532818533,1036,0.710298363811357,1.6171039844509232,1029
Sinaloa,Mazatlán,2018,0.549050629138947,501441,245381,256060,25012,25,164,1048,0.5834932821497121,1042,0.21725888324873097,985,0.7366412213740458,2.133715377268385,1047,0.7213740458015268,1.7071770334928218,1045
Sinaloa,Mazatlán,2019,0.541655421257019,501441,245381,256060,25012,25,162,1037,0.5168756027000965,1037,0.15172413793103448,1015,0.7675988428158148,2.049227799227802,1036,0.6297010607521697,1.386627906976746,1032
Sinaloa,Mazatlán,2020,0.57999062538147,501441,245381,256060,25012,25,126,782,0.528957528957529,777,0.2049934296977661,761,0.7480818414322251,2.0127877237851663,782,0.7033248081841432,1.54033290653009,781
Sonora,Benito Juárez,2013,0.395761162042618,434153,202121,232032,9014,09,55.2524465221187,46,0.3695652173913043,46,0.11363636363636365,44,0.5869565217391305,1.0869565217391304,46,0.717391304347826,1.1521739130434785,46
Sonora,Benito Juárez,2013,0.395761162042618,911503,459325,452178,23005,23,347.993478972643,74,0.7567567567567568,74,0.35135135135135137,74,0.8648648648648649,3.2837837837837838,74,0.8108108108108109,2.0135135135135136,74
Sonora,Benito Juárez,2014,0.394265830516815,434153,202121,232032,9014,09,68.8232228608847,67,0.3582089552238806,67,0.14925373134328357,67,0.6119402985074627,1.1044776119402986,67,0.8059701492537313,1.373134328358209,67
Sonora,Benito Juárez,2014,0.394265830516815,911503,459325,452178,23005,23,280.139597278813,163,0.7852760736196319,163,0.2822085889570552,163,0.901840490797546,3.282208588957056,163,0.8650306748466258,2.441717791411043,163
Sonora,Benito Juárez,2015,0.40752837061882,434153,202121,232032,9014,09,58,68,0.2058823529411765,68,0.014705882352941176,68,0.6617647058823529,0.9705882352941176,68,0.6617647058823529,0.9558823529411764,68
Sonora,Benito Juárez,2015,0.40752837061882,911503,459325,452178,23005,23,355,155,0.7354838709677419,155,0.27741935483870966,155,0.8387096774193549,3.012903225806452,155,0.7870967741935484,2.064516129032259,155
Sonora,Benito Juárez,2016,0.441700458526611,434153,202121,232032,9014,09,59,224,0.6696428571428571,224,0.2825112107623318,223,0.7901785714285714,1.870535714285714,224,0.6517857142857143,1.294642857142858,224
Sonora,Benito Juárez,2016,0.441700458526611,911503,459325,452178,23005,23,128,987,0.6968463886063072,983,0.3357972544878564,947,0.8226950354609929,2.4726166328600403,986,0.7436676798378926,1.7525354969574023,986
Sonora,Benito Juárez,2017,0.379836887121201,434153,202121,232032,9014,09,72,265,0.8452830188679246,265,0.4204545454545455,264,0.8226415094339623,2.064150943396226,265,0.7811320754716982,1.6226415094339626,265
Sonora,Benito Juárez,2017,0.379836887121201,911503,459325,452178,23005,23,287,1024,0.8388671875,1024,0.4877089478859391,1017,0.837890625,2.793743890518084,1023,0.7734375,2.00293542074364,1022
Sonora,Benito Juárez,2018,0.416228353977203,434153,202121,232032,9014,09,49,405,0.7400990099009901,404,0.24875621890547264,402,0.854320987654321,2.3777777777777778,405,0.782716049382716,1.5990099009900995,404
Sonora,Benito Juárez,2018,0.416228353977203,911503,459325,452178,23005,23,591,1018,0.9163385826771654,1016,0.44144144144144143,999,0.8860510805500982,3.236971484759096,1017,0.7799607072691552,2.163951120162932,982
Sonora,Benito Juárez,2019,0.420410454273224,434153,202121,232032,9014,09,39,634,0.5499207606973059,631,0.266025641025641,624,0.8186119873817035,2.1451104100946368,634,0.7854889589905363,1.568720379146919,633
Sonora,Benito Juárez,2019,0.420410454273224,911503,459325,452178,23005,23,777,1009,0.9055666003976144,1006,0.3522954091816367,1002,0.8414271555996036,2.842418235877106,1009,0.7383548067393458,1.774801587301588,1008
Sonora,Benito Juárez,2020,0.380349010229111,434153,202121,232032,9014,09,67,762,0.40813648293963256,762,0.3386034255599473,759,0.7454068241469817,1.7003942181340346,761,0.6666666666666666,1.3298291721419189,761
Sonora,Benito Juárez,2020,0.380349010229111,911503,459325,452178,23005,23,644,750,0.8462566844919787,748,0.4059139784946236,744,0.8093333333333333,2.5700934579439245,749,0.7386666666666667,1.8857526881720437,744
Sonora,Hermosillo,2013,0.193887546658516,936263,467490,468773,26030,26,212.285715584983,78,0.5128205128205128,78,0.2307692307692308,78,0.8461538461538461,2.5384615384615383,78,0.3717948717948718,0.6794871794871793,78
Sonora,Hermosillo,2014,0.212121412158012,936263,467490,468773,26030,26,175.450751236903,165,0.5272727272727272,165,0.18292682926829268,164,0.8363636363636363,2.7757575757575768,165,0.3696969696969697,0.7272727272727273,165
Sonora,Hermosillo,2015,0.257955640554428,936263,467490,468773,26030,26,198,162,0.6111111111111112,162,0.17901234567901234,162,0.8333333333333334,2.95679012345679,162,0.43209876543209874,0.7777777777777777,162
Sonora,Hermosillo,2016,0.242230400443077,936263,467490,468773,26030,26,240,1024,0.6904296875,1024,0.3604309500489716,1021,0.9111328125,3.3427734375,1024,0.6669921875,1.5263671875,1024
Sonora,Hermosillo,2017,0.225265204906464,936263,467490,468773,26030,26,233,1046,0.7571701720841301,1046,0.4076555023923445,1045,0.9149139579349904,3.4713193116634806,1046,0.6873804971319312,1.59942638623327,1046
Sonora,Hermosillo,2018,0.224079817533493,936263,467490,468773,26030,26,255,1032,0.7255092143549952,1031,0.2952755905511811,1016,0.9089147286821704,3.230620155038759,1032,0.6540697674418605,1.536821705426357,1032
Sonora,Hermosillo,2019,0.24342069029808,936263,467490,468773,26030,26,280,1043,0.6817307692307693,1040,0.282798833819242,1029,0.835091083413231,2.720997123681688,1043,0.6212847555129435,1.4078694817658344,1042
Sonora,Hermosillo,2020,0.243879839777946,936263,467490,468773,26030,26,299,797,0.680503144654088,795,0.3726235741444867,789,0.8469259723964868,2.672955974842767,795,0.6562107904642409,1.5746549560853205,797
Sonora,Nogales,2016,0.33643040060997,264782,132260,132522,26043,26,71,269,0.5597014925373134,268,0.30970149253731344,268,0.7881040892193308,2.408921933085502,269,0.5315985130111525,1.0334572490706315,269
Sonora,Nogales,2017,0.344908475875854,264782,132260,132522,26043,26,83,1057,0.597918637653737,1057,0.28776290630975143,1046,0.7805108798486282,2.5023651844843897,1057,0.6054872280037843,1.286660359508042,1057
Sonora,Nogales,2018,0.35191747546196,264782,132260,132522,26043,26,80,1066,0.6375586854460094,1065,0.2033898305084746,1062,0.7851782363977486,2.4793621013133214,1066,0.6069418386491557,1.243421052631579,1064
Sonora,Nogales,2019,0.352185934782028,264782,132260,132522,26043,26,95,1070,0.4878504672897197,1070,0.18878504672897195,1070,0.7934579439252336,2.266355140186915,1070,0.5635514018691589,1.086997193638913,1069
Sonora,Nogales,2020,0.338656783103943,264782,132260,132522,26043,26,121,814,0.5343980343980343,814,0.22140221402214025,813,0.8194103194103194,2.141277641277642,814,0.5663390663390664,1.0602706027060274,813
Tabasco,Centro,2013,0.670782387256622,683607,330080,353527,27004,27,164.787998399302,72,0.8333333333333334,72,0.125,72,0.9305555555555556,3.013888888888889,72,0.7638888888888888,1.3611111111111114,72
Tabasco,Centro,2014,0.668564021587372,683607,330080,353527,27004,27,196.776256912107,143,0.93006993006993,143,0.2447552447552448,143,0.965034965034965,2.0979020979020984,143,0.6083916083916084,0.9650349650349648,143
Tabasco,Centro,2015,0.661817193031311,683607,330080,353527,27004,27,260,140,0.9571428571428572,140,0.21428571428571427,140,0.9357142857142856,2.535714285714286,140,0.8,1.4071428571428573,140
Tabasco,Centro,2016,0.666176915168762,683607,330080,353527,27004,27,237,983,0.940936863543788,982,0.5507692307692308,975,0.948118006103764,3.6246185147507615,983,0.8972533062054934,2.4908350305498965,982
Tabasco,Centro,2017,0.691639304161072,683607,330080,353527,27004,27,337,968,0.9575569358178054,966,0.5630252100840336,952,0.90599173553719,3.4161490683229827,966,0.84400826446281,2.165109034267912,963
Tabasco,Centro,2018,0.676692068576813,683607,330080,353527,27004,27,333,954,0.9316508937960042,951,0.28854625550660795,908,0.8951781970649895,3.248949579831933,952,0.859538784067086,2.232631578947368,950
Tabasco,Centro,2019,0.695993900299072,683607,330080,353527,27004,27,373,984,0.9093686354378818,982,0.2341311134235172,961,0.8770325203252033,3.0345528455284554,984,0.850609756097561,2.2446264073695006,977
Tabasco,Centro,2020,0.682730674743652,683607,330080,353527,27004,27,250,740,0.8891891891891892,740,0.375,728,0.8013513513513514,2.558108108108108,740,0.8040540540540541,2.116216216216216,740
Tabasco,Emiliano Zapata,2013,0.684705078601837,107053,52008,55045,17008,17,39.7429878492433,5,1,5,0.4,5,0.8,2.6,5,1,2.8,5
Tabasco,Emiliano Zapata,2014,0.69056886434555,107053,52008,55045,17008,17,26.1722115104773,9,1,9,0.4444444444444444,9,1,4.555555555555555,9,0.7777777777777778,2.4444444444444446,9
Tabasco,Emiliano Zapata,2015,0.69699215888977,107053,52008,55045,17008,17,23,19,1,19,0.47368421052631576,19,0.8421052631578947,4.052631578947368,19,0.8947368421052632,2.105263157894737,19
Tabasco,Emiliano Zapata,2016,0.728371560573578,107053,52008,55045,17008,17,31,142,0.8581560283687943,141,0.3642857142857143,140,0.8873239436619719,3.204225352112676,142,0.8802816901408451,2.4255319148936167,141
Tabasco,Emiliano Zapata,2017,0.697021424770355,107053,52008,55045,17008,17,31,166,0.6727272727272727,165,0.3109756097560976,164,0.9397590361445785,3.150602409638554,166,0.7168674698795181,1.7349397590361444,166
Tabasco,Emiliano Zapata,2018,0.710460126399994,107053,52008,55045,17008,17,41,141,0.7785714285714286,140,0.4676258992805755,139,0.9219858156028368,3.2928571428571427,140,0.475177304964539,1.1276595744680864,141
Tabasco,Emiliano Zapata,2019,0.707437813282013,107053,52008,55045,17008,17,63,151,0.8145695364238411,151,0.5266666666666666,150,0.9403973509933776,3.4569536423841054,151,0.6556291390728477,1.4569536423841056,151
Tabasco,Emiliano Zapata,2020,0.702971577644348,107053,52008,55045,17008,17,63,93,0.8478260869565217,92,0.4946236559139785,93,0.8602150537634409,3.096774193548387,93,0.6451612903225806,1.5376344086021505,93
Tabasco,Nacajuca,2014,0.69365268945694,150300,72894,77406,27013,27,11.6320940046566,4,1,4,0.25,4,1,3.75,4,0.75,1.25,4
Tabasco,Nacajuca,2015,0.681421875953674,150300,72894,77406,27013,27,9,8,1,8,0.5,8,1,3.375,8,0.5,1,8
Tabasco,Nacajuca,2016,0.677575409412384,150300,72894,77406,27013,27,18,38,0.8947368421052632,38,0.5,38,0.8947368421052632,3.8157894736842106,38,0.8947368421052632,2.131578947368421,38
Tabasco,Nacajuca,2017,0.709339380264282,150300,72894,77406,27013,27,18,54,0.9629629629629628,54,0.46296296296296297,54,0.9814814814814816,4.518518518518518,54,0.925925925925926,2.3703703703703702,54
Tabasco,Nacajuca,2018,0.685436427593231,150300,72894,77406,27013,27,27,52,0.8846153846153846,52,0.18,50,0.9230769230769232,3.769230769230769,52,0.7115384615384616,1.576923076923077,52
Tabasco,Nacajuca,2019,0.685115814208984,150300,72894,77406,27013,27,19,58,0.9655172413793104,58,0.20689655172413796,58,0.913793103448276,3.9482758620689657,58,0.8448275862068966,2.396551724137931,58
Tabasco,Nacajuca,2020,0.694818496704102,150300,72894,77406,27013,27,29,41,0.925,40,0.325,40,0.975609756097561,4.2926829268292686,41,0.951219512195122,2.560975609756098,41
Tamaulipas,Altamira,2013,0.482696890830994,269790,133306,136484,28003,28,39.7429878492433,10,0.8888888888888888,9,0,10,0.4,1.3,10,0.7,2.2,10
Tamaulipas,Altamira,2014,0.52923446893692,269790,133306,136484,28003,28,102.7501637078,32,0.78125,32,0.03125,32,0.96875,3.96875,32,0.5,1.625,32
Tamaulipas,Altamira,2015,0.52642822265625,269790,133306,136484,28003,28,81,47,0.7659574468085106,47,0.23404255319148937,47,0.8085106382978723,2.978723404255319,47,0.5531914893617021,1.4468085106382975,47
Tamaulipas,Altamira,2016,0.488293945789337,269790,133306,136484,28003,28,63,217,0.6651162790697674,215,0.285024154589372,207,0.7603686635944701,2.483870967741935,217,0.7603686635944701,1.9262672811059909,217
Tamaulipas,Altamira,2017,0.505492568016052,269790,133306,136484,28003,28,62,213,0.6197183098591549,213,0.27699530516431925,213,0.7793427230046949,2.276995305164319,213,0.6948356807511737,1.7605633802816902,213
Tamaulipas,Altamira,2018,0.459227472543716,269790,133306,136484,28003,28,63,219,0.518348623853211,218,0.0925925925925926,216,0.6118721461187214,1.6621004566210045,219,0.6164383561643836,1.4155251141552512,219
Tamaulipas,Altamira,2019,0.484312236309052,269790,133306,136484,28003,28,66,208,0.3990384615384616,208,0.02898550724637681,207,0.47115384615384615,1.2067307692307692,208,0.5865384615384616,1.2692307692307696,208
Tamaulipas,Altamira,2020,0.506299257278442,269790,133306,136484,28003,28,64,166,0.4578313253012048,166,0.18787878787878787,165,0.5120481927710844,1.2530120481927705,166,0.54216867469879515,1.506024096385543,166
Tamaulipas,Ciudad Madero,2013,0.372921913862228,205933,98248,107685,28009,28,43.6203525174622,41,0.7073170731707317,41,0.12195121951219512,41,0.4878048780487805,1.5365853658536586,41,0.5365853658536586,1.609756097560976,41
Tamaulipas,Ciudad Madero,2014,0.37420254945755,205933,98248,107685,28009,28,75.6086110302678,68,0.8382352941176471,68,0.17647058823529413,68,0.7205882352941176,2.014705882352941,68,0.5,1.6764705882352946,68
Tamaulipas,Ciudad Madero,2015,0.389353185892105,205933,98248,107685,28009,28,67,68,0.75,68,0.1176470588235294,68,0.9117647058823528,3.1029411764705883,68,0.7647058823529411,2.544117647058824,68
Tamaulipas,Ciudad Madero,2016,0.40169483423233,205933,98248,107685,28009,28,56,301,0.6079734219269103,301,0.1476510067114094,298,0.654485049833887,1.7275747508305648,301,0.5880398671096345,1.3920265780730894,301
Tamaulipas,Ciudad Madero,2017,0.404206812381744,205933,98248,107685,28009,28,41,313,0.48231511254019294,311,0.19614147909967847,311,0.6038338658146964,1.466453674121406,313,0.6869009584664537,1.625,312
Tamaulipas,Ciudad Madero,2018,0.388073623180389,205933,98248,107685,28009,28,43,286,0.513986013986014,286,0.12280701754385964,285,0.5734265734265734,1.3951048951048948,286,0.7517482517482518,1.907142857142857,280
Tamaulipas,Ciudad Madero,2019,0.389779478311539,205933,98248,107685,28009,28,43,266,0.5150375939849624,266,0.12030075187969924,266,0.556390977443609,1.31203007518797,266,0.8157894736842105,2.0413533834586466,266
Tamaulipas,Ciudad Madero,2020,0.412116259336472,205933,98248,107685,28009,28,37,205,0.3707317073170732,205,0.22058823529411764,204,0.4926829268292683,1.1219512195121957,205,0.624390243902439,1.5024390243902437,205
Tamaulipas,Matamoros,2016,0.357873529195786,118337,58692,59645,5017,05,20,39,0.41025641025641024,39,0.3076923076923077,39,0.8205128205128205,1.948717948717949,39,0.6410256410256411,1.8205128205128207,39
Tamaulipas,Matamoros,2017,0.350412607192993,118337,58692,59645,5017,05,28,53,0.4807692307692308,52,0.3137254901960784,51,0.8490566037735849,2.358490566037736,53,0.6226415094339622,1.69811320754717,53
Tamaulipas,Matamoros,2018,0.354341983795166,118337,58692,59645,5017,05,28,51,0.5882352941176471,51,0.29411764705882354,51,0.7058823529411765,1.7843137254901962,51,0.4901960784313725,0.9411764705882352,51
Tamaulipas,Matamoros,2019,0.366595208644867,118337,58692,59645,5017,05,21,53,0.5283018867924528,53,0.2641509433962264,53,0.6037735849056604,1.849056603773585,53,0.6981132075471698,1.679245283018868,53
Tamaulipas,Matamoros,2020,0.354797959327698,118337,58692,59645,5017,05,13,49,0.5306122448979592,49,0.3673469387755102,49,0.7551020408163265,2.163265306122449,49,0.673469387755102,1.3877551020408163,49
Tamaulipas,Nuevo Laredo,2016,0.44082048535347,425058,209442,215616,28027,28,168,714,0.7791842475386779,711,0.20579710144927532,690,0.7647058823529411,2.44039270687237,713,0.803921568627451,2.177871148459384,714
Tamaulipas,Nuevo Laredo,2017,0.44053652882576,425058,209442,215616,28027,28,140,977,0.6885919835560124,973,0.16101694915254236,944,0.6161719549641761,1.8069815195071857,974,0.7727737973387923,2.142272262026614,977
Tamaulipas,Nuevo Laredo,2018,0.438765048980713,425058,209442,215616,28027,28,128,946,0.718384697130712,941,0.16774891774891776,924,0.7198731501057083,2.211640211640212,945,0.8107822410147991,2.118210862619809,939
Tamaulipas,Nuevo Laredo,2019,0.39182049036026,425058,209442,215616,28027,28,105,960,0.7592008412197687,951,0.21558164354322304,937,0.828125,2.5360501567398157,957,0.7864583333333334,2.2565172054223157,959
Tamaulipas,Nuevo Laredo,2020,0.374561369419098,425058,209442,215616,28027,28,91,771,0.6736292428198434,766,0.1970509383378016,746,0.74189364461738,2.0221932114882497,766,0.7846952010376135,2.016993464052286,765
Tamaulipas,Reynosa,2016,0.420849204063416,704767,350361,354406,28032,28,288,845,0.8454106280193237,828,0.18726114649681527,785,0.7846153846153846,2.43957345971564,844,0.8260355029585799,2.255344418052257,842
Tamaulipas,Reynosa,2017,0.367291897535324,704767,350361,354406,28032,28,424,958,0.9080459770114944,957,0.3262935586061246,947,0.8549060542797495,2.625260960334028,958,0.8517745302713987,2.512526096033401,958
Tamaulipas,Reynosa,2018,0.408010721206665,704767,350361,354406,28032,28,380,890,0.9121621621621622,888,0.2652370203160271,886,0.904494382022472,2.9269662921348325,890,0.8887640449438202,2.6565315315315305,888
Tamaulipas,Reynosa,2019,0.384282737970352,704767,350361,354406,28032,28,378,946,0.8822905620360552,943,0.22604951560818085,929,0.8594080338266384,2.7008456659619453,946,0.8625792811839323,2.4772004241781542,943
Tamaulipas,Reynosa,2020,0.427842348814011,704767,350361,354406,28032,28,303,766,0.7921052631578948,760,0.16443850267379678,748,0.779373368146214,2.2222222222222228,765,0.6879895561357703,1.6797900262467176,762
Tamaulipas,Tampico,2013,0.431328505277634,297562,141757,155805,28038,28,63.9765170256112,20,0.5,20,0.2,20,0.4,0.95,20,0.55,1.8,20
Tamaulipas,Tampico,2014,0.447199821472168,297562,141757,155805,28038,28,100.81148137369,61,0.918032786885246,61,0.22950819672131148,61,0.8688524590163934,2.0983606557377046,61,0.8852459016393442,3.3770491803278686,61
Tamaulipas,Tampico,2015,0.436164170503616,297562,141757,155805,28038,28,65,53,0.7924528301886793,53,0.11320754716981132,53,0.8679245283018868,2.849056603773585,53,0.7735849056603774,2.452830188679245,53
Tamaulipas,Tampico,2016,0.445912957191467,297562,141757,155805,28038,28,57,354,0.6515580736543909,353,0.2128279883381924,343,0.5536723163841808,1.2372881355932204,354,0.6581920903954802,1.66,350
Tamaulipas,Tampico,2017,0.457051038742065,297562,141757,155805,28038,28,71,379,0.5706666666666667,375,0.17158176943699732,373,0.5092348284960422,1.0870712401055411,379,0.6807387862796834,1.6851851851851851,378
Tamaulipas,Tampico,2018,0.439885586500168,297562,141757,155805,28038,28,64,399,0.44696969696969696,396,0.08527131782945736,387,0.5388471177944862,1.0701754385964914,399,0.5588972431077694,1.2311557788944727,398
Tamaulipas,Tampico,2019,0.44694110751152,297562,141757,155805,28038,28,54,445,0.4764044943820225,445,0.07256235827664399,441,0.47191011235955055,1.0359550561797757,445,0.6157303370786517,1.4886877828054303,442
Tamaulipas,Tampico,2020,0.46681621670723,297562,141757,155805,28038,28,41,334,0.4041916167664671,334,0.12349397590361444,332,0.4041916167664671,0.9461077844311376,334,0.5,1.4176829268292683,328
Tlaxcala,Amaxac de Guerrero,2014,0.4624984562397,11403,5554,5849,29001,29,2.90802350116414,12,0.3333333333333333,12,0.4166666666666667,12,0.75,2.1666666666666665,12,0.75,1.5,12
Tlaxcala,Amaxac de Guerrero,2015,0.482277899980545,11403,5554,5849,29001,29,4,8,0.125,8,0.25,8,0.625,1.125,8,0.625,1.625,8
Tlaxcala,Amaxac de Guerrero,2016,0.464172840118408,11403,5554,5849,29001,29,1,54,0.4444444444444444,54,0.3,50,0.7962962962962963,2.0370370370370368,54,0.5925925925925926,1.1111111111111112,54
Tlaxcala,Amaxac de Guerrero,2017,0.457156211137772,11403,5554,5849,29001,29,4,51,0.4313725490196079,51,0.32,50,0.9411764705882352,2.7058823529411766,51,0.5490196078431373,1.176470588235294,51
Tlaxcala,Amaxac de Guerrero,2018,0.471644580364227,11403,5554,5849,29001,29,0,29,0.4827586206896552,29,0.32142857142857145,28,0.8275862068965517,2.689655172413793,29,0.7241379310344828,2.0689655172413794,29
Tlaxcala,Amaxac de Guerrero,2019,0.458927422761917,11403,5554,5849,29001,29,0,5,0.6,5,0.2,5,0.8,1.8,5,0.8,2.2,5
Tlaxcala,Apetatitlán de Antonio Carvajal,2018,0.424109786748886,16003,7745,8258,29002,29,2,29,0.5517241379310345,29,0.2413793103448276,29,0.6551724137931034,1.4827586206896552,29,0.6206896551724138,1.4482758620689655,29
Tlaxcala,Apetatitlán de Antonio Carvajal,2019,0.408205330371857,16003,7745,8258,29002,29,1,37,0.5945945945945946,37,0.32432432432432434,37,0.7837837837837838,2.5405405405405403,37,0.6216216216216216,1.6216216216216215,37
Tlaxcala,Apetatitlán de Antonio Carvajal,2020,0.408033609390259,16003,7745,8258,29002,29,0,30,0.4482758620689655,29,0.27586206896551724,29,0.7666666666666667,2.3,30,0.7,1.6666666666666667,30
Tlaxcala,Apizaco,2013,0.379511564970016,80725,38467,42258,29005,29,24.2335291763679,12,0.5,12,0.5,12,0.6666666666666666,2.4166666666666665,12,0.75,1.5833333333333333,12
Tlaxcala,Apizaco,2014,0.390760451555252,80725,38467,42258,29005,29,42.6510113504075,21,0.7619047619047619,21,0.5238095238095238,21,0.8571428571428571,3.238095238095238,21,0.8571428571428571,2.523809523809524,21
Tlaxcala,Apizaco,2015,0.414906650781631,80725,38467,42258,29005,29,36,14,0.7142857142857143,14,0.5714285714285714,14,1,2.357142857142857,14,0.8571428571428571,2.7857142857142856,14
Tlaxcala,Apizaco,2016,0.378987967967987,80725,38467,42258,29005,29,30,113,0.6637168141592921,113,0.34513274336283184,113,0.8849557522123894,2.601769911504425,113,0.7345132743362832,1.7345132743362832,113
Tlaxcala,Apizaco,2017,0.375625103712082,80725,38467,42258,29005,29,15,99,0.5757575757575758,99,0.2828282828282828,99,0.7777777777777778,2.5656565656565657,99,0.6767676767676768,1.818181818181818,99
Tlaxcala,Apizaco,2018,0.394384294748306,80725,38467,42258,29005,29,10,71,0.7746478873239436,71,0.352112676056338,71,0.9154929577464788,3.2253521126760565,71,0.971830985915493,2.685714285714286,70
Tlaxcala,Apizaco,2019,0.387885928153992,80725,38467,42258,29005,29,15,70,0.8428571428571429,70,0.4090909090909091,66,0.9571428571428572,3.9857142857142858,70,0.8285714285714286,2.4571428571428573,70
Tlaxcala,Apizaco,2020,0.364788919687271,80725,38467,42258,29005,29,6,49,0.673469387755102,49,0.5416666666666666,48,0.7142857142857143,2.4081632653061225,49,0.6530612244897959,1.5625,48
Tlaxcala,Benito Juárez,2013,0.365795701742172,434153,202121,232032,9014,09,55.2524465221187,46,0.3695652173913043,46,0.11363636363636365,44,0.5869565217391305,1.0869565217391304,46,0.717391304347826,1.1521739130434785,46
Tlaxcala,Benito Juárez,2013,0.365795701742172,911503,459325,452178,23005,23,347.993478972643,74,0.7567567567567568,74,0.35135135135135137,74,0.8648648648648649,3.2837837837837838,74,0.8108108108108109,2.0135135135135136,74
Tlaxcala,Benito Juárez,2014,0.372323393821716,434153,202121,232032,9014,09,68.8232228608847,67,0.3582089552238806,67,0.14925373134328357,67,0.6119402985074627,1.1044776119402986,67,0.8059701492537313,1.373134328358209,67
Tlaxcala,Benito Juárez,2014,0.372323393821716,911503,459325,452178,23005,23,280.139597278813,163,0.7852760736196319,163,0.2822085889570552,163,0.901840490797546,3.282208588957056,163,0.8650306748466258,2.441717791411043,163
Tlaxcala,Benito Juárez,2015,0.412864536046982,434153,202121,232032,9014,09,58,68,0.2058823529411765,68,0.014705882352941176,68,0.6617647058823529,0.9705882352941176,68,0.6617647058823529,0.9558823529411764,68
Tlaxcala,Benito Juárez,2015,0.412864536046982,911503,459325,452178,23005,23,355,155,0.7354838709677419,155,0.27741935483870966,155,0.8387096774193549,3.012903225806452,155,0.7870967741935484,2.064516129032259,155
Tlaxcala,Benito Juárez,2016,0.376904547214508,434153,202121,232032,9014,09,59,224,0.6696428571428571,224,0.2825112107623318,223,0.7901785714285714,1.870535714285714,224,0.6517857142857143,1.294642857142858,224
Tlaxcala,Benito Juárez,2016,0.376904547214508,911503,459325,452178,23005,23,128,987,0.6968463886063072,983,0.3357972544878564,947,0.8226950354609929,2.4726166328600403,986,0.7436676798378926,1.7525354969574023,986
Tlaxcala,Benito Juárez,2017,0.376079589128494,434153,202121,232032,9014,09,72,265,0.8452830188679246,265,0.4204545454545455,264,0.8226415094339623,2.064150943396226,265,0.7811320754716982,1.6226415094339626,265
Tlaxcala,Benito Juárez,2017,0.376079589128494,911503,459325,452178,23005,23,287,1024,0.8388671875,1024,0.4877089478859391,1017,0.837890625,2.793743890518084,1023,0.7734375,2.00293542074364,1022
Tlaxcala,Benito Juárez,2018,0.401414304971695,434153,202121,232032,9014,09,49,405,0.7400990099009901,404,0.24875621890547264,402,0.854320987654321,2.3777777777777778,405,0.782716049382716,1.5990099009900995,404
Tlaxcala,Benito Juárez,2018,0.401414304971695,911503,459325,452178,23005,23,591,1018,0.9163385826771654,1016,0.44144144144144143,999,0.8860510805500982,3.236971484759096,1017,0.7799607072691552,2.163951120162932,982
Tlaxcala,Benito Juárez,2019,0.384010761976242,434153,202121,232032,9014,09,39,634,0.5499207606973059,631,0.266025641025641,624,0.8186119873817035,2.1451104100946368,634,0.7854889589905363,1.568720379146919,633
Tlaxcala,Benito Juárez,2019,0.384010761976242,911503,459325,452178,23005,23,777,1009,0.9055666003976144,1006,0.3522954091816367,1002,0.8414271555996036,2.842418235877106,1009,0.7383548067393458,1.774801587301588,1008
Tlaxcala,Benito Juárez,2020,0.377075046300888,434153,202121,232032,9014,09,67,762,0.40813648293963256,762,0.3386034255599473,759,0.7454068241469817,1.7003942181340346,761,0.6666666666666666,1.3298291721419189,761
Tlaxcala,Benito Juárez,2020,0.377075046300888,911503,459325,452178,23005,23,644,750,0.8462566844919787,748,0.4059139784946236,744,0.8093333333333333,2.5700934579439245,749,0.7386666666666667,1.8857526881720437,744
Tlaxcala,Chiautempan,2014,0.488639175891876,73215,35251,37964,29010,29,8.72407050349243,18,0.6111111111111112,18,0.3333333333333333,18,1,3,18,0.9444444444444444,2.111111111111111,18
Tlaxcala,Chiautempan,2015,0.521106719970703,73215,35251,37964,29010,29,11,13,0.8461538461538461,13,0.2307692307692308,13,0.9230769230769232,2.8461538461538463,13,0.9230769230769232,2.6153846153846154,13
Tlaxcala,Chiautempan,2016,0.507223963737488,73215,35251,37964,29010,29,10,128,0.5952380952380952,126,0.33064516129032256,124,0.8984375,3.1811023622047245,127,0.6875,1.546875,128
Tlaxcala,Chiautempan,2017,0.500784456729889,73215,35251,37964,29010,29,8,122,0.6134453781512605,119,0.3193277310924369,119,0.9426229508196722,2.9344262295081966,122,0.680327868852459,1.680327868852459,122
Tlaxcala,Chiautempan,2018,0.494377315044403,73215,35251,37964,29010,29,5,100,0.7171717171717171,99,0.26262626262626265,99,0.97,3.25,100,0.7,1.93,100
Tlaxcala,Chiautempan,2019,0.49924898147583,73215,35251,37964,29010,29,7,63,0.746031746031746,63,0.4032258064516129,62,0.9682539682539684,3.2698412698412698,63,0.7301587301587301,1.968253968253968,63
Tlaxcala,Chiautempan,2020,0.490130871534348,73215,35251,37964,29010,29,8,23,0.782608695652174,23,0.3181818181818182,22,0.9130434782608696,2.782608695652174,23,0.7391304347826086,1.826086956521739,23
Tlaxcala,Contla de Juan Cuamatzi,2015,0.455266296863556,38579,18792,19787,29018,29,2,8,0.5,8,0.25,8,1,3.625,8,0.75,1.625,8
Tlaxcala,Contla de Juan Cuamatzi,2016,0.438231915235519,38579,18792,19787,29018,29,6,52,0.6538461538461539,52,0.35294117647058826,51,0.8461538461538461,2.2692307692307687,52,0.5384615384615384,0.8461538461538461,52
Tlaxcala,Contla de Juan Cuamatzi,2017,0.426790982484818,38579,18792,19787,29018,29,3,56,0.2545454545454545,55,0.17307692307692307,52,0.8035714285714286,2.321428571428572,56,0.375,1.0192307692307692,52
Tlaxcala,Contla de Juan Cuamatzi,2018,0.429252237081528,38579,18792,19787,29018,29,1,55,0.41818181818181815,55,0.30612244897959184,49,0.8727272727272727,2.4,55,0.5454545454545454,1.2545454545454544,55
Tlaxcala,Contla de Juan Cuamatzi,2019,0.429072767496109,38579,18792,19787,29018,29,2,34,0.4705882352941176,34,0.3333333333333333,33,0.8529411764705882,2.9411764705882355,34,0.5294117647058824,1.2352941176470589,34
Tlaxcala,Contla de Juan Cuamatzi,2020,0.421947538852692,38579,18792,19787,29018,29,1,30,0.5172413793103449,29,0.4482758620689655,29,0.8,2.5666666666666664,30,0.8,1.862068965517241,29
Tlaxcala,Emiliano Zapata,2013,0.511574387550354,107053,52008,55045,17008,17,39.7429878492433,5,1,5,0.4,5,0.8,2.6,5,1,2.8,5
Tlaxcala,Emiliano Zapata,2014,0.532808005809784,107053,52008,55045,17008,17,26.1722115104773,9,1,9,0.4444444444444444,9,1,4.555555555555555,9,0.7777777777777778,2.4444444444444446,9
Tlaxcala,Emiliano Zapata,2015,0.561385452747345,107053,52008,55045,17008,17,23,19,1,19,0.47368421052631576,19,0.8421052631578947,4.052631578947368,19,0.8947368421052632,2.105263157894737,19
Tlaxcala,Emiliano Zapata,2016,0.529116988182068,107053,52008,55045,17008,17,31,142,0.8581560283687943,141,0.3642857142857143,140,0.8873239436619719,3.204225352112676,142,0.8802816901408451,2.4255319148936167,141
Tlaxcala,Emiliano Zapata,2017,0.510979354381561,107053,52008,55045,17008,17,31,166,0.6727272727272727,165,0.3109756097560976,164,0.9397590361445785,3.150602409638554,166,0.7168674698795181,1.7349397590361444,166
Tlaxcala,Emiliano Zapata,2018,0.518029272556305,107053,52008,55045,17008,17,41,141,0.7785714285714286,140,0.4676258992805755,139,0.9219858156028368,3.2928571428571427,140,0.475177304964539,1.1276595744680864,141
Tlaxcala,Emiliano Zapata,2019,0.521748185157776,107053,52008,55045,17008,17,63,151,0.8145695364238411,151,0.5266666666666666,150,0.9403973509933776,3.4569536423841054,151,0.6556291390728477,1.4569536423841056,151
Tlaxcala,Emiliano Zapata,2020,0.517664849758148,107053,52008,55045,17008,17,63,93,0.8478260869565217,92,0.4946236559139785,93,0.8602150537634409,3.096774193548387,93,0.6451612903225806,1.5376344086021505,93
Tlaxcala,La Magdalena Tlaltelulco,2013,0.391585826873779,19036,9440,9596,29048,29,7.75472933643772,4,0.5,4,1,4,0.75,1.75,4,0.5,0.5,4
Tlaxcala,La Magdalena Tlaltelulco,2014,0.38917750120163,19036,9440,9596,29048,29,0.969341167054715,8,0.375,8,0.125,8,0.75,1.5,8,0.5,1.25,8
Tlaxcala,La Magdalena Tlaltelulco,2015,0.407002598047256,19036,9440,9596,29048,29,5,8,0.25,8,0,8,1,2.25,8,0.75,1.5,8
Tlaxcala,La Magdalena Tlaltelulco,2016,0.394805073738098,19036,9440,9596,29048,29,1,20,0.45,20,0.25,20,0.7,2.05,20,0.75,1.6,20
Tlaxcala,La Magdalena Tlaltelulco,2017,0.397823929786682,19036,9440,9596,29048,29,1,20,0.75,20,0.45,20,0.85,2.75,20,0.6,1.85,20
Tlaxcala,La Magdalena Tlaltelulco,2018,0.39420422911644,19036,9440,9596,29048,29,1,41,0.7317073170731707,41,0.3414634146341464,41,0.975609756097561,3.414634146341464,41,0.5121951219512195,1.0731707317073171,41
Tlaxcala,La Magdalena Tlaltelulco,2019,0.395228266716003,19036,9440,9596,29048,29,2,60,0.6,60,0.3050847457627119,59,0.85,3.083333333333333,60,0.7166666666666667,1.7666666666666666,60
Tlaxcala,Lázaro Cárdenas,2016,0.421403914690018,196003,97484,98519,16052,16,166,244,0.8065843621399177,243,0.4385245901639344,244,0.8852459016393442,2.9629629629629632,243,0.8032786885245902,1.995884773662552,243
Tlaxcala,Lázaro Cárdenas,2017,0.413552433252335,196003,97484,98519,16052,16,104,1020,0.7843137254901961,1020,0.3667649950835792,1017,0.8686274509803922,2.747058823529411,1020,0.6254901960784314,1.500982318271119,1018
Tlaxcala,Lázaro Cárdenas,2018,0.432614237070084,196003,97484,98519,16052,16,56,984,0.7650050864699899,983,0.23559670781893005,972,0.8648373983739838,2.611788617886179,984,0.467479674796748,0.9918699186991868,984
Tlaxcala,Lázaro Cárdenas,2019,0.418934792280197,196003,97484,98519,16052,16,83,1054,0.6993339676498572,1051,0.20608439646712465,1019,0.849146110056926,2.342504743833017,1054,0.4933586337760911,1.063567362428843,1054
Tlaxcala,Lázaro Cárdenas,2020,0.370883166790009,196003,97484,98519,16052,16,75,792,0.6151832460732984,764,0.2578444747612551,733,0.7916666666666666,2.030341340075853,791,0.5429292929292929,1.1479140328697863,791
Tlaxcala,Natívitas,2014,0.507675588130951,26309,12725,13584,29023,29,3.87736466821886,8,0.5,8,0.125,8,1,3.875,8,0.875,1.5,8
Tlaxcala,Natívitas,2015,0.537878692150116,26309,12725,13584,29023,29,5,8,0.75,8,0,8,1,4.375,8,0.5,1.5,8
Tlaxcala,Natívitas,2019,0.512192666530609,26309,12725,13584,29023,29,7,12,0.4166666666666667,12,0.16666666666666666,12,0.75,2.4166666666666665,12,0.5,0.9166666666666669,12
Tlaxcala,Natívitas,2020,0.505542755126953,26309,12725,13584,29023,29,7,13,0.4615384615384616,13,0.15384615384615383,13,0.8461538461538461,2.8461538461538463,13,0.6923076923076923,1,13
Tlaxcala,Panotla,2014,0.493872761726379,28357,13419,14938,29024,29,5.81604700232829,1,0,1,1,1,1,2,1,1,2,1
Tlaxcala,Panotla,2016,0.49701914191246,28357,13419,14938,29024,29,3,16,0.5,16,0.125,16,0.875,2.0625,16,0.625,1.3125,16
Tlaxcala,Panotla,2017,0.49773433804512,28357,13419,14938,29024,29,4,16,0.625,16,0.375,16,1,3.0625,16,0.6875,1.5625,16
Tlaxcala,Panotla,2018,0.498102903366089,28357,13419,14938,29024,29,3,25,0.6,25,0.16,25,0.96,2.8,25,0.76,2.32,25
Tlaxcala,Panotla,2019,0.493971914052963,28357,13419,14938,29024,29,2,18,0.4444444444444444,18,0.2222222222222222,18,0.9444444444444444,2.888888888888889,18,0.6111111111111112,1.5,18
Tlaxcala,Panotla,2020,0.485460788011551,28357,13419,14938,29024,29,1,12,0.25,12,0.5,12,0.9166666666666666,1.8333333333333333,12,0.5833333333333334,1.1666666666666667,12
Tlaxcala,Papalotla de Xicohténcatl,2013,0.413918673992157,33499,16182,17317,29041,29,7.75472933643772,7,0.42857142857142855,7,0.2857142857142857,7,0.5714285714285714,1.857142857142857,7,0.5714285714285714,1,7
Tlaxcala,Papalotla de Xicohténcatl,2014,0.423776209354401,33499,16182,17317,29041,29,10.6627528376019,10,0.7,10,0.1,10,0.9,2.6,10,0.6,1.3,10
Tlaxcala,Papalotla de Xicohténcatl,2015,0.444240212440491,33499,16182,17317,29041,29,4,3,0.3333333333333333,3,0.3333333333333333,3,0.6666666666666666,1.3333333333333333,3,0.6666666666666666,1.6666666666666663,3
Tlaxcala,Papalotla de Xicohténcatl,2016,0.441666394472122,33499,16182,17317,29041,29,8,38,0.6842105263157895,38,0.3055555555555556,36,0.8947368421052632,3.0526315789473686,38,0.8157894736842105,2.027027027027027,37
Tlaxcala,Papalotla de Xicohténcatl,2017,0.434877693653107,33499,16182,17317,29041,29,7,48,0.6041666666666666,48,0.17391304347826086,46,0.8333333333333334,2,48,0.6458333333333334,1.9375,48
Tlaxcala,Papalotla de Xicohténcatl,2018,0.434633165597916,33499,16182,17317,29041,29,4,75,0.5466666666666666,75,0.2972972972972973,74,0.9333333333333332,2.84,75,0.6,1.3866666666666667,75
Tlaxcala,Papalotla de Xicohténcatl,2019,0.424535274505615,33499,16182,17317,29041,29,4,92,0.5,92,0.1868131868131868,91,0.9347826086956522,2.847826086956522,92,0.8369565217391305,2.119565217391304,92
Tlaxcala,Papalotla de Xicohténcatl,2020,0.425064831972122,33499,16182,17317,29041,29,3,73,0.5342465753424658,73,0.3333333333333333,72,0.9178082191780822,2.863013698630137,73,0.6438356164383562,1.520547945205479,73
Tlaxcala,San Damián Texóloc,2016,0.523811042308807,5884,2922,2962,29049,29,1,19,0.21052631578947367,19,0.21052631578947367,19,0.7894736842105263,3.473684210526316,19,0.631578947368421,1.4210526315789471,19
Tlaxcala,San Damián Texóloc,2017,0.509306490421295,5884,2922,2962,29049,29,0,20,0.25,20,0.2,20,1,4.1,20,0.45,0.9000000000000001,20
Tlaxcala,San Damián Texóloc,2018,0.519662499427795,5884,2922,2962,29049,29,2,5,0.6,5,0,5,1,4.4,5,0.4,1.2,5
Tlaxcala,San Damián Texóloc,2019,0.51378059387207,5884,2922,2962,29049,29,0,18,0.2777777777777778,18,0.1111111111111111,18,0.7777777777777778,1.7777777777777777,18,0.6111111111111112,0.8333333333333333,18
Tlaxcala,San Damián Texóloc,2020,0.503149449825287,5884,2922,2962,29049,29,1,13,0.15384615384615383,13,0.07692307692307693,13,0.9230769230769232,2.076923076923077,13,0.15384615384615383,0.3076923076923077,13
Tlaxcala,San Francisco Tetlanohcan,2017,0.644017994403839,11761,5642,6119,29050,29,2,5,0.2,5,0,5,1,3.4,5,0.6,1.6,5
Tlaxcala,San Francisco Tetlanohcan,2018,0.613878130912781,11761,5642,6119,29050,29,0,20,0.5,20,0.3684210526315789,19,1,3.25,20,0.35,0.6999999999999998,20
Tlaxcala,San Francisco Tetlanohcan,2019,0.627855598926544,11761,5642,6119,29050,29,1,16,0.6875,16,0.3333333333333333,15,1,3.5,16,0.8125,1.875,16
Tlaxcala,San Francisco Tetlanohcan,2020,0.647134065628052,11761,5642,6119,29050,29,0,13,0.38461538461538464,13,0.3333333333333333,12,0.6923076923076923,2,13,0.9230769230769232,2.833333333333333,12
Tlaxcala,San Jerónimo Zacualpan,2018,0.463971644639969,4092,1940,2152,29051,29,0,15,0.7333333333333333,15,0.26666666666666666,15,0.8666666666666667,2.466666666666667,15,0.7333333333333333,1.2,15
Tlaxcala,San Jerónimo Zacualpan,2019,0.463431417942047,4092,1940,2152,29051,29,1,20,0.55,20,0.2222222222222222,18,0.85,2.55,20,0.55,1.2,20
Tlaxcala,San Jerónimo Zacualpan,2020,0.451146602630615,4092,1940,2152,29051,29,0,10,0.2,10,0.1,10,1,2.5,10,0.7,1.1,10
Tlaxcala,San Juan Huactzinco,2014,0.425085574388504,7688,3677,4011,29053,29,1.93868233410943,4,0.75,4,0.5,4,1,2.5,4,0.75,1.25,4
Tlaxcala,San Juan Huactzinco,2015,0.45696622133255,7688,3677,4011,29053,29,1,8,0.625,8,0.25,8,1,2.25,8,0.625,0.875,8
Tlaxcala,San Juan Huactzinco,2017,0.42901399731636,7688,3677,4011,29053,29,0,5,0.6,5,0.2,5,1,3.2,5,0.2,0.2,5
Tlaxcala,San Juan Huactzinco,2018,0.438413053750992,7688,3677,4011,29053,29,1,19,0.7894736842105263,19,0.2631578947368421,19,1,3.684210526315789,19,0.7894736842105263,2.789473684210526,19
Tlaxcala,San Juan Huactzinco,2019,0.436471462249756,7688,3677,4011,29053,29,0,17,0.29411764705882354,17,0.3333333333333333,15,0.9411764705882352,2.7058823529411766,17,0.7058823529411765,1.6470588235294117,17
Tlaxcala,San Juan Huactzinco,2020,0.425495743751526,7688,3677,4011,29053,29,1,5,0.75,4,0.4,5,1,2.8,5,0.6,1.2,5
Tlaxcala,San Lorenzo Axocomanitla,2013,0.459472268819809,5689,2767,2922,29054,29,0,8,0.875,8,0.625,8,1,3.625,8,0.625,2,7
Tlaxcala,San Lorenzo Axocomanitla,2014,0.440512150526047,5689,2767,2922,29054,29,0,12,0.5,12,0.4166666666666667,12,0.9166666666666666,2.1666666666666665,12,0.5833333333333334,1,12
Tlaxcala,San Lorenzo Axocomanitla,2015,0.484086006879807,5689,2767,2922,29054,29,2,8,0.25,8,0.375,8,0.875,2.625,8,0.375,1,8
Tlaxcala,San Lorenzo Axocomanitla,2016,0.467492878437042,5689,2767,2922,29054,29,0,19,0.6842105263157895,19,0.4444444444444444,18,0.8421052631578947,2.8947368421052637,19,0.7368421052631579,2.421052631578948,19
Tlaxcala,San Lorenzo Axocomanitla,2017,0.458535343408585,5689,2767,2922,29054,29,1,18,0.4444444444444444,18,0.29411764705882354,17,0.7222222222222222,2.5,18,0.4444444444444444,1.3333333333333337,18
Tlaxcala,San Lorenzo Axocomanitla,2018,0.47354319691658,5689,2767,2922,29054,29,0,29,0.4137931034482759,29,0.034482758620689655,29,0.8275862068965517,2.2758620689655173,29,0.3103448275862069,0.7142857142857142,28
Tlaxcala,San Lorenzo Axocomanitla,2019,0.46420168876648,5689,2767,2922,29054,29,1,18,0.5,18,0.1176470588235294,17,0.7222222222222222,1.9444444444444444,18,0.5555555555555556,1,18
Tlaxcala,San Lorenzo Axocomanitla,2020,0.463223963975906,5689,2767,2922,29054,29,0,14,0.14285714285714285,14,0.14285714285714285,14,0.8571428571428571,3.071428571428572,14,0.7142857142857143,1.2857142857142858,14
Tlaxcala,San Pablo del Monte,2014,0.453497469425201,82688,40802,41886,29025,29,23.2641880093132,4,0.75,4,0,4,1,3,4,0.75,2,4
Tlaxcala,San Pablo del Monte,2015,0.486935436725616,82688,40802,41886,29025,29,21,4,0.5,4,0,4,1,3.5,4,1,2,4
Tlaxcala,San Pablo del Monte,2016,0.485368967056274,82688,40802,41886,29025,29,14,90,0.7333333333333333,90,0.33707865168539325,89,0.9666666666666668,3.844444444444444,90,0.8333333333333334,2.033333333333333,90
Tlaxcala,San Pablo del Monte,2017,0.481593698263168,82688,40802,41886,29025,29,17,101,0.6633663366336634,101,0.3939393939393939,99,0.9603960396039604,3.376237623762376,101,0.7623762376237624,2.1584158415841586,101
Tlaxcala,San Pablo del Monte,2018,0.472249895334244,82688,40802,41886,29025,29,9,54,0.7777777777777778,54,0.4423076923076923,52,1,4.296296296296296,54,0.7407407407407407,1.5555555555555556,54
Tlaxcala,San Pablo del Monte,2019,0.46074253320694,82688,40802,41886,29025,29,6,43,0.4651162790697674,43,0.2558139534883721,43,0.9069767441860463,3.5581395348837206,43,0.8372093023255814,2.186046511627907,43
Tlaxcala,San Pablo del Monte,2020,0.459553152322769,82688,40802,41886,29025,29,13,42,0.5952380952380952,42,0.21428571428571427,42,0.9047619047619048,3,42,0.8095238095238095,1.9761904761904765,42
Tlaxcala,Santa Catarina Ayometla,2017,0.422108709812164,9463,4567,4896,29058,29,3,4,1,4,1,4,1,4.75,4,1,2.75,4
Tlaxcala,Santa Catarina Ayometla,2018,0.419335246086121,9463,4567,4896,29058,29,0,16,0.8125,16,0.4666666666666667,15,1,3.875,16,0.6875,1.75,16
Tlaxcala,Santa Catarina Ayometla,2019,0.42456316947937,9463,4567,4896,29058,29,2,18,0.6111111111111112,18,0.2222222222222222,18,1,3.055555555555556,18,0.6666666666666666,1.1666666666666663,18
Tlaxcala,Santa Catarina Ayometla,2020,0.410930395126343,9463,4567,4896,29058,29,0,13,0.4615384615384616,13,0.15384615384615383,13,1,2.6153846153846154,13,0.6923076923076923,1.3333333333333333,12
Tlaxcala,Santa Cruz Tlaxcala,2013,0.430997222661972,24116,11602,12514,29026,29,4.84670583527357,4,0.75,4,0.25,4,1,4.25,4,1,2.25,4
Tlaxcala,Santa Cruz Tlaxcala,2014,0.435318201780319,24116,11602,12514,29026,29,4.84670583527357,4,1,4,0.25,4,1,3.5,4,0.75,1.75,4
Tlaxcala,Santa Cruz Tlaxcala,2016,0.434252619743347,24116,11602,12514,29026,29,3,32,0.53125,32,0.2258064516129032,31,0.75,2.03125,32,0.59375,1.40625,32
Tlaxcala,Santa Cruz Tlaxcala,2017,0.424215406179428,24116,11602,12514,29026,29,2,39,0.3076923076923077,39,0.2307692307692308,39,0.97435897435897445,2.3076923076923075,39,0.6666666666666666,1.7179487179487178,39
Tlaxcala,Santa Cruz Tlaxcala,2018,0.435443311929703,24116,11602,12514,29026,29,1,13,0.38461538461538464,13,0.2307692307692308,13,0.6153846153846154,1.9230769230769231,13,0.6923076923076923,1.6923076923076923,13
Tlaxcala,Santa Isabel Xiloxoxtla,2019,0.410524249076843,5443,2657,2786,29060,29,0,20,0.1,20,0,20,0.85,1.5,20,0.5,0.9,20
Tlaxcala,Santa Isabel Xiloxoxtla,2020,0.408087462186813,5443,2657,2786,29060,29,0,13,0.3076923076923077,13,0.07692307692307693,13,0.8461538461538461,1.923076923076923,13,0.3076923076923077,0.9090909090909092,11
Tlaxcala,Teolocholco,2013,0.544051229953766,25257,12376,12881,29028,29,7.75472933643772,4,0.5,4,0.5,4,0.75,2.25,4,0.75,2.25,4
Tlaxcala,Teolocholco,2014,0.553536713123322,25257,12376,12881,29028,29,4.84670583527357,4,0.6666666666666666,3,0,3,1,2.5,4,0.5,2,4
Tlaxcala,Teolocholco,2015,0.58907163143158,25257,12376,12881,29028,29,1,8,0.625,8,0.2857142857142857,7,0.75,2.125,8,0.5,0.625,8
Tlaxcala,Tepeyanco,2014,0.431103199720383,13328,6358,6970,29029,29,0.969341167054715,4,0.25,4,0.25,4,0.75,2,4,0.5,1,4
Tlaxcala,Tepeyanco,2015,0.45469605922699,13328,6358,6970,29029,29,1,8,0.875,8,0.25,8,0.875,3.375,8,0.875,2,8
Tlaxcala,Tepeyanco,2016,0.444939523935318,13328,6358,6970,29029,29,1,19,0.8947368421052632,19,0.47368421052631576,19,0.9473684210526316,3.736842105263158,19,0.5789473684210527,2.0526315789473686,19
Tlaxcala,Tepeyanco,2017,0.437543839216232,13328,6358,6970,29029,29,0,19,0.5263157894736842,19,0.5263157894736842,19,0.7894736842105263,2.631578947368421,19,0.5789473684210527,1.3157894736842106,19
Tlaxcala,Tepeyanco,2018,0.441073268651962,13328,6358,6970,29029,29,4,10,0.3,10,0.2,10,0.8,1.6,10,0.6,2.1,10
Tlaxcala,Tetla de la Solidaridad,2013,0.415885180234909,35284,17253,18031,29031,29,7.75472933643772,3,0.6666666666666666,3,1,3,1,3.6666666666666665,3,0.6666666666666666,1.6666666666666663,3
Tlaxcala,Tetla de la Solidaridad,2016,0.426451712846756,35284,17253,18031,29031,29,11,19,0.47368421052631576,19,0.5789473684210527,19,1,3.473684210526316,19,0.7368421052631579,1.1578947368421053,19
Tlaxcala,Tetla de la Solidaridad,2017,0.418409526348114,35284,17253,18031,29031,29,14,28,0.42857142857142855,28,0.42857142857142855,28,0.9285714285714286,3.392857142857143,28,0.6428571428571429,1.25,28
Tlaxcala,Tetla de la Solidaridad,2018,0.437730431556702,35284,17253,18031,29031,29,7,60,0.55,60,0.3728813559322034,59,0.95,3.3833333333333333,60,0.8666666666666667,2.1333333333333333,60
Tlaxcala,Tetla de la Solidaridad,2019,0.431064903736115,35284,17253,18031,29031,29,6,96,0.7083333333333334,96,0.35789473684210527,95,0.8333333333333334,3.572916666666667,96,0.7395833333333334,2.177083333333333,96
Tlaxcala,Tetla de la Solidaridad,2020,0.397002846002579,35284,17253,18031,29031,29,2,69,0.6376811594202898,69,0.3235294117647059,68,0.8985507246376812,2.9275362318840576,69,0.7246376811594203,1.797101449275362,69
Tlaxcala,Tetlatlahuca,2016,0.545590877532959,13561,6521,7040,29032,29,5,18,0.5882352941176471,17,0.3333333333333333,18,1,4.166666666666667,18,0.8333333333333334,2.2222222222222223,18
Tlaxcala,Tetlatlahuca,2017,0.534334242343903,13561,6521,7040,29032,29,2,20,0.55,20,0.4,20,1,4,20,0.5,1,20
Tlaxcala,Tetlatlahuca,2018,0.547944009304047,13561,6521,7040,29032,29,3,20,0.65,20,0.45,20,0.9,3.2,20,0.7,1.85,20
Tlaxcala,Tlaxcala,2013,0.411242544651031,99896,47252,52644,29033,29,56.2217876891735,13,0.6923076923076923,13,0.3076923076923077,13,0.9230769230769232,3.3076923076923075,13,0.6923076923076923,1.8461538461538465,13
Tlaxcala,Tlaxcala,2014,0.414011478424072,99896,47252,52644,29033,29,26.1722115104773,22,0.5454545454545454,22,0.2727272727272727,22,0.8636363636363636,2.409090909090909,22,0.7272727272727273,1.863636363636364,22
Tlaxcala,Tlaxcala,2015,0.426898539066315,99896,47252,52644,29033,29,22,27,0.5925925925925926,27,0.2962962962962963,27,0.8518518518518519,1.962962962962963,27,0.8518518518518519,1.8888888888888888,27
Tlaxcala,Tlaxcala,2016,0.411269307136536,99896,47252,52644,29033,29,36,199,0.6381909547738693,199,0.3469387755102041,196,0.864321608040201,2.577889447236181,199,0.678391959798995,1.6984924623115578,199
Tlaxcala,Tlaxcala,2017,0.4161137342453,99896,47252,52644,29033,29,19,183,0.585635359116022,181,0.3944444444444444,180,0.912568306010929,2.863387978142076,183,0.6284153005464481,1.491803278688524,183
Tlaxcala,Tlaxcala,2018,0.413465738296509,99896,47252,52644,29033,29,14,138,0.6086956521739131,138,0.3283582089552239,134,0.9202898550724636,3.057971014492753,138,0.7463768115942029,1.7826086956521738,138
Tlaxcala,Tlaxcala,2019,0.409336626529694,99896,47252,52644,29033,29,16,187,0.5567567567567567,185,0.35135135135135137,185,0.8770053475935828,2.774193548387097,186,0.7058823529411765,1.8128342245989304,187
Tlaxcala,Tlaxcala,2020,0.402794003486633,99896,47252,52644,29033,29,10,155,0.567741935483871,155,0.4805194805194805,154,0.832258064516129,2.767741935483871,155,0.6709677419354839,1.6821192052980132,151
Tlaxcala,Tocatlán,2016,0.411801606416702,6294,3119,3175,29035,29,2,17,0.8823529411764706,17,0.29411764705882354,17,0.8235294117647058,1.7647058823529411,17,0.35294117647058826,0.9411764705882352,17
Tlaxcala,Tocatlán,2017,0.406955897808075,6294,3119,3175,29035,29,2,17,0.29411764705882354,17,0.25,16,0.9411764705882352,2.764705882352941,17,0.5882352941176471,1.176470588235294,17
Tlaxcala,Tocatlán,2018,0.41127336025238,6294,3119,3175,29035,29,1,17,0.4117647058823529,17,0.29411764705882354,17,0.8823529411764706,2.588235294117647,17,0.5882352941176471,1.2352941176470589,17
Tlaxcala,Tocatlán,2019,0.411131352186203,6294,3119,3175,29035,29,0,17,0.4705882352941176,17,0.1176470588235294,17,0.9411764705882352,3.411764705882353,17,0.6470588235294118,1.4117647058823528,17
Tlaxcala,Tocatlán,2020,0.398900330066681,6294,3119,3175,29035,29,1,15,0.26666666666666666,15,0.2,15,0.8,1.9333333333333331,15,0.4666666666666667,0.9333333333333332,15
Tlaxcala,Totolac,2014,0.488255441188812,22529,10728,11801,29036,29,3.87736466821886,4,0,4,0.25,4,0.75,1,4,0.75,1,4
Tlaxcala,Totolac,2015,0.504106879234314,22529,10728,11801,29036,29,2,3,0,3,0,3,1,1,3,0.6666666666666666,1,3
Tlaxcala,Totolac,2020,0.475926846265793,22529,10728,11801,29036,29,0,10,0.4,10,0.6,10,1,3.2,10,0.5,1.5,10
Tlaxcala,Tzompantepec,2017,0.40884456038475,18006,8736,9270,29038,29,13,12,0.75,12,0.25,12,0.9166666666666666,4.666666666666667,12,0.9166666666666666,3,12
Tlaxcala,Tzompantepec,2018,0.423926115036011,18006,8736,9270,29038,29,7,8,1,8,0.25,8,0.875,4.625,8,1,3.625,8
Tlaxcala,Xaloztoc,2015,0.415901660919189,25607,12746,12861,29039,29,9,8,0.625,8,0.5714285714285714,7,1,3.125,8,0.75,1.5,8
Tlaxcala,Xaloztoc,2016,0.399170875549316,25607,12746,12861,29039,29,6,15,0.6,15,0.13333333333333333,15,0.8,2.4,15,0.8,1.3333333333333333,15
Tlaxcala,Xaloztoc,2017,0.380674719810486,25607,12746,12861,29039,29,4,19,0.6842105263157895,19,0.3157894736842105,19,0.9473684210526316,4,19,0.9473684210526316,2.421052631578948,19
Tlaxcala,Xaloztoc,2018,0.396275609731674,25607,12746,12861,29039,29,0,10,0.9,10,0.2,10,1,3.9,10,0.9,3.2,10
Tlaxcala,Xaloztoc,2019,0.389885663986206,25607,12746,12861,29039,29,4,30,0.6206896551724138,29,0.3448275862068966,29,0.8666666666666667,2.7333333333333334,30,0.7666666666666667,1.9333333333333331,30
Tlaxcala,Xaloztoc,2020,0.371705621480942,25607,12746,12861,29039,29,0,28,0.4642857142857143,28,0.32142857142857145,28,0.7857142857142857,2.071428571428572,28,0.4642857142857143,1.1851851851851851,27
Tlaxcala,Xicohtzinco,2016,0.45879527926445,14197,6762,7435,29042,29,4,18,0.3888888888888889,18,0.3333333333333333,15,0.8888888888888888,2.7222222222222223,18,0.6666666666666666,1.6111111111111112,18
Tlaxcala,Xicohtzinco,2017,0.444483280181885,14197,6762,7435,29042,29,1,19,0.7222222222222222,18,0.3888888888888889,18,1,4.2105263157894735,19,0.6842105263157895,2.105263157894737,19
Tlaxcala,Xicohtzinco,2018,0.457023620605469,14197,6762,7435,29042,29,1,15,0.9333333333333332,15,0.6666666666666666,15,1,4.6,15,0.9333333333333332,2.533333333333333,15
Tlaxcala,Yauhquemehcan,2013,0.419013142585754,42242,20388,21854,29043,29,12.6014351717113,7,0.5714285714285714,7,0.42857142857142855,7,1,3.4285714285714284,7,0.7142857142857143,2.1666666666666665,6
Tlaxcala,Yauhquemehcan,2014,0.436771214008331,42242,20388,21854,29043,29,16.4787998399302,9,0.4444444444444444,9,0.5555555555555556,9,1,2.888888888888889,9,0.8888888888888888,1.5555555555555556,9
Tlaxcala,Yauhquemehcan,2015,0.454390525817871,42242,20388,21854,29043,29,6,6,0.3333333333333333,6,0.16666666666666666,6,1,2.333333333333333,6,0.5,0.8333333333333333,6
Tlaxcala,Yauhquemehcan,2016,0.422454327344894,42242,20388,21854,29043,29,8,50,0.7,50,0.06,50,0.9,3.02,50,0.72,1.92,50
Tlaxcala,Yauhquemehcan,2017,0.424056172370911,42242,20388,21854,29043,29,11,52,0.5576923076923077,52,0.26,50,0.8846153846153846,3.230769230769231,52,0.6730769230769231,1.7115384615384617,52
Tlaxcala,Yauhquemehcan,2018,0.437966406345367,42242,20388,21854,29043,29,12,62,0.5,62,0.2903225806451613,62,0.8225806451612904,2.967741935483871,62,0.7258064516129032,1.8870967741935485,62
Tlaxcala,Yauhquemehcan,2019,0.433538317680359,42242,20388,21854,29043,29,3,35,0.8,35,0.3142857142857143,35,0.9428571428571428,3.942857142857143,35,0.8,2.2285714285714286,35
Tlaxcala,Yauhquemehcan,2020,0.425751179456711,42242,20388,21854,29043,29,3,24,0.5,24,0.5,24,0.7916666666666666,2.333333333333333,24,0.625,1.5416666666666667,24
Tlaxcala,Zacatelco,2013,0.484233886003494,45717,21940,23777,29044,29,10.6627528376019,4,0,4,0,4,1,2.25,4,0.5,1.25,4
Tlaxcala,Zacatelco,2016,0.496470779180527,45717,21940,23777,29044,29,6,65,0.53125,64,0.3809523809523809,63,0.8769230769230769,2.907692307692308,65,0.676923076923077,1.640625,64
Tlaxcala,Zacatelco,2017,0.486343860626221,45717,21940,23777,29044,29,5,76,0.6710526315789473,76,0.38028169014084506,71,0.9210526315789472,3.3684210526315788,76,0.5131578947368421,1.144736842105263,76
Tlaxcala,Zacatelco,2018,0.504281342029572,45717,21940,23777,29044,29,8,105,0.6857142857142857,105,0.2980769230769231,104,0.8571428571428571,3.342857142857143,105,0.780952380952381,2.0285714285714285,105
Tlaxcala,Zacatelco,2019,0.491507172584534,45717,21940,23777,29044,29,3,124,0.717741935483871,124,0.45132743362831856,113,0.9112903225806452,3.2338709677419355,124,0.7661290322580645,1.7661290322580647,124
Tlaxcala,Zacatelco,2020,0.487685412168503,45717,21940,23777,29044,29,7,99,0.6632653061224489,98,0.23404255319148937,94,0.9595959595959596,3.575757575757576,99,0.696969696969697,1.6734693877551023,98
Veracruz,Benito Juárez,2013,0.758644580841064,434153,202121,232032,9014,09,55.2524465221187,46,0.3695652173913043,46,0.11363636363636365,44,0.5869565217391305,1.0869565217391304,46,0.717391304347826,1.1521739130434785,46
Veracruz,Benito Juárez,2013,0.758644580841064,911503,459325,452178,23005,23,347.993478972643,74,0.7567567567567568,74,0.35135135135135137,74,0.8648648648648649,3.2837837837837838,74,0.8108108108108109,2.0135135135135136,74
Veracruz,Benito Juárez,2014,0.774608612060547,434153,202121,232032,9014,09,68.8232228608847,67,0.3582089552238806,67,0.14925373134328357,67,0.6119402985074627,1.1044776119402986,67,0.8059701492537313,1.373134328358209,67
Veracruz,Benito Juárez,2014,0.774608612060547,911503,459325,452178,23005,23,280.139597278813,163,0.7852760736196319,163,0.2822085889570552,163,0.901840490797546,3.282208588957056,163,0.8650306748466258,2.441717791411043,163
Veracruz,Benito Juárez,2015,0.754354357719421,434153,202121,232032,9014,09,58,68,0.2058823529411765,68,0.014705882352941176,68,0.6617647058823529,0.9705882352941176,68,0.6617647058823529,0.9558823529411764,68
Veracruz,Benito Juárez,2015,0.754354357719421,911503,459325,452178,23005,23,355,155,0.7354838709677419,155,0.27741935483870966,155,0.8387096774193549,3.012903225806452,155,0.7870967741935484,2.064516129032259,155
Veracruz,Benito Juárez,2016,0.769538521766663,434153,202121,232032,9014,09,59,224,0.6696428571428571,224,0.2825112107623318,223,0.7901785714285714,1.870535714285714,224,0.6517857142857143,1.294642857142858,224
Veracruz,Benito Juárez,2016,0.769538521766663,911503,459325,452178,23005,23,128,987,0.6968463886063072,983,0.3357972544878564,947,0.8226950354609929,2.4726166328600403,986,0.7436676798378926,1.7525354969574023,986
Veracruz,Benito Juárez,2017,0.766678512096405,434153,202121,232032,9014,09,72,265,0.8452830188679246,265,0.4204545454545455,264,0.8226415094339623,2.064150943396226,265,0.7811320754716982,1.6226415094339626,265
Veracruz,Benito Juárez,2017,0.766678512096405,911503,459325,452178,23005,23,287,1024,0.8388671875,1024,0.4877089478859391,1017,0.837890625,2.793743890518084,1023,0.7734375,2.00293542074364,1022
Veracruz,Benito Juárez,2018,0.771286964416504,434153,202121,232032,9014,09,49,405,0.7400990099009901,404,0.24875621890547264,402,0.854320987654321,2.3777777777777778,405,0.782716049382716,1.5990099009900995,404
Veracruz,Benito Juárez,2018,0.771286964416504,911503,459325,452178,23005,23,591,1018,0.9163385826771654,1016,0.44144144144144143,999,0.8860510805500982,3.236971484759096,1017,0.7799607072691552,2.163951120162932,982
Veracruz,Benito Juárez,2019,0.755567371845245,434153,202121,232032,9014,09,39,634,0.5499207606973059,631,0.266025641025641,624,0.8186119873817035,2.1451104100946368,634,0.7854889589905363,1.568720379146919,633
Veracruz,Benito Juárez,2019,0.755567371845245,911503,459325,452178,23005,23,777,1009,0.9055666003976144,1006,0.3522954091816367,1002,0.8414271555996036,2.842418235877106,1009,0.7383548067393458,1.774801587301588,1008
Veracruz,Benito Juárez,2020,0.78437066078186,434153,202121,232032,9014,09,67,762,0.40813648293963256,762,0.3386034255599473,759,0.7454068241469817,1.7003942181340346,761,0.6666666666666666,1.3298291721419189,761
Veracruz,Benito Juárez,2020,0.78437066078186,911503,459325,452178,23005,23,644,750,0.8462566844919787,748,0.4059139784946236,744,0.8093333333333333,2.5700934579439245,749,0.7386666666666667,1.8857526881720437,744
Veracruz,Boca del Río,2013,0.433823615312576,144550,67985,76565,30028,30,43.6203525174622,15,0.8,15,0.3333333333333333,15,0.8666666666666667,2.2,15,0.7333333333333333,2.2666666666666666,15
Veracruz,Boca del Río,2014,0.419570982456207,144550,67985,76565,30028,30,24.2335291763679,25,0.72,25,0.24,25,0.84,2.4,25,0.76,2.12,25
Veracruz,Boca del Río,2015,0.429181814193726,144550,67985,76565,30028,30,19,20,0.85,20,0.3,20,0.85,2.3,20,0.8,1.95,20
Veracruz,Boca del Río,2016,0.420211106538773,144550,67985,76565,30028,30,35,243,0.8215767634854771,241,0.3319327731092437,238,0.8353909465020576,2.440329218106996,243,0.7695473251028807,1.8888888888888888,243
Veracruz,Boca del Río,2017,0.459672033786774,144550,67985,76565,30028,30,35,245,0.7983539094650206,243,0.25416666666666665,240,0.7387755102040816,1.897959183673469,245,0.6979591836734694,1.6473029045643153,241
Veracruz,Boca del Río,2018,0.43430170416832,144550,67985,76565,30028,30,29,246,0.7276422764227642,246,0.2122448979591837,245,0.7073170731707317,1.7520325203252038,246,0.6382113821138211,1.3142857142857145,245
Veracruz,Boca del Río,2019,0.417161583900452,144550,67985,76565,30028,30,25,241,0.65,240,0.18487394957983197,238,0.7136929460580913,1.593360995850622,241,0.6804979253112033,1.5062240663900424,241
Veracruz,Boca del Río,2020,0.427654892206192,144550,67985,76565,30028,30,28,207,0.558252427184466,206,0.30392156862745096,204,0.5507246376811594,1.0772946859903378,207,0.5169082125603864,1.1159420289855069,207
Veracruz,Coatzacoalcos,2016,0.588646471500397,310698,149139,161559,30039,30,82,715,0.9256661991584852,713,0.4245014245014245,702,0.8657342657342657,2.763636363636362,715,0.8573426573426574,2.2867132867132867,715
Veracruz,Coatzacoalcos,2017,0.628178775310516,310698,149139,161559,30039,30,166,1006,0.9312749003984064,1004,0.4914914914914915,999,0.820079522862823,2.710735586481113,1006,0.8876739562624254,2.5329999999999995,1000
Veracruz,Coatzacoalcos,2018,0.604561269283295,310698,149139,161559,30039,30,195,950,0.9315789473684212,950,0.3252118644067797,944,0.8421052631578947,2.728421052631579,950,0.8831578947368421,2.474522292993629,942
Veracruz,Coatzacoalcos,2019,0.627987921237946,310698,149139,161559,30039,30,141,930,0.9301075268817204,930,0.2818574514038877,926,0.821505376344086,2.5791173304628625,929,0.8881720430107527,2.526429341963323,927
Veracruz,Coatzacoalcos,2020,0.644779086112976,310698,149139,161559,30039,30,93,701,0.9098712446351932,699,0.3242467718794835,697,0.776034236804565,2.262482168330956,701,0.8231098430813124,1.9857142857142855,700
Veracruz,Cosoleacaque,2016,0.648554146289825,130903,62157,68746,30048,30,29,13,0.6923076923076923,13,0.38461538461538464,13,0.8461538461538461,1.6923076923076923,13,0.6923076923076923,1.6923076923076923,13
Veracruz,Cosoleacaque,2017,0.677169680595398,130903,62157,68746,30048,30,71,14,0.7142857142857143,14,0.35714285714285715,14,0.9285714285714286,3.071428571428572,14,0.8571428571428571,2.5,14
Veracruz,Cosoleacaque,2018,0.653952062129974,130903,62157,68746,30048,30,72,14,0.7857142857142857,14,0.35714285714285715,14,0.7857142857142857,2.714285714285714,14,0.8571428571428571,2.4285714285714284,14
Veracruz,Cosoleacaque,2019,0.686634004116058,130903,62157,68746,30048,30,59,18,1,18,0.05555555555555555,18,0.8333333333333334,2.111111111111111,18,0.8888888888888888,2.611111111111111,18
Veracruz,Cosoleacaque,2020,0.699837684631348,130903,62157,68746,30048,30,48,13,0.9230769230769232,13,0.07692307692307693,13,0.6923076923076923,2,13,0.7692307692307693,1.923076923076923,13
Veracruz,Emiliano Zapata,2013,0.669647037982941,107053,52008,55045,17008,17,39.7429878492433,5,1,5,0.4,5,0.8,2.6,5,1,2.8,5
Veracruz,Emiliano Zapata,2014,0.678968727588654,107053,52008,55045,17008,17,26.1722115104773,9,1,9,0.4444444444444444,9,1,4.555555555555555,9,0.7777777777777778,2.4444444444444446,9
Veracruz,Emiliano Zapata,2015,0.694723188877106,107053,52008,55045,17008,17,23,19,1,19,0.47368421052631576,19,0.8421052631578947,4.052631578947368,19,0.8947368421052632,2.105263157894737,19
Veracruz,Emiliano Zapata,2016,0.665797889232635,107053,52008,55045,17008,17,31,142,0.8581560283687943,141,0.3642857142857143,140,0.8873239436619719,3.204225352112676,142,0.8802816901408451,2.4255319148936167,141
Veracruz,Emiliano Zapata,2017,0.674623548984528,107053,52008,55045,17008,17,31,166,0.6727272727272727,165,0.3109756097560976,164,0.9397590361445785,3.150602409638554,166,0.7168674698795181,1.7349397590361444,166
Veracruz,Emiliano Zapata,2018,0.661813914775848,107053,52008,55045,17008,17,41,141,0.7785714285714286,140,0.4676258992805755,139,0.9219858156028368,3.2928571428571427,140,0.475177304964539,1.1276595744680864,141
Veracruz,Emiliano Zapata,2019,0.630798935890198,107053,52008,55045,17008,17,63,151,0.8145695364238411,151,0.5266666666666666,150,0.9403973509933776,3.4569536423841054,151,0.6556291390728477,1.4569536423841056,151
Veracruz,Emiliano Zapata,2020,0.659655332565308,107053,52008,55045,17008,17,63,93,0.8478260869565217,92,0.4946236559139785,93,0.8602150537634409,3.096774193548387,93,0.6451612903225806,1.5376344086021505,93
Veracruz,Nogales,2016,0.707508862018585,264782,132260,132522,26043,26,71,269,0.5597014925373134,268,0.30970149253731344,268,0.7881040892193308,2.408921933085502,269,0.5315985130111525,1.0334572490706315,269
Veracruz,Nogales,2017,0.698018491268158,264782,132260,132522,26043,26,83,1057,0.597918637653737,1057,0.28776290630975143,1046,0.7805108798486282,2.5023651844843897,1057,0.6054872280037843,1.286660359508042,1057
Veracruz,Nogales,2018,0.703293800354004,264782,132260,132522,26043,26,80,1066,0.6375586854460094,1065,0.2033898305084746,1062,0.7851782363977486,2.4793621013133214,1066,0.6069418386491557,1.243421052631579,1064
Veracruz,Nogales,2019,0.68715763092041,264782,132260,132522,26043,26,95,1070,0.4878504672897197,1070,0.18878504672897195,1070,0.7934579439252336,2.266355140186915,1070,0.5635514018691589,1.086997193638913,1069
Veracruz,Nogales,2020,0.690973520278931,264782,132260,132522,26043,26,121,814,0.5343980343980343,814,0.22140221402214025,813,0.8194103194103194,2.141277641277642,814,0.5663390663390664,1.0602706027060274,813
Veracruz,Pueblo Viejo,2013,0.43656200170517,57909,28756,29153,30133,30,13.570776338766,4,1,4,0,4,1,2,4,0.25,0.5,4
Veracruz,Pueblo Viejo,2014,0.471583336591721,57909,28756,29153,30133,30,5.81604700232829,4,1,4,0,4,1,5,4,0,0,4
Veracruz,Pueblo Viejo,2016,0.459924519062042,57909,28756,29153,30133,30,16,83,0.4578313253012048,83,0.21686746987951808,83,0.6506024096385542,1.650602409638554,83,0.5662650602409639,1.2195121951219514,82
Veracruz,Pueblo Viejo,2017,0.482166737318039,57909,28756,29153,30133,30,9,88,0.3863636363636364,88,0.19540229885057472,87,0.5909090909090909,1.6363636363636362,88,0.3409090909090909,0.9431818181818182,88
Veracruz,Pueblo Viejo,2018,0.447719275951385,57909,28756,29153,30133,30,0,86,0.36046511627906974,86,0.08333333333333333,84,0.6395348837209303,1.8023255813953485,86,0.5348837209302325,1.388235294117647,85
Veracruz,Pueblo Viejo,2019,0.450432538986206,57909,28756,29153,30133,30,6,86,0.4767441860465117,86,0.08235294117647059,85,0.6395348837209303,1.6744186046511629,86,0.4418604651162791,0.976470588235294,85
Veracruz,Pueblo Viejo,2020,0.487079232931137,57909,28756,29153,30133,30,6,54,0.24074074074074076,54,0.2037037037037037,54,0.5740740740740741,0.925925925925926,54,0.2777777777777778,0.5740740740740741,54
Veracruz,Pánuco,2020,0.561969101428986,96185,47219,48966,30123,30,35,15,0.4,15,0.2,15,0.6666666666666666,1.5333333333333334,15,0.26666666666666666,0.6666666666666667,15
Veracruz,Veracruz,2013,0.498564720153809,607209,287664,319545,30193,30,208.408350916764,55,0.8181818181818182,55,0.2727272727272727,55,0.8545454545454545,2.581818181818182,55,0.8909090909090909,2.2363636363636363,55
Veracruz,Veracruz,2014,0.493199437856674,607209,287664,319545,30193,30,86.2713638678696,149,0.8053691275167785,149,0.22818791946308725,149,0.8926174496644296,2.8322147651006717,149,0.8590604026845637,2.187919463087249,149
Veracruz,Veracruz,2015,0.502659738063812,607209,287664,319545,30193,30,71,131,0.8931297709923665,131,0.2824427480916031,131,0.8931297709923665,3.053435114503817,131,0.8549618320610687,2.0763358778625958,131
Veracruz,Veracruz,2016,0.492450296878815,607209,287664,319545,30193,30,118,626,0.8752,625,0.32231404958677684,605,0.8338658146964856,2.532799999999999,625,0.8083067092651757,1.9984000000000004,625
Veracruz,Veracruz,2017,0.538695991039276,607209,287664,319545,30193,30,215,715,0.8384831460674157,712,0.270687237026648,713,0.8041958041958042,2.4307692307692315,715,0.8,1.9579831932773124,714
Veracruz,Veracruz,2018,0.51575118303299,607209,287664,319545,30193,30,237,726,0.7741046831955923,726,0.21568627450980396,714,0.7272727272727273,1.9586776859504136,726,0.709366391184573,1.6115702479338847,726
Veracruz,Veracruz,2019,0.481526464223862,607209,287664,319545,30193,30,198,732,0.7551299589603283,731,0.32044198895027626,724,0.73224043715847,1.8032786885245904,732,0.6065573770491803,1.3155006858710554,729
Veracruz,Veracruz,2020,0.500349342823029,607209,287664,319545,30193,30,133,557,0.6985559566787004,554,0.302536231884058,552,0.7109515260323159,1.696588868940754,557,0.4703770197486535,0.9637681159420294,552
Yucatán,Kanasín,2014,0.632037401199341,141939,70412,71527,31041,31,12.6014351717113,3,1,3,0.3333333333333333,3,1,4,3,1,3.333333333333333,3
Yucatán,Kanasín,2015,0.584962248802185,141939,70412,71527,31041,31,8,19,0.6842105263157895,19,0.2631578947368421,19,0.9473684210526316,3.3157894736842106,19,0.8421052631578947,2.1052631578947367,19
Yucatán,Kanasín,2016,0.570451080799103,141939,70412,71527,31041,31,14,82,0.6707317073170732,82,0.3375,80,0.8658536585365854,2.5121951219512195,82,0.4878048780487805,1.0609756097560976,82
Yucatán,Kanasín,2017,0.576138615608215,141939,70412,71527,31041,31,14,83,0.7710843373493976,83,0.20481927710843373,83,0.8433734939759037,2.5903614457831323,83,0.42168674698795183,1.0120481927710845,83
Yucatán,Kanasín,2018,0.590303599834442,141939,70412,71527,31041,31,12,72,0.6388888888888888,72,0.20833333333333331,72,0.8611111111111112,2.513888888888889,72,0.4444444444444444,0.9444444444444442,72
Yucatán,Kanasín,2019,0.590044319629669,141939,70412,71527,31041,31,10,58,0.4482758620689655,58,0.17543859649122806,57,0.7931034482758621,2.0689655172413794,58,0.3275862068965517,0.5689655172413796,58
Yucatán,Kanasín,2020,0.597662687301636,141939,70412,71527,31041,31,13,26,0.4615384615384616,26,0.38461538461538464,26,0.7692307692307693,1.5384615384615383,26,0.38461538461538464,0.7307692307692307,26
Yucatán,Mérida,2013,0.607509791851044,995129,479369,515760,31050,31,59.1298111903376,76,0.3026315789473684,76,0.14473684210526316,76,0.631578947368421,1.5394736842105263,76,0.5263157894736842,1,76
Yucatán,Mérida,2014,0.6396803855896,995129,479369,515760,31050,31,43.6203525174622,146,0.2534246575342466,146,0.18493150684931503,146,0.7602739726027398,1.5821917808219177,146,0.7191780821917808,1.1917808219178083,146
Yucatán,Mérida,2015,0.584114253520966,995129,479369,515760,31050,31,42,136,0.14705882352941177,136,0.1865671641791045,134,0.8088235294117647,1.691176470588235,136,0.6544117647058824,1.1323529411764706,136
Yucatán,Mérida,2016,0.575793147087097,995129,479369,515760,31050,31,33,838,0.3221957040572792,838,0.33652694610778444,835,0.6801909307875895,1.7756563245823398,838,0.2541766109785203,0.417661097852028,838
Yucatán,Mérida,2017,0.593564033508301,995129,479369,515760,31050,31,26,854,0.25526932084309134,854,0.284037558685446,852,0.6522248243559718,1.5620608899297423,854,0.24824355971896955,0.3934426229508196,854
Yucatán,Mérida,2018,0.587023913860321,995129,479369,515760,31050,31,35,874,0.28832951945080093,874,0.23990772779700115,867,0.6498855835240275,1.6430205949656749,874,0.36155606407322655,0.6735395189003444,873
Yucatán,Mérida,2019,0.600286066532135,995129,479369,515760,31050,31,49,862,0.2476744186046512,860,0.2459016393442623,854,0.6148491879350348,1.434378629500581,861,0.33178654292343385,0.626744186046514,860
Yucatán,Mérida,2020,0.593162775039673,995129,479369,515760,31050,31,66,643,0.2130637636080871,643,0.3115264797507788,642,0.5381026438569206,1.1057542768273718,643,0.3001555209953344,0.537383177570094,642
Yucatán,Progreso,2013,0.55248373746872,66008,32979,33029,31059,31,2.90802350116414,4,0.25,4,0.25,4,1,2.75,4,0,0,4
Yucatán,Progreso,2014,0.578610718250275,66008,32979,33029,31059,31,1.93868233410943,5,0.4,5,0,5,1,1.8,5,0.8,1.2,5
Yucatán,Progreso,2016,0.536656975746155,66008,32979,33029,31059,31,12,51,0.5294117647058824,51,0.5294117647058824,51,0.8823529411764706,2.2745098039215685,51,0.3137254901960784,0.4117647058823529,51
Yucatán,Progreso,2017,0.550914168357849,66008,32979,33029,31059,31,4,60,0.4166666666666667,60,0.5833333333333334,60,0.9333333333333332,2.583333333333333,60,0.3333333333333333,0.8166666666666668,60
Yucatán,Progreso,2018,0.521578669548035,66008,32979,33029,31059,31,6,57,0.3859649122807017,57,0.22807017543859648,57,0.8070175438596491,2.210526315789473,57,0.45614035087719296,0.736842105263158,57
Yucatán,Progreso,2019,0.537018179893494,66008,32979,33029,31059,31,7,69,0.30434782608695654,69,0.2753623188405797,69,0.6811594202898551,1.7246376811594204,69,0.43478260869565216,0.9565217391304348,69
Yucatán,Progreso,2020,0.55606734752655,66008,32979,33029,31059,31,4,79,0.4430379746835443,79,0.2987012987012987,77,0.7215189873417721,2.151898734177215,79,0.6075949367088608,1.2820512820512822,78
Yucatán,Umán,2013,0.661110639572144,69147,34422,34725,31101,31,2.90802350116414,4,0.5,4,0,4,1,2,4,0.75,1,4
Yucatán,Umán,2014,0.726250886917114,69147,34422,34725,31101,31,5.81604700232829,4,0.5,4,0.5,4,1,3.75,4,0.75,1,4
Yucatán,Umán,2015,0.690870583057404,69147,34422,34725,31101,31,3,4,0.5,4,0.5,4,1,3.75,4,0.5,1.75,4
Yucatán,Umán,2016,0.701176643371582,69147,34422,34725,31101,31,7,56,0.5357142857142857,56,0.2857142857142857,56,0.9107142857142856,3.625,56,0.3928571428571429,0.7321428571428571,56
Yucatán,Umán,2017,0.699760377407074,69147,34422,34725,31101,31,4,54,0.35185185185185186,54,0.24074074074074076,54,0.8703703703703703,2.7222222222222223,54,0.2962962962962963,0.6296296296296295,54
Yucatán,Umán,2018,0.691708147525787,69147,34422,34725,31101,31,3,61,0.47540983606557374,61,0.4262295081967213,61,0.918032786885246,3.2459016393442623,61,0.45901639344262296,0.983606557377049,61
Yucatán,Umán,2019,0.723076343536377,69147,34422,34725,31101,31,7,70,0.4142857142857143,70,0.3142857142857143,70,0.8142857142857143,2.271428571428572,70,0.2714285714285714,0.5857142857142857,70
Yucatán,Umán,2020,0.69152021408081,69147,34422,34725,31101,31,4,42,0.3333333333333333,42,0.3809523809523809,42,0.5952380952380952,1.380952380952381,42,0.14285714285714285,0.3571428571428571,42
Zacatecas,Benito Juárez,2013,0.452886313199997,434153,202121,232032,9014,09,55.2524465221187,46,0.3695652173913043,46,0.11363636363636365,44,0.5869565217391305,1.0869565217391304,46,0.717391304347826,1.1521739130434785,46
Zacatecas,Benito Juárez,2013,0.452886313199997,911503,459325,452178,23005,23,347.993478972643,74,0.7567567567567568,74,0.35135135135135137,74,0.8648648648648649,3.2837837837837838,74,0.8108108108108109,2.0135135135135136,74
Zacatecas,Benito Juárez,2014,0.496737957000732,434153,202121,232032,9014,09,68.8232228608847,67,0.3582089552238806,67,0.14925373134328357,67,0.6119402985074627,1.1044776119402986,67,0.8059701492537313,1.373134328358209,67
Zacatecas,Benito Juárez,2014,0.496737957000732,911503,459325,452178,23005,23,280.139597278813,163,0.7852760736196319,163,0.2822085889570552,163,0.901840490797546,3.282208588957056,163,0.8650306748466258,2.441717791411043,163
Zacatecas,Benito Juárez,2015,0.516081690788269,434153,202121,232032,9014,09,58,68,0.2058823529411765,68,0.014705882352941176,68,0.6617647058823529,0.9705882352941176,68,0.6617647058823529,0.9558823529411764,68
Zacatecas,Benito Juárez,2015,0.516081690788269,911503,459325,452178,23005,23,355,155,0.7354838709677419,155,0.27741935483870966,155,0.8387096774193549,3.012903225806452,155,0.7870967741935484,2.064516129032259,155
Zacatecas,Benito Juárez,2016,0.482327848672867,434153,202121,232032,9014,09,59,224,0.6696428571428571,224,0.2825112107623318,223,0.7901785714285714,1.870535714285714,224,0.6517857142857143,1.294642857142858,224
Zacatecas,Benito Juárez,2016,0.482327848672867,911503,459325,452178,23005,23,128,987,0.6968463886063072,983,0.3357972544878564,947,0.8226950354609929,2.4726166328600403,986,0.7436676798378926,1.7525354969574023,986
Zacatecas,Benito Juárez,2017,0.463726550340652,434153,202121,232032,9014,09,72,265,0.8452830188679246,265,0.4204545454545455,264,0.8226415094339623,2.064150943396226,265,0.7811320754716982,1.6226415094339626,265
Zacatecas,Benito Juárez,2017,0.463726550340652,911503,459325,452178,23005,23,287,1024,0.8388671875,1024,0.4877089478859391,1017,0.837890625,2.793743890518084,1023,0.7734375,2.00293542074364,1022
Zacatecas,Benito Juárez,2018,0.480254143476486,434153,202121,232032,9014,09,49,405,0.7400990099009901,404,0.24875621890547264,402,0.854320987654321,2.3777777777777778,405,0.782716049382716,1.5990099009900995,404
Zacatecas,Benito Juárez,2018,0.480254143476486,911503,459325,452178,23005,23,591,1018,0.9163385826771654,1016,0.44144144144144143,999,0.8860510805500982,3.236971484759096,1017,0.7799607072691552,2.163951120162932,982
Zacatecas,Benito Juárez,2019,0.487837851047516,434153,202121,232032,9014,09,39,634,0.5499207606973059,631,0.266025641025641,624,0.8186119873817035,2.1451104100946368,634,0.7854889589905363,1.568720379146919,633
Zacatecas,Benito Juárez,2019,0.487837851047516,911503,459325,452178,23005,23,777,1009,0.9055666003976144,1006,0.3522954091816367,1002,0.8414271555996036,2.842418235877106,1009,0.7383548067393458,1.774801587301588,1008
Zacatecas,Benito Juárez,2020,0.497288852930069,434153,202121,232032,9014,09,67,762,0.40813648293963256,762,0.3386034255599473,759,0.7454068241469817,1.7003942181340346,761,0.6666666666666666,1.3298291721419189,761
Zacatecas,Benito Juárez,2020,0.497288852930069,911503,459325,452178,23005,23,644,750,0.8462566844919787,748,0.4059139784946236,744,0.8093333333333333,2.5700934579439245,749,0.7386666666666667,1.8857526881720437,744
Zacatecas,Cuauhtémoc,2013,0.34673011302948,545884,260951,284933,9015,09,132.799739886496,23,0.782608695652174,23,0.13043478260869565,23,0.782608695652174,1.9565217391304344,23,0.5217391304347826,1.2173913043478262,23
Zacatecas,Cuauhtémoc,2014,0.345823645591736,545884,260951,284933,9015,09,135.70776338766,53,0.6226415094339622,53,0.24528301886792453,53,0.8490566037735849,2.377358490566037,53,0.5849056603773585,0.9811320754716982,53
Zacatecas,Cuauhtémoc,2015,0.394191920757294,545884,260951,284933,9015,09,169,65,0.676923076923077,65,0.14285714285714285,63,0.953846153846154,2.5846153846153848,65,0.9230769230769232,1.7846153846153847,65
Zacatecas,Cuauhtémoc,2016,0.351440608501434,545884,260951,284933,9015,09,163,307,0.7296416938110749,307,0.5049180327868853,305,0.9413680781758956,3.654723127035831,307,0.8045602605863192,1.856677524429967,307
Zacatecas,Cuauhtémoc,2017,0.353685528039932,545884,260951,284933,9015,09,184,315,0.8380952380952381,315,0.4507936507936508,315,0.9650793650793652,3.59047619047619,315,0.780952380952381,1.7619047619047616,315
Zacatecas,Cuauhtémoc,2018,0.379683405160904,545884,260951,284933,9015,09,175,494,0.8073022312373225,493,0.25416666666666665,480,0.8461538461538461,3.3468559837728167,493,0.8502024291497976,2.2657200811359024,493
Zacatecas,Cuauhtémoc,2019,0.331770688295364,545884,260951,284933,9015,09,170,677,0.8106508875739645,676,0.2414814814814815,675,0.9098966026587888,3.748520710059173,676,0.8641063515509602,2.053412462908012,674
Zacatecas,Cuauhtémoc,2020,0.320840656757355,545884,260951,284933,9015,09,147,747,0.6604026845637584,745,0.32472826086956524,736,0.8647925033467202,3.1204819277108435,747,0.7871485943775101,1.8042895442359248,746
Zacatecas,Fresnillo,2016,0.338234484195709,240532,117767,122765,32010,32,144,520,0.8884615384615384,520,0.32879377431906615,514,0.7961538461538461,2.3480769230769227,520,0.6865384615384615,1.7341040462427726,519
Zacatecas,Fresnillo,2017,0.336420297622681,240532,117767,122765,32010,32,180,1095,0.9095063985374772,1094,0.4309240622140897,1093,0.8228310502283105,2.37716894977169,1095,0.7470319634703196,1.9725526075022863,1093
Zacatecas,Fresnillo,2018,0.354694366455078,240532,117767,122765,32010,32,181,1092,0.9275229357798164,1090,0.35195530726256985,1074,0.8663003663003663,2.56186984417965,1091,0.8763736263736264,2.6284403669724767,1090
Zacatecas,Fresnillo,2019,0.319790601730347,240532,117767,122765,32010,32,129,1113,0.8622862286228623,1111,0.1967063129002745,1093,0.816711590296496,2.307830783078308,1111,0.87151841868823,2.433843384338434,1111
Zacatecas,Fresnillo,2020,0.337349444627762,240532,117767,122765,32010,32,264,829,0.9250302297460702,827,0.3905683192261185,827,0.8516284680337757,2.61037394451146,829,0.8178528347406514,2.2808716707021786,826
Zacatecas,Guadalupe,2013,0.310077548027039,643143,318993,324150,19026,19,96.9341167054715,93,0.4301075268817205,93,0.1720430107526882,93,0.6129032258064516,1.580645161290322,93,0.6666666666666666,1.3440860215053765,93
Zacatecas,Guadalupe,2014,0.307303488254547,643143,318993,324150,19026,19,67.85388169383,161,0.6086956521739131,161,0.09316770186335405,161,0.7577639751552795,2.2111801242236027,161,0.7701863354037267,1.8633540372670807,161
Zacatecas,Guadalupe,2014,0.307303488254547,211740,102455,109285,32017,32,6.785388169383,52,0.7115384615384616,52,0.28846153846153844,52,0.8269230769230769,2.076923076923077,52,0.7115384615384616,1.7115384615384617,52
Zacatecas,Guadalupe,2015,0.356249630451202,643143,318993,324150,19026,19,65,159,0.4840764331210191,157,0.13924050632911392,158,0.7547169811320755,2.056603773584906,159,0.6289308176100629,1.4025157232704402,159
Zacatecas,Guadalupe,2015,0.356249630451202,211740,102455,109285,32017,32,38,64,0.703125,64,0.3333333333333333,63,0.796875,2.484375,64,0.703125,1.9206349206349205,63
Zacatecas,Guadalupe,2016,0.321876972913742,643143,318993,324150,19026,19,103,144,0.6805555555555556,144,0.19858156028368795,141,0.75,2.2569444444444446,144,0.7152777777777778,1.6180555555555556,144
Zacatecas,Guadalupe,2016,0.321876972913742,211740,102455,109285,32017,32,88,636,0.8377952755905512,635,0.35873015873015873,630,0.8066037735849056,2.6069182389937104,636,0.7735849056603774,1.9874213836477983,636
Zacatecas,Guadalupe,2017,0.315393954515457,643143,318993,324150,19026,19,91,155,0.7612903225806451,155,0.23225806451612904,155,0.8129032258064516,2.490322580645161,155,0.7677419354838709,1.7857142857142854,154
Zacatecas,Guadalupe,2017,0.315393954515457,211740,102455,109285,32017,32,120,651,0.8433179723502304,651,0.4489164086687306,646,0.8033794162826421,2.528417818740398,651,0.7772657450076805,2.141321044546852,651
Zacatecas,Guadalupe,2018,0.320483654737473,643143,318993,324150,19026,19,94,803,0.6077694235588973,798,0.19948186528497408,772,0.8231631382316313,2.4757160647571608,803,0.6874221668742216,1.5987500000000003,800
Zacatecas,Guadalupe,2018,0.320483654737473,211740,102455,109285,32017,32,80,644,0.8411214953271028,642,0.278816199376947,642,0.8245341614906833,2.68895800933126,643,0.7608695652173914,1.931142410015648,639
Zacatecas,Guadalupe,2019,0.29179859161377,643143,318993,324150,19026,19,124,1050,0.5514285714285714,1050,0.1361457334611697,1043,0.7123809523809523,1.7971428571428558,1050,0.42857142857142855,0.9157894736842096,1045
Zacatecas,Guadalupe,2019,0.29179859161377,211740,102455,109285,32017,32,87,638,0.8034591194968553,636,0.250788643533123,634,0.8119122257053292,2.6347962382445145,638,0.7852664576802508,2.0283018867924527,636
Zacatecas,Guadalupe,2020,0.308525741100311,643143,318993,324150,19026,19,113,799,0.4893350062735257,797,0.19546027742749053,793,0.6733416770963705,1.7246558197747188,799,0.5544430538172715,1.315258511979824,793
Zacatecas,Guadalupe,2020,0.308525741100311,211740,102455,109285,32017,32,110,434,0.812933025404157,433,0.3148148148148148,432,0.7857142857142857,2.382488479262672,434,0.7258064516129032,1.791666666666668,432
Zacatecas,Pánuco,2020,0.315989315509796,96185,47219,48966,30123,30,35,15,0.4,15,0.2,15,0.6666666666666666,1.5333333333333334,15,0.26666666666666666,0.6666666666666667,15
Zacatecas,Zacatecas,2013,0.300345242023468,149607,71972,77635,32056,32,60.0991523573923,52,0.9019607843137256,51,0.2352941176470588,51,0.8076923076923077,2.3461538461538463,52,0.8461538461538461,1.826923076923077,52
Zacatecas,Zacatecas,2014,0.308021634817123,149607,71972,77635,32056,32,13.570776338766,91,0.6813186813186813,91,0.3333333333333333,90,0.7692307692307693,2.2527472527472527,91,0.7802197802197802,1.89010989010989,91
Zacatecas,Zacatecas,2015,0.346709489822388,149607,71972,77635,32056,32,26,88,0.625,88,0.22093023255813957,86,0.7386363636363636,2.2727272727272725,88,0.6477272727272727,1.863636363636364,88
Zacatecas,Zacatecas,2016,0.320155292749405,149607,71972,77635,32056,32,70,434,0.7741935483870968,434,0.31529411764705884,425,0.847926267281106,2.6304849884526558,433,0.7050691244239631,1.7228637413394925,433
Zacatecas,Zacatecas,2017,0.303383618593216,149607,71972,77635,32056,32,96,426,0.908235294117647,425,0.4316037735849057,424,0.8309859154929577,2.8,425,0.7206572769953051,2.007042253521126,426
Zacatecas,Zacatecas,2018,0.322803378105164,149607,71972,77635,32056,32,84,440,0.8204545454545454,440,0.3080459770114943,435,0.7886363636363637,2.377272727272728,440,0.6068181818181818,1.4000000000000004,435
Zacatecas,Zacatecas,2019,0.302342683076859,149607,71972,77635,32056,32,54,468,0.7725321888412017,466,0.2554112554112554,462,0.7371794871794872,2.209401709401709,468,0.7713675213675214,1.9423076923076923,468
Zacatecas,Zacatecas,2020,0.307590156793594,149607,71972,77635,32056,32,95,377,0.7898936170212766,376,0.3333333333333333,375,0.753315649867374,2.2572944297082227,377,0.8169761273209549,2.0981432360742702,377
